Date,Open,High,Low,Close,Volume,SMA_5_Open,SMA_10_Open,Daily_Return,Return_1d,Return_2d,Return_3d,Return_5d,EMA_9,EMA_21,EMA_Spread,RSI_14,MACD,MACD_Signal,MACD_Hist,Daily_Volatility,Rolling_Volatility_10,ATR_14,Intraday_Sentiment,Overnight_Gap,Next_Day_Open,Target_Gap,Target_Direction
2021-01-20,932.8757934570312,949.7666625976562,923.645751953125,948.2437133789062,30924537,911.0699096679688,900.5984680175782,1.899421576105254,1.8994215761052535,3.5661191879058807,6.051767186437362,5.977927212599465,915.3655698220805,910.8819905296307,4.483579292449804,58.788891823141405,1.7571534807991611,-3.1703498435128776,4.927503324312038,26.12091064453125,22.025073242187467,20.882864815848198,15.367919921875,2.3074951171875,960.8426513671876,12.598937988281364,1
2021-01-21,960.8426513671876,978.379638671875,957.6121826171876,968.8727416992188,39087742,923.7150024414062,908.0516906738281,2.175498558994337,2.1754985589943265,4.116242024116978,5.819198618445132,7.079462633347533,926.0670041975081,916.1538769995932,9.913127197914946,63.103024378284694,6.104399664072275,-1.3153999419958473,7.419799606068123,20.767456054687386,22.262744140624953,22.540967668805788,8.030090332031136,12.598937988281364,974.2261352539062,5.3533935546875,1
2021-01-22,974.2261352539062,976.2337036132812,939.2213745117188,945.8900756835938,30532660,937.5969116210938,916.9586364746094,-2.372103685703632,-2.3721036857036304,-0.24821020820963158,1.6464968096467913,5.78853587429391,930.0316184947253,918.8571677890478,11.174450705677486,56.2044481408192,7.607420898563191,0.46916422611596054,7.1382566724472305,37.0123291015625,24.750231933593703,24.166111537388378,-28.3360595703125,5.3533935546875,939.1290893554688,-6.760986328125,0
2021-01-25,939.1290893554688,939.1290893554688,891.61767578125,895.7711791992188,54207104,945.5208618164063,921.3959594726563,-5.2985962928254775,-5.298596292825475,-7.545011780576438,-5.533654844144498,-2.1648723834281403,923.179530635624,916.7584415536088,6.4210890820152144,47.748062419593495,4.700218774142286,1.3153751357212258,3.38484363842106,47.51141357421875,27.36463012695308,26.89390345982142,-43.35791015625,-6.760986328125,888.38720703125,-7.38397216796875,0
2021-01-27,888.38720703125,888.38720703125,871.3117065429688,874.5421752929688,42370131,939.0921752929687,922.4112609863281,-2.369913701089136,-2.3699137010891325,-7.542937834405539,-9.736115213728901,-6.020635255555873,913.4520595670931,912.9205991662778,0.5314604008152628,48.254591515883135,0.6754507721841492,1.1873902630138107,-0.5119394908296615,17.07550048828125,26.29856567382809,26.631835937499982,-13.84503173828125,-7.38397216796875,867.6889038085938,-6.853271484375,0
2021-01-28,867.6889038085938,887.6026611328125,863.0046997070312,866.0275268554688,34067814,926.0547973632813,918.562353515625,-0.9736120999136058,-0.9736120999136011,-3.3204520344514266,-8.443110978874413,-8.670364523744013,903.9671530247683,908.6575925925679,-4.690439567799558,46.94777446447608,-3.164786150543023,0.31695498030244396,-3.481741130845467,24.59796142578125,26.150891113281226,27.075208391462038,-1.661376953125,-6.853271484375,874.2191162109375,8.19158935546875,1
2021-01-29,874.2191162109375,882.8953247070312,844.544677734375,850.0596313476562,43712383,908.7300903320313,916.2225463867187,-1.8438092338463719,-1.8438092338463719,-2.799469783959929,-5.103038467081145,-12.263025394148963,893.185648689346,903.3305052066668,-10.144856517320818,42.07480617706856,-7.411245077513286,-1.228685031260702,-6.182560046252584,38.35064697265625,28.70067749023435,28.916264125279003,-24.15948486328125,8.19158935546875,858.11279296875,8.05316162109375,1
2021-02-01,858.11279296875,879.1571655273438,852.8516845703125,874.6806640625,34180952,885.507421875,911.5521667480468,2.8963888893077283,2.8963888893077216,0.9991757696721892,0.01583557356565901,-7.528296728309658,889.4846517639768,900.7259741935608,-11.241322429583988,49.836342313811,-8.689713193157559,-2.7208906636400734,-5.968822529517485,26.30548095703125,28.850665283203103,29.468414306640607,16.56787109375,8.05316162109375,883.4260864257812,8.74542236328125,1
2021-02-02,883.4260864257812,895.3096923828125,856.0591430664062,888.7564086914062,41470034,874.3668212890625,909.9438415527344,1.6092438311749935,1.6092438311750001,4.552242680010754,2.624498775283235,-0.7830984821462383,889.3390031494628,899.6378318751831,-10.298828725720341,47.241589326277584,-8.469482507744942,-3.8706090324610476,-4.598873475283895,39.25054931640625,29.376776123046852,30.2035173688616,5.330322265625,8.74542236328125,889.91015625,1.15374755859375,1
2021-02-03,889.91015625,900.84765625,876.8496704101562,890.9946899414062,30301696,874.6714111328125,906.8817932128907,0.2518441755368737,0.251844175536875,1.8651407935708741,4.815551413593533,1.8812717228789966,889.6701405078516,898.8520916993853,-9.181951191533699,49.263184845361266,-8.021866429342026,-4.700860511837243,-3.321005917504783,23.99798583984375,30.099023437499987,30.055180140904017,1.08453369140625,1.15374755859375,887.9256591796875,-3.06903076171875,0
2021-02-04,887.9256591796875,895.3096923828125,879.1571655273438,888.0641479492188,25626981,878.7187622070312,902.3867797851562,-0.328906785334514,-0.3289067853345151,-0.07789094237945493,1.5300994336102658,2.544563586074977,889.3489419961251,897.8713695402791,-8.522427544154084,46.6238815996821,-7.813528219948921,-5.323394053459579,-2.4901341664893417,16.15252685546875,29.10218505859374,30.28263201032366,0.13848876953125,-3.06903076171875,890.7177734375,2.65362548828125,1
2021-02-05,890.7177734375,897.4556884765625,886.0797119140625,887.810302734375,20248046,882.0184936523438,895.3742919921875,-0.028584107964491925,-0.028584107964491068,-0.3573968782283887,-0.10645278591288054,4.440943904943473,889.0412141437752,896.9567271033787,-7.915512959603575,48.669895246253965,-7.581506982207429,-5.7750166392091495,-1.8064903429982797,11.3759765625,28.163037109375,29.323372977120535,-2.907470703125,2.65362548828125,892.1022338867188,4.29193115234375,1
2021-02-08,892.1022338867188,908.6931762695312,890.2562866210938,900.5938720703125,21183400,888.8163818359375,887.1619018554687,1.4398987369897904,1.4398987369897975,1.410903046815748,1.0773557056257488,2.962590699954104,891.3517457290827,897.2873766458273,-5.9356309167445716,46.725114584675694,-6.293553108378319,-5.878723933042983,-0.4148291753353357,18.4368896484375,26.3054931640625,28.387189592633927,8.49163818359375,4.29193115234375,905.4396362304688,4.84576416015625,1
2021-02-09,905.4396362304688,918.2000732421876,900.9861450195312,902.7628784179688,19604141,893.219091796875,883.7929565429688,0.24084178395196854,0.24084178395196165,1.6842083987470335,1.6551428748354802,1.575962726073099,893.63397226686,897.7851495342038,-4.151177267343769,43.56920145290745,-5.039724887663624,-5.710924123967112,0.6711992363034875,17.213928222656364,23.27574462890626,28.09380667550224,-2.6767578125,4.84576416015625,901.6553344726562,-1.1075439453125,0
2021-02-10,901.6553344726562,915.9617919921876,889.4486083984375,911.1390991210938,21234156,895.5681274414062,885.1197692871094,0.9278428370696593,0.927842837069659,1.1709192542626923,2.627678042805792,2.2608899252825276,897.1349976377068,898.9991449511938,-1.864147313487024,41.03278132292395,-3.331759531724174,-5.235091205518524,1.9033316737943498,26.513183593750114,24.219512939453146,28.121826171875018,9.4837646484375,-1.1075439453125,913.7696533203124,2.6305541992186363,1
2021-02-11,913.7696533203124,952.6279907226562,910.1930541992188,948.7052001953124,42539278,900.7369262695313,889.7278442382812,4.122982002468754,4.122982002468745,5.089079632721982,5.342178046848134,6.828454046493193,907.4490381492279,903.5178772461137,3.9311609031142325,45.4948434794538,1.0410847448807772,-3.9798560154386635,5.020940760319441,42.4349365234375,26.003210449218773,29.000326974051355,34.935546875,2.6305541992186363,948.6129150390624,-0.09228515625,0
2021-02-12,948.6129150390624,958.9966430664062,930.1067504882812,942.1980590820312,30497029,912.3159545898437,897.1672241210938,-0.685897063907892,-0.6858970639078921,3.4088055260604877,4.368276721033326,6.126056003196512,914.3988423357886,907.0342574130152,7.364584922773361,49.109718830387465,3.9361499469176806,-2.3966548229673945,6.332804769885075,28.889892578125,25.05713500976565,28.420152936662962,-6.414855957031136,-0.09228515625,945.1747436523438,2.9766845703125,1
2021-02-15,945.1747436523438,951.2896118164062,934.5371704101562,938.0445556640624,15791099,922.9304565429687,905.8734191894531,-0.440831243275491,-0.44083124327548573,-1.1237046586289656,2.9529472030036086,4.158443084634489,919.1279850014434,909.8533754358376,9.274609565605829,63.096928634373384,5.828173408653697,-0.7516891766431761,6.5798625852968735,16.75244140625,24.101831054687523,25.740155901227695,-7.130187988281364,2.9766845703125,941.3442993164062,3.2997436523438637,1
2021-02-16,941.3442993164062,959.6427612304688,939.1521606445312,950.4589233398438,21421660,930.1113891601562,911.6652404785157,1.3234304917417232,1.3234304917417283,0.8767651533756027,0.18485438302333623,5.283341402501973,925.3941726691236,913.5447888816564,11.849383787467218,74.87900044906883,8.234429970661267,1.0455346528177127,7.188895317843555,20.4906005859375,22.22583618164065,25.535779680524577,9.1146240234375,3.2997436523438637,950.6896362304688,0.230712890625,1
2021-02-17,950.6896362304688,967.2805786132812,946.3515625,961.4195556640624,23742994,939.9182495117187,917.7431884765625,1.1531936893920431,1.1531936893920403,2.4918858980480296,2.04006964318717,5.518417175980073,932.5992492681114,917.8970404073295,14.702208860781866,80.76806500074781,10.900186494158561,3.0164650210858825,7.883721473072678,20.92901611328125,21.918939208984398,25.27371215820315,10.729919433593636,0.230712890625,962.2271728515624,0.8076171875,1
2021-02-18,962.2271728515624,973.0262451171876,950.2742919921876,954.2432250976562,18646877,949.6097534179687,925.17333984375,-0.7464306840991362,-0.7464306840991308,0.39815521374819696,1.7268550129931226,0.5837456041353661,936.9280444340204,921.201239015541,15.726805418479444,85.62408290934634,12.292052711041038,4.871582559076915,7.420470151964123,22.751953125,22.578881835937523,24.159519740513417,-7.983947753906136,0.8076171875,949.30517578125,-4.93804931640625,0
2021-02-19,949.30517578125,971.43408203125,947.5975952148438,960.05810546875,23403483,949.7482055664062,931.032080078125,0.6093708834556998,0.6093708834556955,-0.14160833189751365,1.009952339147424,1.8955724026983756,941.5540566409665,924.7336814203782,16.82037522058829,83.50231784156195,13.706330913859233,6.638532230033379,7.067798683825854,23.83648681640625,23.824932861328147,23.783730643136185,10.7529296875,-4.93804931640625,959.919677734375,-0.138427734375,0
2021-02-22,959.919677734375,964.488525390625,920.6691284179688,926.73779296875,23804335,952.6971923828125,937.8138244628906,-3.470655818663319,-3.470655818663315,-2.8824341012315124,-3.607349412750127,-1.2053545460117387,938.5908039065232,924.915873379321,13.67493052720215,62.94836381087293,12.000155506792339,7.710856885385171,4.289298621407168,43.81939697265625,26.363183593750023,24.1100769042969,-33.181884765625,-0.138427734375,945.1516723632812,18.41387939453125,1
2021-02-23,945.1516723632812,947.4130249023438,929.2760620117188,933.8218383789062,25644108,953.4586669921875,941.7850280761719,0.7644066599963435,0.7644066599963528,-2.732779082890391,-2.1400609594749875,-1.7504265100143357,937.6370108009999,925.7255065611015,11.911504239898363,64.13338713562331,11.091763519652204,8.387038212238577,2.704725307413627,18.136962890625,26.455487060546886,23.872737339564758,-11.329833984375,18.41387939453125,936.8446655273438,3.0228271484375,1
2021-02-24,936.8446655273438,953.112548828125,935.06787109375,951.1511840820312,10807663,950.6896728515625,945.3039611816406,1.8557443176964414,1.8557443176964394,2.634336410849758,-0.9277481577398827,-1.0680427209470156,940.3398454572061,928.036931790277,12.302913666929157,69.01250145136648,11.636056480180287,9.03684186582692,2.5992146143533663,18.044677734375,25.608636474609376,24.0968933105469,14.3065185546875,3.0228271484375,958.0736694335938,6.9224853515625,1
2021-02-25,958.0736694335938,993.1476440429688,956.6891479492188,989.6171875,34855693,949.8589721679688,949.7343627929688,4.044152397822309,4.044152397822298,5.974945843840329,6.785025387798149,3.7070174010115364,950.1953138657649,933.6351368547972,16.560177010967664,74.93781491728494,14.998405294788995,10.229154551619336,4.769250743169659,36.45849609375,25.010992431640624,26.284070696149577,31.54351806640625,6.9224853515625,976.9951782226562,-12.62200927734375,0
2021-02-26,976.9951782226562,984.7944946289062,955.627685546875,962.5963745117188,37481215,955.39697265625,952.5725891113282,-2.7304308503919605,-2.7304308503919628,1.2032987627233371,3.081373228833928,0.2643870228801859,952.6755259949557,936.26797664179,16.407549353165678,64.19739251061509,15.306295719764307,11.244582785248332,4.061712934515976,29.16680908203125,25.03868408203125,27.220258440290202,-14.3988037109375,-12.62200927734375,973.85693359375,11.26055908203125,1
2021-03-01,973.85693359375,974.6876831054688,951.8433837890624,969.9342041015624,17680764,958.184423828125,955.4408081054687,0.762295577267864,0.7622955772678575,-1.9889492267369913,1.974767033240754,4.661125451076642,956.1272616162771,939.3285427744966,16.798718841780556,65.02528758347192,15.958443618638398,12.187354951926345,3.7710886667120533,22.844299316406364,25.647869873046886,27.59440830775672,-3.9227294921876137,11.26055908203125,979.3026733398438,9.368469238281364,1
2021-03-02,979.3026733398438,982.99462890625,964.1193237304688,971.9186401367188,17150760,965.0146240234375,959.2366455078125,0.20459491239351862,0.20459491239350758,0.9684501076298702,-1.7884236032714718,4.0796648988149276,959.2855373203655,942.2912788983349,16.99425842203061,63.995743511524886,16.44582568900921,13.039049099342918,3.4067765896662934,18.87530517578125,25.48634033203126,27.048845563616087,-7.384033203125,9.368469238281364,978.8642578125,6.94561767578125,1
2021-03-03,978.8642578125,1024.4835205078125,972.4724731445312,1016.268798828125,31924461,973.4185424804688,962.0541076660156,4.56315548029489,4.563155480294889,4.7770863766456895,5.575797472084987,6.846189736801889,970.6821896219175,949.0165079828612,21.665681639056288,65.08655788088153,20.17816531851156,14.466872343176647,5.7112929753349135,52.01104736328125,28.59454345703126,27.77241298130582,37.404541015625,6.94561767578125,1006.0696411132812,-10.19915771484375,0
2021-03-04,1006.0696411132812,1010.6615600585938,995.7781982421876,1004.1544189453124,21435754,983.0177368164062,966.4383544921875,-1.1920448504157453,-1.192044850415741,3.3167157699598215,3.528096514077239,1.468975239004977,977.3766354865965,954.029045343084,23.347590143512434,63.496523649047255,21.906023153612182,15.954702505263754,5.951320648348428,14.883361816406136,27.807684326171874,27.17246355329242,-1.9152221679688637,-10.19915771484375,994.99365234375,-9.160766601562386,0
2021-03-05,994.99365234375,1020.8145751953124,993.6322021484376,1005.4696655273438,25511666,986.617431640625,971.0072021484375,0.13098051028972207,0.13098051028972435,-1.0626256865539752,3.4520405314899083,4.4539219293624255,982.995241494746,958.7054653598349,24.289776134911108,64.87173100983904,23.115036590464456,17.386769322303895,5.728267268160561,27.182373046874773,28.14227294921873,27.917458670479903,10.47601318359375,-9.160766601562386,1000.7623901367188,-4.707275390625,0
2021-03-08,1000.7623901367188,1030.021484375,1000.5316772460938,1011.1923217773438,19506841,991.9985229492188,975.0914733886718,0.5691525509124743,0.5691525509124773,0.7008785401177109,-0.4995210968431807,4.2537027255367565,988.6346575512656,963.4769977614266,25.157659789839045,63.80322485347802,24.25535831061393,18.7604871199659,5.494871190648027,29.48980712890625,26.709313964843727,28.481144496372753,10.429931640625,-4.707275390625,1015.2996215820312,4.1072998046875,1
2021-03-09,1015.2996215820312,1021.6683349609376,990.6555786132812,1011.169189453125,15154484,999.1979125976562,982.1062683105469,-0.0022876285470691646,-0.0022876285470707636,0.566851902269172,0.6985748780730772,4.038460391178922,993.1415639316376,967.8126515515809,25.32891238005675,61.89843076380975,24.870513110387606,19.982492318050245,4.888020792337361,31.012756347656364,27.996893310546863,29.201411655970976,-4.13043212890625,4.1072998046875,1018.5301513671876,7.360961914062614,1
2021-03-10,1018.5301513671876,1022.268310546875,1001.5700073242188,1006.9695434570312,11519358,1007.1310913085938,990.2748168945312,-0.41532574764912117,-0.4153257476491201,-0.41760387508582575,0.14917187271890064,-0.915038952471714,995.9071598367165,971.3723689975309,24.534790839185575,62.7924986559623,24.73403285285349,20.932800425010893,3.8012324278425957,20.69830322265625,28.26225585937499,29.054722377232135,-11.560607910156364,7.360961914062614,1012.9921264648438,6.0225830078125,1
2021-03-12,1012.9921264648438,1018.2532348632812,980.1795043945312,986.5020751953124,16864952,1008.5155883789063,995.7666625976562,-2.032580666884116,-2.0325806668841206,-2.4394645836819273,-2.4416964063407876,-1.7579311923499485,994.0261429084358,972.7477968336929,21.2783460747429,55.98996473338966,22.712502044986422,21.288740749006,1.4237612959804231,38.07373046875,28.42377929687499,30.071668352399545,-26.490051269531364,6.0225830078125,987.6327514648438,1.1306762695313637,1
2021-03-15,987.6327514648438,991.7169799804688,960.150390625,973.2570190429688,16698099,1007.043408203125,996.830419921875,-1.3426283112198538,-1.3426283112198512,-3.3479189746219995,-3.74933995275909,-3.203741255334669,989.8723181353424,972.7940897618089,17.078228373533534,61.59153753992008,19.813264003365134,20.993645399877828,-1.1803813965126935,31.56658935546875,28.66375732421874,29.196467808314726,-14.375732421875,1.1306762695313637,975.6106567382812,2.3536376953125,1
2021-03-16,975.6106567382812,981.148681640625,967.0729370117188,969.4265747070312,13873801,1002.0130615234375,997.0057922363281,-0.39356965950310685,-0.3935696595031124,-1.730913793050104,-3.728312240816245,-4.130346539509122,985.7831694496803,972.4879520295564,13.29521742012389,59.01811714481925,17.01042651371972,20.19700162264621,-3.186575108926487,14.07574462890625,27.786901855468727,28.725075857979903,-6.18408203125,2.3536376953125,968.249755859375,-1.17681884765625,0
2021-03-17,968.249755859375,970.5341796875,939.1983032226562,948.543701171875,19210236,992.6030883789062,995.9005004882813,-2.1541470060759607,-2.154147006075957,-2.5392385965420594,-3.847774371475321,-6.193373862105112,978.3352757941193,970.3112019515853,8.024073842533994,49.35124033152912,12.954749947646405,18.74855128764625,-5.793801339999845,31.33587646484375,29.03295898437498,29.585444859095976,-19.7060546875,-1.17681884765625,956.6430053710938,8.09930419921875,1
2021-03-18,956.6430053710938,962.1348876953124,923.461181640625,927.1993408203124,20647480,980.2256591796875,993.6783752441406,-2.250224246409817,-2.2502242464098154,-4.355898114251744,-4.732324280378286,-7.921808872476865,968.108088799358,966.3919418487424,1.7161469506156664,33.02372582599324,7.926909077832988,16.5842228456836,-8.65731376785061,38.673706054687386,27.69922485351559,29.348105294363823,-29.443664550781364,8.09930419921875,918.84619140625,-8.353149414062386,0
2021-03-19,918.84619140625,967.2344360351562,915.0618896484376,960.8426513671876,41787429,961.3964721679688,984.9560302734375,3.628487323676298,3.6284873236762882,1.29661397573122,-0.885464001483327,-2.6010511759992583,966.655001312924,965.8874608958737,0.767540417050327,49.53960731354208,6.581179219720298,14.583614120490939,-8.002434900770641,52.172546386718636,31.42814331054684,30.646894182477656,41.996459960937614,-8.353149414062386,955.7661743164062,-5.076477050781364,0
2021-03-22,955.7661743164062,957.150634765625,938.3214721679688,951.7972412109376,18572478,955.0231567382813,981.0332824707032,-0.9414038961924975,-0.9414038961924942,2.6529247064458694,0.34300370505260247,-2.204944573955725,963.6834492925268,964.6065318336068,-0.9230825410800207,45.28097266106351,4.730262090846168,12.612943714561986,-7.882681623715818,18.82916259765625,30.59282226562499,30.623814174107117,-3.9689331054686363,-5.076477050781364,951.589599609375,-0.2076416015626137,0
2021-03-23,951.589599609375,973.626220703125,948.8436889648438,963.3809204101562,17421165,950.2189453125,976.1160034179687,1.217032230990829,1.2170322309908332,0.26417114595786995,3.9022438861780584,-0.6236319959252223,963.6229435160527,964.4951126132931,-0.8721690972404303,47.88426790796263,4.150261403593618,10.920407252368312,-6.770145848774694,24.78253173828125,30.122094726562487,31.045758928571406,11.79132080078125,-0.2076416015626137,959.8042602539062,-3.57666015625,0
2021-03-24,959.8042602539062,959.8042602539062,941.644287109375,944.82861328125,16822814,948.5298461914062,970.5664672851562,-1.9257499018153343,-1.9257499018153323,-0.7321546678178747,-1.6666660314413773,-0.39166228040260487,959.8640774690922,962.7072490376529,-2.843171568560706,29.701026948601495,2.1685923602368575,9.17004427394202,-7.0014519137051625,18.15997314453125,28.836816406249977,28.84374128069194,-14.97564697265625,-3.57666015625,947.920654296875,3.092041015625,1
2021-03-25,947.920654296875,947.920654296875,916.0771484375,919.0538330078124,22001648,946.7853759765625,963.505517578125,-2.7279847277196247,-2.7279847277196234,-4.601200466319366,-3.4401663280161365,-0.8785066440290534,951.7020285768363,958.7387566713037,-7.036728094467435,27.561454643614326,-1.4648184774279116,7.043071723668034,-8.507890201095947,31.843505859375,29.95133666992185,29.654663085937482,-28.866821289062614,3.092041015625,928.5376586914062,9.483825683593864,1
2021-03-26,928.5376586914062,929.3222045898438,910.8622436523438,920.5306396484376,20180202,948.7236694335937,955.0600708007812,0.16068771899813988,0.1606877189981315,-2.571680545155075,-4.447906311397077,-4.195485250513165,945.4677507911566,955.2652914874067,-9.797540696250053,27.623117827596346,-4.177006854950832,4.7990560079442615,-8.976062862895095,18.4599609375,27.989959716796854,29.031633649553573,-8.007019042968636,9.483825683593864,926.691650390625,6.161010742187386,1
2021-03-30,926.691650390625,945.5670166015624,919.0999755859376,936.5216064453124,20441701,942.9087646484375,948.9659606933594,1.7371466095883488,1.737146609588347,1.9006257098490797,-0.8792077969663303,-1.604925303858895,943.6785219219878,953.5613201199435,-9.882798197955708,31.337940144319518,-4.978706872291355,2.8435034318971386,-7.822210304188493,26.467041015624773,27.480004882812455,28.81572178431918,9.829956054687386,6.161010742187386,931.3067016601562,-5.214904785156136,0
2021-03-31,931.3067016601562,946.0285034179688,922.5381469726562,924.4302978515624,16250796,938.8521850585937,944.5355651855468,-1.2910869872660076,-1.2910869872660102,0.4236315484962061,0.584999991366586,-4.043117497283499,939.8288771079027,950.9130453682724,-11.084168260369665,29.5550966938886,-6.514630854925258,0.9718765745326592,-7.486507429457918,23.4903564453125,28.421466064453078,28.278407505580333,-6.876403808593864,-5.214904785156136,931.3067016601562,6.876403808593864,1
2021-04-01,931.3067016601562,936.8446655273438,924.453369140625,933.0834350585938,11723312,933.1526733398438,940.841259765625,0.9360508009248324,0.9360508009248258,-0.3671214164261194,1.3636477559237248,-1.2431014532748974,938.479788698041,949.2921717037561,-10.812383005715105,32.94268484790912,-6.95347054155684,-0.6131928486852406,-6.340277692871599,12.39129638671875,26.52700805664058,27.686697823660698,1.7767333984375,6.876403808593864,934.5140991210938,1.4306640625,1
2021-04-05,934.5140991210938,934.5371704101562,905.5088500976562,919.5845947265624,14875099,930.4713623046875,938.628369140625,-1.4466916703096002,-1.4466916703095967,-0.5241826383516113,-1.8085019717843598,0.05775088462587341,934.7007499037454,946.5914828876477,-11.89073298390224,34.03786973795265,-8.294879547124765,-2.1495301883731455,-6.14534935875162,29.0283203125,25.56246948242184,27.04059709821427,-14.929504394531364,1.4306640625,924.845703125,5.261108398437614,1
2021-04-06,924.845703125,925.2841186523438,908.6931762695312,915.754150390625,14009194,929.7329711914062,939.2283203125,-0.416540724790672,-0.4165407247906705,-1.8572063351312784,-0.9385399289812635,-0.5188843317194491,930.9114300011213,943.7880890242819,-12.876659023160641,35.63854625162472,-9.55687498800512,-3.6309991482995407,-5.925875839705579,16.5909423828125,22.004309082031227,25.970908028738823,-9.091552734375,5.261108398437614,922.9996948242188,7.24554443359375,1
2021-04-07,922.9996948242188,944.64404296875,919.9076538085938,924.31494140625,24266353,928.994580078125,935.9516723632812,0.93483507685696,0.9348350768569658,0.5144003832615596,-0.9397330745447352,-1.303404529596952,929.5921322821471,942.0178028771882,-12.425670595041083,38.99334875204255,-9.753795494707447,-4.855558417581122,-4.898237077126325,24.73638916015625,22.59503173828123,27.02906145368302,1.31524658203125,7.24554443359375,928.076171875,3.76123046875,1
2021-04-08,928.076171875,933.1526489257812,919.7691650390624,925.4686889648438,15369188,928.3484741210938,933.6003295898438,0.12482190938495939,0.12482190938496451,1.0608238652344504,0.6398643770267887,0.11232768070179588,928.7674436186865,940.5133379760658,-11.74589435737937,43.7702380801459,-9.704886736085427,-5.825424081281984,-3.8794626548034437,13.383483886718864,21.45512695312499,25.74674769810267,-2.60748291015625,3.76123046875,922.2843627929688,-3.184326171875,0
2021-04-09,922.2843627929688,925.93017578125,913.7696533203124,914.7157592773438,14037885,926.5440063476562,929.84833984375,-1.161890166108956,-1.1618901661089587,-1.0385185502142846,-0.11339190904440244,-1.9684923224573825,925.9571067504179,938.1681035489092,-12.210996798491351,46.42526067186437,-10.413754473078598,-6.743090159641307,-3.6706643134372907,12.160522460937614,20.855181884765624,23.852948869977688,-7.568603515625,-3.184326171875,904.0781860351562,-10.6375732421875,0
2021-04-12,904.0781860351562,905.185791015625,876.965087890625,881.9954223632812,20901482,920.4568237304687,925.4640930175781,-3.5771043170736085,-3.5771043170736094,-4.697432459891027,-4.57847397539457,-4.087625279809981,917.1647698729906,933.0614961683976,-15.896726295407007,27.301719753056034,-13.46062924052751,-8.086597975818549,-5.374031264708961,28.220703125,20.492901611328126,22.822814941406268,-22.082763671875,-10.6375732421875,887.9256591796875,5.93023681640625,1
2021-04-13,887.9256591796875,895.5866088867188,885.0874633789062,891.525390625,19411189,913.0728149414062,921.4028930664062,1.080500875637594,1.0805008756376022,-2.5352540849044702,-3.667687383115037,-2.6457712209428608,912.0368940233926,929.2854865735433,-17.248592550150647,32.6974092743133,-14.934158963485288,-9.456110173351897,-5.478048790133391,10.4991455078125,19.696820068359376,22.184958321707597,3.5997314453125,5.93023681640625,888.9871215820312,-2.53826904296875,0
2021-04-15,888.9871215820312,905.0011596679688,882.8491821289062,897.2941284179688,19723716,906.2703002929687,917.6324401855469,0.6470637688652481,0.6470637688652525,1.7345561741913595,-1.9045950266713074,-2.9233340042271627,909.0883409023079,926.3771812866728,-17.288840384364903,30.372795507865177,-15.45825976051185,-10.656540090783889,-4.801719669727962,22.1519775390625,19.265313720703148,21.997061593191972,8.3070068359375,-2.53826904296875,893.7406005859375,-3.55352783203125,0
2021-04-16,893.7406005859375,899.8785400390625,889.0563354492188,891.663818359375,15656948,899.4031860351563,913.875830078125,-0.627476529744001,-0.6274765297439977,0.01552706583913821,1.0961957115590781,-3.6527298015106457,905.6034363937214,923.2214210205548,-17.61798462683339,32.897850502008424,-16.141859081825032,-11.753603888992117,-4.388255192832915,10.82220458984375,17.998498535156273,21.217459542410722,-2.0767822265625,-3.55352783203125,878.6956787109375,-12.9681396484375,0
2021-04-19,878.6956787109375,884.4182739257812,872.2346801757812,877.6342163085938,18478808,890.68544921875,908.6147277832031,-1.5734183401761377,-1.573418340176136,-2.191022039120849,-1.5581355800385999,-4.053886969001786,900.009592376696,919.0771296831037,-19.067537306407758,35.58694962847322,-17.612660319590418,-12.925415175111777,-4.687245144478641,12.18359375,17.9777282714844,20.330718994140632,-1.06146240234375,-12.9681396484375,881.6954345703125,4.06121826171875,1
2021-04-20,881.6954345703125,885.6181640625,872.4423828125,877.3804321289062,17203668,886.2088989257812,903.332861328125,-0.028916851117648815,-0.028916851117644082,-1.6018802082549022,-2.2193053156574827,-0.5232442388430125,895.483760327138,915.2865208145404,-19.802760487402338,34.8558431480932,-18.584528285796637,-14.05723779724875,-4.527290488547887,13.17578125,16.3924743652344,19.953277587890632,-4.31500244140625,4.06121826171875,873.2730712890625,-4.10736083984375,0
2021-04-22,873.2730712890625,883.5183715820312,866.0967407226562,879.8032836914062,14490954,883.2783813476562,898.1755981445312,0.2761460677463605,0.2761460677463523,0.24714936388143816,-1.3301576697136386,-1.3148371383316482,892.3476649999917,912.0607719851645,-19.71310698517277,27.998547988988392,-18.940897897801165,-15.033969817359232,-3.906928080441933,17.421630859375,16.47554321289065,19.30717686244422,6.53021240234375,-4.10736083984375,879.6187133789062,-0.1845703125,0
2021-04-23,879.6187133789062,885.572021484375,874.7037353515625,878.8572387695312,11828857,881.4046997070312,893.8375,-0.10752914195837762,-0.10752914195837349,0.1683199882907882,0.13935446433270826,-2.054720861814152,889.6495797538997,909.0422689655613,-19.392689211661605,30.64862967868713,-19.07972214145491,-15.843120282178367,-3.2366018592765418,10.8682861328125,15.088732910156272,18.405600411551365,-0.761474609375,-0.1845703125,886.0797119140625,7.22247314453125,1
2021-04-26,886.0797119140625,905.4627075195312,882.1569213867188,894.3174438476562,20846778,879.8725219726563,889.6378540039062,1.7591258734775281,1.7591258734775295,1.649705158561443,1.9304068222325776,0.2976038091535127,890.5831525726511,907.7036485002972,-17.12049592764606,34.43864863649398,-17.73776213077531,-16.222048651897754,-1.5157134788775544,23.3057861328125,16.080963134765636,19.419250488281268,8.23773193359375,7.22247314453125,895.3096923828125,0.99224853515625,1
2021-04-27,895.3096923828125,921.7074584960938,894.5020751953125,917.7616577148438,19992524,883.1953247070312,886.9403869628907,2.6214644507349156,2.6214644507349227,4.426705183629331,4.3144160435699686,4.572228459258287,896.0188536010897,908.6180129743468,-12.599159373257066,49.32234310304396,-14.61403552182594,-15.900446025883394,1.2864105040574536,27.20538330078125,17.58544921875,19.302228655133945,22.45196533203125,0.99224853515625,922.0074462890624,4.245788574218636,1
2021-04-28,922.0074462890624,926.691650390625,913.8389282226562,921.7536010742188,17122437,891.2577270507812,888.7333129882812,0.43496514872005365,0.43496514872005676,3.067832056201758,4.880924957134769,5.057460517741874,901.1658030957155,909.8121573470625,-8.646354251346906,52.22753324380001,-11.681684030057113,-15.056693626718138,3.375009596661025,12.85272216796875,16.048651123046874,19.035212925502247,-0.2538452148436363,4.245788574218636,933.5679931640624,11.814392089843636,1
2021-04-29,933.5679931640624,943.5364379882812,926.36865234375,934.0987548828124,17412606,903.3167114257812,893.2975463867188,1.3393116982897055,1.3393116982897135,1.7801023861300447,4.448231588104057,6.171319452639201,907.752393453135,912.0200298503124,-4.267636397177398,53.53333714845214,-8.266334448868292,-13.69862179114817,5.432287342279878,17.16778564453125,16.71551513671875,18.527566092354927,0.53076171875,11.814392089843636,926.9224243164062,-7.176330566406136,0
2021-04-30,926.9224243164062,939.6136474609376,917.2540283203124,920.46142578125,19828769,912.7774536132813,897.0910766601562,-1.459945110757937,-1.459945110757932,-0.1401866281252162,0.2941687576193175,4.733895924890819,910.2941999187581,912.7874294803977,-2.493229561639623,48.34122985170893,-6.584165623288186,-12.275730557576175,5.691564934287989,22.359619140625227,16.736279296875022,19.168718610491094,-6.46099853515625,-7.176330566406136,907.3086547851562,-13.15277099609375,0
2021-05-03,907.3086547851562,913.3081665039062,896.7403564453125,904.1012573242188,23640186,917.0232421875,898.4478820800781,-1.7773877317178617,-1.777387731717861,-3.211383957187375,-1.915082699913273,1.0939978353177615,909.0556113998502,911.9977774661995,-2.942166066349273,46.60966175764543,-6.496278521490922,-11.119840150359126,4.623561628868204,16.56781005859375,17.310839843750024,19.994471958705372,-3.2073974609375,-13.15277099609375,899.9246826171875,-4.17657470703125,0
2021-05-04,899.9246826171875,908.139404296875,881.9262084960938,884.5105590820312,21849830,917.946240234375,900.5707824707031,-2.1668699256284856,-2.1668699256284896,-3.9057439771259417,-5.3086673696511095,-3.623064698039924,904.1466009362864,909.4989394312752,-5.352338494988771,50.87689308519742,-7.9161801844568345,-10.479108157178668,2.562927972721834,26.21319580078125,18.713800048828148,19.170366559709837,-15.41412353515625,-4.17657470703125,887.625732421875,3.11517333984375,1
2021-05-05,887.625732421875,894.617431640625,880.5647583007812,886.1258544921875,12393609,911.0698974609375,901.1638122558594,0.18262025179582334,0.18262025179582864,-1.9882068171469314,-3.730256404815646,-3.8652137122665353,900.5424516474666,907.3741135277218,-6.831661880255183,48.00749243154121,-8.80957039839825,-10.145200605422586,1.3356302070243355,14.05267333984375,18.801489257812523,19.203329903738855,-1.4998779296875,3.11517333984375,886.9334716796875,0.8076171875,1
2021-05-06,886.9334716796875,893.002197265625,879.8955688476562,891.1561889648438,14624666,901.7429931640625,902.5298522949219,0.567677203769095,0.5676772037690903,0.7513341491038217,-1.4318162102425647,-4.597219051357804,898.665199110942,905.8997567492783,-7.234557638336241,47.72260058933651,-9.007845788728446,-9.917729642083758,0.9098838533553124,13.10662841796875,18.369989013671898,18.557233537946445,4.22271728515625,0.8076171875,894.2713012695312,3.1151123046875,1
2021-05-07,894.2713012695312,902.5321655273438,888.8486938476562,891.5023193359375,12288548,895.2127685546875,903.9951110839844,0.038840595552145675,0.03884059555214758,0.606738288527997,0.7904665673140743,-3.1461510101559287,897.2326231559412,904.5908988026109,-7.358275646669767,49.93762712523504,-9.032924702675132,-9.740768654202034,0.7078439515269022,13.6834716796875,18.6515075683594,18.76160975864957,-2.76898193359375,3.1151123046875,894.8482055664062,3.34588623046875,1
2021-05-10,894.8482055664062,898.4478759765625,886.5181274414062,888.9409790039062,13941237,892.7206787109375,904.8719604492187,-0.2873060761007489,-0.2873060761007462,-0.2485770719396152,0.31768901645827796,-1.6768341153712063,895.5742943255343,903.1681788209105,-7.593884495376187,54.79077162034175,-9.153957556867454,-9.623406434735118,0.46944887786766465,11.92974853515625,17.513903808593774,18.225939069475462,-5.9072265625,3.34588623046875,883.772216796875,-5.16876220703125,0
2021-05-11,883.772216796875,894.6405029296875,881.4646606445312,892.1484375,13478264,889.490185546875,903.718212890625,0.3608179363817646,0.3608179363817632,0.07247520842612598,0.11134395378085138,0.8635146680324057,894.8891229604275,902.1663841553731,-7.277261194945595,56.10453509619622,-8.88859962747938,-9.476445073283971,0.5878454458045912,13.17584228515625,16.110949707031274,18.22594342912948,8.376220703125,-5.16876220703125,890.7408447265625,-1.4075927734375,0
2021-05-12,890.7408447265625,892.0330200195312,880.0802001953125,882.9183959960938,13177961,890.1132080078125,900.591552734375,-1.0345858509566968,-1.034585850956693,-0.6775008858924569,-0.9628604607823998,-0.3619642153350644,892.4949775675608,900.416567049984,-7.921589482423201,51.219060332550924,-9.315703140350365,-9.44429668669725,0.12859354634688458,11.95281982421875,16.020959472656273,17.84355817522323,-7.82244873046875,-1.4075927734375,889.7947387695312,6.8763427734375,1
2021-05-14,889.7947387695312,896.232666015625,879.6187133789062,894.0636596679688,13291616,890.6854614257812,896.2142272949219,1.2623209259674673,1.262320925967475,0.21467528131704494,0.5762678046187908,0.32625826304391037,892.8087139876425,899.8390300152553,-7.030316027612798,55.51094185133179,-8.655085677859233,-9.286454484929646,0.6313688070704124,16.61395263671875,15.965576171875023,18.253962925502247,4.2689208984375,6.8763427734375,894.0636596679688,0.0,0
2021-05-17,894.0636596679688,906.1318359375,890.8792724609375,904.7012329101562,11873078,890.6439331054687,892.9283508300781,1.1898004272020193,1.1898004272020257,2.467140452939298,1.4070299159332667,1.4805248722235875,895.1872177721452,900.2810484602462,-5.093830688100979,53.89948337947409,-7.19029309758082,-8.86722220745988,1.67692910987906,15.2525634765625,15.25487060546875,17.443041120256712,10.6375732421875,0.0,914.231201171875,9.52996826171875,1
2021-05-18,914.231201171875,924.1995849609376,910.3084106445312,917.4385986328124,12064918,894.5205322265625,893.62060546875,1.407908518228034,1.4079085182280293,2.6144602469945433,3.909784051760923,3.205794344281321,899.6374939442787,901.8408257486612,-2.2033318043825147,49.8680646250823,-4.944636766523104,-8.082705119272525,3.1380683527494213,13.891174316406364,14.987207031250012,16.879350934709844,3.2073974609373863,9.52996826171875,913.7696533203124,-3.6689453125,0
2021-05-19,913.7696533203124,930.5913696289062,910.0776977539062,921.6382446289062,16317002,900.52001953125,895.0051025390625,0.4577577183205798,0.45775771832057277,1.8721110464577029,3.0841858588881665,3.305482124874115,904.0376440812042,903.6405911014108,0.39705297979344323,49.95296524029541,-2.7938557807750612,-7.024935251573033,4.2310794707979715,20.513671875,14.417254638671887,17.42656162806922,7.868591308593864,-3.6689453125,922.030517578125,0.39227294921875,1
2021-05-20,922.030517578125,928.030029296875,914.231201171875,916.2617797851562,11422532,906.7779541015625,898.4455810546875,-0.5833595638074688,-0.5833595638074729,-0.12827221891578144,1.2778303438156113,3.7764966660871258,906.4824712219946,904.7879718908422,1.6944993311524286,42.29004970907226,-1.5058239329720209,-5.921112987852831,4.41528905488081,13.798828125,14.391870117187512,16.856275285993327,-5.76873779296875,0.39227294921875,919.3076782226562,3.0458984375,1
2021-05-21,919.3076782226562,927.4300537109376,916.5386962890624,924.176513671875,10785605,912.6805419921875,901.6830017089844,0.8638070539812963,0.8638070539813025,0.2754083891115755,0.7344268105902163,3.3680883545909257,910.0212797119707,906.5505665982089,3.4707131137618035,51.68939902351113,0.15185299781376216,-4.706519790719512,4.858372788533274,10.891357421875227,14.170343017578158,16.056893484933052,4.86883544921875,3.0458984375,926.691650390625,2.51513671875,1
2021-05-24,926.691650390625,927.5223999023438,914.6926879882812,916.3771362304688,8551760,919.2061401367188,904.9250366210938,-0.8439272504792723,-0.8439272504792705,0.012589900381909658,-0.5708431078135123,1.2905811217648777,911.2924510156703,907.4438911102326,3.848559905437696,56.053681095153294,0.8266996519889744,-3.599875902177815,4.4265755541667895,12.8297119140625,14.084967041015659,15.278939383370552,-10.31451416015625,2.51513671875,921.3382568359376,4.961120605468864,1
2021-05-25,921.3382568359376,921.6151733398438,904.5396728515624,905.993408203125,14780102,920.6275512695313,907.5740417480469,-1.1331282303765644,-1.1331282303765677,-1.9674927029368128,-1.1206809897100545,-1.2475156862533643,910.2326424531614,907.3120290277682,2.920613425393185,61.65205256942824,0.5176730039108861,-2.776366120960075,3.2940391248709613,17.075500488281364,14.59954223632817,14.62624686104913,-15.344848632812614,4.961120605468864,911.462158203125,5.46875,1
2021-05-26,911.462158203125,913.5389404296876,906.9856567382812,909.177734375,7480204,920.1660522460937,910.3430358886719,0.35147343711810647,0.3514734371180994,-0.7856374379967224,-1.622934480046767,-1.3519957886430234,910.0216608375291,907.4816386047892,2.5400222327399433,62.293830399613014,0.5236790226440462,-2.116357092239251,2.6400361148832974,6.553283691406364,13.937286376953182,14.161451067243336,-2.284423828125,5.46875,909.2931518554688,0.11541748046875,1
2021-05-27,909.2931518554688,919.7691650390624,905.5780639648438,911.9698486328124,26819294,917.6185791015625,912.1982666015625,0.30710323760092756,0.3071032376009253,0.659656061023739,-0.48094691840367965,-0.46841756875968255,910.4112983965858,907.8896576982459,2.5216406983399793,61.37164083472452,0.7451495020737866,-1.5440557733766438,2.2892052754504304,14.191101074218636,14.16111450195317,14.238913399832613,2.6766967773436363,0.11541748046875,918.3847045898438,6.414855957031364,1
2021-05-28,918.3847045898438,971.4571533203124,918.3847045898438,966.7498779296876,56469931,917.433984375,915.0572631835937,6.006780748179251,6.006780748179241,6.332331003933422,6.706060902480759,4.606626940633141,921.6790143032063,913.240586810195,8.438427493011204,75.77862771311636,5.280091394231476,-0.1792263398550198,5.459317734086496,53.072448730468636,17.80696411132816,17.510615757533508,48.365173339843864,6.414855957031364,970.0726318359376,3.32275390625,1
2021-05-31,970.0726318359376,1011.4691772460938,962.250244140625,996.9780883789062,59124142,926.1101806640625,922.6581604003907,3.1267870976051113,3.1267870976051215,9.32138709119985,9.657116610347183,8.795609248828562,936.7388291183463,920.8530869528051,15.88574216554116,81.11374511587277,11.18430377982861,2.0934796840817063,9.090824095746903,49.21893310546875,21.203601074218785,20.174128941127258,26.905456542968636,3.32275390625,999.608642578125,2.63055419921875,1
2021-06-01,999.608642578125,1016.22265625,990.609375,1000.947021484375,28013832,941.7642578125,931.1959045410156,0.39809632245000137,0.39809632245000337,3.5373310445015127,9.756591512861256,10.4806075211489,949.5804675915522,928.1343537284024,21.446113863149776,81.1962177802694,15.999264799409843,4.874636707147334,11.124628092262508,25.61328125,22.37581176757815,21.062517438616094,1.33837890625,2.63055419921875,995.4551391601562,-5.49188232421875,0
2021-06-02,995.4551391601562,1019.6838989257812,995.4551391601562,1015.8765258789062,24630162,958.5628540039063,939.364453125,1.4915379209971806,1.491537920997188,1.8955720010586097,5.081629599418647,11.735746209981123,962.839679249023,936.1109148329936,26.728764416029435,86.91695936170234,20.780299968167924,8.055769359351453,12.72453060881647,24.228759765625,22.74732055664065,21.931126185825917,20.42138671875,-5.49188232421875,1024.9910888671875,9.11456298828125,1
2021-06-03,1024.9910888671875,1038.3746337890625,1013.4998168945312,1019.7531127929688,23974257,981.70244140625,949.6605102539063,0.3816002058624784,0.3816002058624868,1.8788298386366975,2.2844057135794182,11.818731104075496,974.2223659578121,943.7147510111731,30.507614946639023,86.36666042319874,24.598556108138155,11.364326709108795,13.23422939902936,24.87481689453125,23.85491943359377,22.52118791852681,-5.23797607421875,9.11456298828125,1022.1298217773438,2.376708984375,1
2021-06-04,1022.1298217773438,1022.8912963867188,1008.031005859375,1010.9154052734376,14468646,1002.45146484375,959.942724609375,-0.8666516834967855,-0.8666516834967886,-0.48835862224264615,0.9958952447133296,4.568454400876809,981.5609738209373,949.8239013986516,31.737072422285678,81.05518381811677,26.604739593928457,14.412409286072728,12.192330307855729,14.86029052734375,24.251812744140626,22.493168422154042,-11.214416503906136,2.376708984375,1016.22265625,5.307250976562386,1
2021-06-07,1016.22265625,1034.6826171875,1008.3771362304688,1027.9447021484375,16336573,1011.6814697265625,968.8958251953125,1.6845422263986287,1.684542226398622,0.8032914293375493,1.1879569969480475,3.106047578225435,990.8377194864374,956.9257923759048,33.91192711053259,81.51901459110591,29.231810285428878,17.37628948594396,11.855520799484918,26.30548095703125,25.5993896484375,22.979391915457605,11.7220458984375,5.307250976562386,1027.5755615234375,-0.369140625,0
2021-06-08,1027.5755615234375,1027.829345703125,1014.4458618164062,1022.0375366210938,9674735,1017.274853515625,979.5195556640625,-0.5746579086401811,-0.574657908640186,1.1002039626300641,0.22401734296924047,2.107056086289383,997.0776829133687,962.8450418527402,34.23264106062845,78.36006527566333,30.485703630885382,19.998172314932248,10.487531315953134,13.38348388671875,25.230187988281237,22.478332519531268,-5.53802490234375,-0.369140625,1024.068115234375,2.03057861328125,1
2021-06-09,1024.068115234375,1024.9910888671875,995.8935546875,1003.7621459960938,11409161,1022.9974487304687,990.7801513671875,-1.7881330156834883,-1.7881330156834907,-2.352515276532041,-0.7076021633490748,-1.1925051494158234,998.4145755299138,966.5647785930452,31.849796936868643,73.03767044270572,29.66281735731559,21.931101323408917,7.731716033906672,29.0975341796875,27.48461303710935,23.57109723772323,-20.30596923828125,2.03057861328125,1012.2537231445312,8.4915771484375,1
2021-06-10,1012.2537231445312,1029.1446533203125,1004.93896484375,1007.4541625976562,14155653,1020.4499755859375,1001.0762084960937,0.36781787560823875,0.3678178756082451,-1.4268922129465844,-1.9933503726373036,-1.206071355999816,1000.2224929434624,970.281995320737,29.94049762272539,72.4245101862191,28.974587927637003,23.339798644254536,5.634789283382467,24.2056884765625,28.48607177734374,24.5863996233259,-4.799560546875,8.4915771484375,1007.4080200195312,-0.046142578125,0
2021-06-11,1007.4080200195312,1028.2216796875,1006.1157836914062,1021.3683471679688,13762778,1017.505615234375,1009.9785400390625,1.3811233390942237,1.3811233390942146,1.7540212332278537,-0.06547601522908231,1.0340075776868574,1004.4516637883637,974.9262091250307,29.525454663332994,77.37008089042979,29.215145543296785,24.514868024062988,4.700277519233797,22.10589599609375,25.38941650390625,25.248984200613847,13.9603271484375,-0.046142578125,1022.22216796875,0.85382080078125,1
2021-06-14,1022.22216796875,1042.1820068359375,1013.0151977539062,1036.02099609375,20332436,1018.705517578125,1015.1934936523437,1.4346096554107874,1.434609655410779,2.8355467232807907,3.2137942466084812,0.7856739694686699,1010.765530249441,980.4802806676415,30.285249581799462,83.15877353406923,30.23955275712899,25.659804970676188,4.579747786452803,29.16680908203125,23.3842041015625,26.11264910016741,13.798828125,0.85382080078125,1043.451171875,7.43017578125,1
2021-06-15,1043.451171875,1049.865966796875,1033.8980712890625,1038.3746337890625,15174215,1021.8806396484375,1019.5777465820313,0.2271805015715645,0.22718050157155556,1.6650493103931074,3.0691690341206,1.5984830872239675,1016.2873509573653,985.7434036786798,30.54394727868555,83.08711815535636,30.885295287738927,26.704903034088737,4.18039225365019,15.9678955078125,22.41966552734375,26.714246477399545,-5.0765380859375,7.43017578125,1036.02099609375,-2.3536376953125,0
2021-06-16,1036.02099609375,1037.01318359375,1017.9993896484376,1020.6530151367188,10797349,1024.2712158203126,1023.6343322753906,-1.706669064870835,-1.706669064870836,-1.4833657826410107,-0.07003663597304755,1.682756139788788,1017.1604837932362,988.9170047203197,28.243479072916443,75.85638584248471,29.625559368938752,27.28903430105874,2.336525067880011,19.013793945312386,21.898168945312488,27.15597098214285,-15.36798095703125,-2.3536376953125,1015.2996215820312,-5.3533935546875,0
2021-06-17,1015.2996215820312,1031.4521484375,1006.0234985351562,1022.5220947265624,15745975,1024.8803955078124,1022.665185546875,0.18312585786985294,0.18312585786985913,-1.5266685593670282,-1.302956351085971,1.4956444360758159,1018.2328059799015,991.9720129027054,26.260793077196126,67.73293369163477,28.45007393694391,27.521242228235778,0.928831708708131,25.42864990234375,21.95355224609374,24.72320992606026,7.222473144531136,-5.3533935546875,1027.06787109375,4.545776367187614,1
2021-06-18,1027.06787109375,1031.4521484375,1008.0771484375,1027.1370849609375,29369026,1028.8123657226563,1023.1589904785156,0.4513340355358513,0.45133403553585527,0.6352864027301397,-1.0822248986494198,0.564804833531829,1020.0136617761088,995.1688376352719,24.844824140836977,61.45485672465943,27.573039569468506,27.531601696482326,0.041437872986179514,23.375,22.805023193359364,22.877214704241062,0.0692138671875,4.545776367187614,1016.9149169921876,-10.222167968749886,0
2021-06-21,1016.9149169921876,1037.2208251953125,1015.368896484375,1032.490478515625,12186448,1027.7509155273438,1023.2282165527344,0.5211956254983328,0.5211956254983274,0.9748819942837716,1.1597931131688943,-0.3407766436622994,1022.5090251240122,998.5617140789403,23.947311045071842,61.856009361572625,26.99873304581513,27.425027966348885,-0.4262949205337563,21.8519287109375,22.35966796874999,22.6085466657366,15.575561523437386,-10.222167968749886,1040.2205810546875,7.7301025390625,1
2021-06-22,1040.2205810546875,1043.451171875,1024.2296142578125,1027.1832275390625,12871913,1027.1047973632812,1024.4927185058593,-0.5140242052587785,-0.5140242052587785,0.004492348567741722,0.4558466596016775,-1.0777811673964188,1023.4438656070223,1001.1636698480422,22.280195758980085,54.58113094501197,25.817729474499743,27.103568267979057,-1.2858387934793143,19.2215576171875,22.943475341796862,22.250889369419635,-13.037353515625,7.7301025390625,1038.3746337890625,11.19140625,1
2021-06-23,1038.3746337890625,1038.6514892578125,1016.0841674804688,1017.7686767578124,16653951,1027.5755249023437,1025.9233703613281,-0.9165405478636566,-0.9165405478636535,-1.4258535128554017,-0.9120893734920865,-0.28259735053248747,1022.3088278371804,1002.6732159307486,19.63561190643179,49.2304929836284,23.847204340925032,26.452295482568253,-2.6050911416432214,22.56732177734375,22.29045410156249,22.086068289620528,-20.605957031250114,11.19140625,1018.4609375,0.6922607421876137,1
2021-06-24,1018.4609375,1022.0375366210938,987.6096801757812,993.8399047851562,91461975,1028.2077880859374,1026.544091796875,-2.3511012393192576,-2.351101239319253,-3.2460929910032243,-3.743431492563043,-2.805043537868601,1016.6150432267756,1001.8701876447856,14.74485558199001,44.07240192115722,20.122734698956037,25.18638332584581,-5.063648626889773,34.4278564453125,23.31267089843749,23.483751569475437,-24.62103271484375,0.6922607421876137,993.8399047851562,0.0,0
2021-06-25,993.8399047851562,993.8399047851562,960.4273071289062,971.2033081054688,55355022,1021.5621948242188,1025.1872802734374,-2.2776904580603428,-2.277690458060344,-4.575240888792287,-5.449847498747729,-5.445599976326032,1007.5326962025142,999.0822895048476,8.450406697666608,31.040861010795865,15.16961561813389,23.18302978430343,-8.01341416616954,33.41259765625,24.443341064453115,23.991402762276778,-22.6365966796875,0.0,979.3026733398438,8.099365234375,1
2021-06-28,979.3026733398438,981.37939453125,960.3811645507812,962.6886596679688,20277042,1014.03974609375,1020.8953308105469,-0.8767112268294852,-0.8767112268294852,-3.1344329169315843,-5.411840465095241,-6.760529060568954,998.5638888956053,995.773777701495,2.7901111941102954,30.50924093782517,10.436862438793128,20.63379631520137,-10.196933876408242,20.99822998046875,23.626483154296864,24.527073451450885,-16.614013671875,8.099365234375,964.3038940429688,1.615234375,1
2021-06-29,964.3038940429688,973.3031616210938,961.8118286132812,963.5193481445312,27144063,998.8564086914063,1012.9806030273437,0.08628838287645399,0.0862883828764538,-0.7911793438931558,-3.050849185531501,-6.197908774957117,991.5549807453906,992.8415568326801,-1.286576087289518,35.073594017539975,6.676192077738733,17.84227546770884,-11.166083389970108,11.4913330078125,23.178826904296862,23.269487653459812,-0.7845458984375,1.615234375,967.4190063476562,3.899658203125,1
2021-06-30,967.4190063476562,979.6026000976562,965.0192260742188,974.0646362304688,19762858,984.665283203125,1006.1204040527343,1.0944552495229882,1.0944552495229853,1.1816880201355628,0.2946168017674555,-4.294103515404557,988.0569118424063,991.1345640506609,-3.0776522082545625,38.21468233397232,4.494935521628463,15.172807478492766,-10.677871956864303,14.5833740234375,22.735784912109374,22.605255126953118,6.6456298828125,3.899658203125,977.4566650390624,3.3920288085936363,1
2021-07-01,977.4566650390624,979.8333740234376,966.8421630859376,968.20361328125,12534407,976.4644287109375,1002.3361083984375,-0.601707805746887,-0.6017078057468872,0.4861620211093154,0.5728699053319408,-2.5795192344835627,984.086252130175,989.0499321625326,-4.963680032357615,30.103639150517594,2.2672035056883715,12.591686683931888,-10.324483178243517,12.9912109375,21.492041015625,21.95420619419642,-9.253051757812386,3.3920288085936363,967.76513671875,-0.4384765625,0
2021-07-02,967.76513671875,984.3330078125,965.8960571289062,982.5562133789062,14086620,971.2494750976563,996.4058349609375,1.482394808362176,1.4823948083621863,0.8717673173413765,1.9757636700326486,1.168952492098052,983.7802443799212,988.4595940912939,-4.679349711372652,29.946312309458634,1.6409291020646606,10.401535167558443,-8.760606065493782,18.43695068359375,20.998236083984374,21.18778773716517,14.79107666015625,-0.4384765625,985.9713134765624,3.4151000976561363,1
2021-07-05,985.9713134765624,993.8629760742188,983.6868896484376,992.3169555664062,11702287,972.583203125,993.311474609375,0.9934029274451226,0.9934029274451195,2.4905238892298565,1.8738304068374845,3.077661256408315,985.4875866172183,988.810263316304,-3.3226766990857186,33.63397026267069,1.9101929306835927,8.703266720183473,-6.79307378949988,10.176086425781136,19.830651855468737,20.854849679129455,6.345642089843864,3.4151000976561363,989.8941040039062,-2.4228515625,0
2021-07-06,989.8941040039062,991.7169799804688,978.4719848632812,980.5948486328124,10070124,977.7012451171875,988.2788269042969,-1.1812865705698823,-1.1812865705698838,-0.19961857849831732,1.2798170944196663,1.772201100181725,984.5090390203371,988.0634074359866,-3.554368415649492,35.131890127069624,1.1642891899623464,7.195471214139248,-6.031182024176902,13.2449951171875,19.232995605468737,20.388401576450892,-9.299255371093864,-2.4228515625,981.956298828125,1.3614501953126137,1
2021-07-07,981.956298828125,981.956298828125,968.2266845703124,973.7877197265624,10454892,980.6087036132812,982.6369934082031,-0.6941836290228113,-0.6941836290228154,-1.8672699016079486,-0.8924164880287022,-0.028428965964522046,982.3647751615822,986.7656176442207,-4.400842482638495,32.55121346452654,0.023604589298088285,5.761097889171016,-5.737493299872928,13.729614257812614,18.349224853515626,19.552756173270097,-8.168579101562614,1.3614501953126137,976.9721069335938,3.1843872070313637,1
2021-07-08,976.9721069335938,976.9721069335938,960.3811645507812,965.7345581054688,11185460,980.5117919921875,978.4881103515625,-0.8269935487946949,-0.8269935487946967,-1.5154363239886948,-2.678821248777763,-0.25501404269847594,979.0387317503596,984.8537031406977,-5.814971390338087,28.543778796427915,-1.5127806213303074,4.3063221870707515,-5.819102808401059,16.5909423828125,16.565533447265626,19.068180629185274,-11.237548828125,3.1843872070313637,963.6116333007812,-2.1229248046875,0
2021-07-09,963.6116333007812,965.3192138671876,953.5048217773438,955.8584594726562,9037675,979.6810913085938,975.465283203125,-1.0226514677270069,-1.0226514677270093,-1.8411877548569433,-2.5225901599059686,-2.717173179785737,974.402677294819,982.2177718981484,-7.815094603329385,24.042515808752086,-3.4870984907211096,2.7476380515123795,-6.234736542233489,11.814392089843864,14.405712890625011,18.380881173270097,-7.753173828125,-2.1229248046875,959.8042602539062,3.94580078125,1
2021-07-12,959.8042602539062,969.8419189453124,957.3814086914062,961.8118286132812,8585292,974.4476806640625,973.5154418945312,0.6228295708037624,0.6228295708037734,-0.4061912726705086,-1.2298256458444512,-3.074131383325296,971.8845075585115,980.3626861449786,-8.478178586467152,27.95331552444415,-4.519277078134564,1.2942550255829905,-5.813532103717555,12.460510253906136,13.55194091796875,18.006731305803573,2.007568359375,3.94580078125,969.149658203125,7.33782958984375,1
2021-07-13,969.149658203125,970.5572509765624,963.6347045898438,969.01123046875,6717133,970.2987915039063,974.0000183105469,0.7485249859994637,0.7485249859994658,1.3760165917608758,0.33929327016206656,-1.1812848272875098,971.3098521405592,979.3307356289578,-8.020883488398567,33.30700055926266,-4.702151013385219,0.09497381778934877,-4.797124831174568,6.922546386718636,13.095062255859364,17.01945277622767,-0.138427734375,7.33782958984375,969.3111572265624,0.2999267578123863,1
2021-07-14,969.3111572265624,972.3109130859376,960.4965209960938,962.6886596679688,8532544,967.7697631835938,974.1892333984375,-0.6524765247274551,-0.6524765247274522,0.09116451145663174,0.7145618817958388,-1.1397822989296147,969.5856136460411,977.8178196325042,-8.2322059864631,37.87279453120435,-5.296207168833348,-0.9832623795351906,-4.312944789298157,11.814392089843864,12.8181640625,15.404205322265625,-6.622497558593636,0.2999267578123863,966.8421630859376,4.153503417968864,1
2021-07-15,966.8421630859376,966.8421630859376,959.2274169921876,961.0042114257812,9448356,965.7437744140625,973.127783203125,-0.17497331305101965,-0.17497331305101893,-0.8263081779862791,-0.08396831516039871,-0.48981851586291647,967.8693332019892,976.2893097955294,-8.419976593540241,45.255490111604786,-5.835652082947718,-1.9537403202176962,-3.8819117627300215,7.61474609375,12.280517578125,13.561501639229911,-5.837951660156364,4.153503417968864,963.4962768554688,2.4920654296875,1
2021-07-16,963.4962768554688,975.956787109375,963.4270629882812,974.8722534179688,8828185,965.720703125,972.7008972167969,1.443078170449676,1.4430781704496853,1.2655798557138942,0.6048457195262369,1.9891850887423512,969.2699172451852,976.1604864884785,-6.890569243293271,55.398767194556854,-5.085508399951777,-2.5800939361645128,-2.5054144637872646,12.52972412109375,11.689794921875,13.129669189453125,11.3759765625,2.4920654296875,969.149658203125,-5.72259521484375,0
2021-07-19,969.149658203125,980.2256469726562,965.5730590820312,968.6651000976562,8354449,967.5897827148438,971.0187316894531,-0.6367145334734675,-0.6367145334734703,0.7971753485355615,0.6208071913663904,0.7125376586661236,969.1489538156795,975.4790877256764,-6.330133909996903,52.17646598828324,-4.934992008342192,-3.051073550600049,-1.8839184577421433,14.652587890625,12.137445068359387,13.355473109654017,-0.48455810546875,-5.72259521484375,968.9188842773438,0.2537841796875,1
2021-07-20,968.9188842773438,972.8416748046876,961.7656860351562,966.288330078125,6741464,967.5436279296875,968.9212097167969,-0.24536550550769665,-0.24536550550769975,-0.8805177611474702,0.5498538497041627,-0.28099781560919634,968.5768290681686,974.6435643031717,-6.06673523500308,46.46674258301683,-4.950426722931638,-3.430944185066367,-1.5194825378652714,11.075988769531364,11.920544433593772,12.997811453683044,-2.63055419921875,0.2537841796875,977.9181518554688,11.62982177734375,1
2021-07-22,977.9181518554688,980.1795043945312,968.2958984375,978.7026977539062,7972397,969.2650268554687,968.5173950195312,1.2847477599959778,1.2847477599959856,1.0362299266524655,0.3929175666357976,1.6634701079226044,970.6020028053163,975.0125764350566,-4.410573629740384,54.50225247664754,-3.915784400135408,-3.527912228080175,-0.38787217205523294,11.88360595703125,11.735943603515636,13.062094552176347,0.7845458984375,11.62982177734375,985.04833984375,6.34564208984375,1
2021-07-23,985.04833984375,985.04833984375,970.095703125,971.7802124023438,9937030,972.9062622070312,969.3250183105469,-0.7073123807106488,-0.7073123807106452,0.5683481993179695,0.3215881633779727,1.1213271334758135,970.8376447247218,974.7187251593555,-3.8810804346336454,45.06447460384852,-3.612763925703007,-3.5448825676047413,-0.06788135809826557,14.95263671875,11.572113037109386,12.813214983258936,-13.26812744140625,6.34564208984375,972.8416748046876,1.0614624023438637,1
2021-07-26,972.8416748046876,978.8411254882812,955.8123168945312,958.4659423828124,12389668,974.775341796875,970.2480224609375,-1.3700906696399051,-1.3700906696399007,-2.067712229417229,-0.8095293559718497,-1.6829190673582795,968.3633042563399,973.241199452397,-4.877895196057125,34.98464770948301,-4.396290633324497,-3.7151641807486926,-0.6811264525758047,23.02880859375,12.6935546875,13.650503976004472,-14.375732421875227,1.0614624023438637,958.44287109375,-0.023071289062386313,0
2021-07-27,958.44287109375,961.627197265625,942.3826904296876,948.3821411132812,10824523,972.633984375,970.1118835449219,-1.0520771603487664,-1.0520771603487633,-2.407753418977321,-3.098035461658555,-2.0939083055981023,964.3670716277283,970.981285057932,-6.61421343020379,35.500617783668744,-5.764470455573701,-4.125025435713694,-1.6394450198600063,19.244506835937386,13.371954345703125,14.036185128348214,-10.06072998046875,-0.023071289062386313,949.7666625976562,1.384521484375,1
2021-07-28,949.7666625976562,949.7666625976562,930.4990234375,940.2366943359376,12897848,968.8035400390625,968.173583984375,-0.8588781277325517,-0.8588781277325541,-1.9019192274642105,-3.24595187922454,-2.6960519889628665,959.5409961693701,968.1863222650235,-8.645326095653331,35.07800152990394,-7.420493472843987,-4.784119043139754,-2.636374429704233,19.26763916015625,14.606463623046887,14.431758335658474,-9.529968261718636,1.384521484375,947.920654296875,7.683959960937386,1
2021-07-29,947.920654296875,957.3352661132812,943.0287475585938,947.5745239257812,13765738,962.8040405273438,966.0345336914063,0.7804236565162069,0.7804236565162048,-0.0851573593058097,-1.1363385985269647,-3.1805546157748665,957.1477017206523,966.3125224160015,-9.164820695349135,41.8715033153254,-8.04802944817834,-5.436901124147472,-2.6111283240308687,14.3065185546875,14.85567626953125,14.468017578124984,-0.34613037109375,7.683959960937386,949.7666625976562,2.192138671875,1
2021-07-30,949.7666625976562,954.3585815429688,937.352294921875,939.2906494140624,11350608,955.747705078125,964.3269836425782,-0.8742187872885129,-0.8742187872885165,-0.10061774099801024,-0.9586316849605203,-3.343303616767801,953.5762912593344,963.8559885067342,-10.279697247399781,42.476956860496166,-9.108795151176423,-6.171279929553262,-2.937515221623161,17.00628662109375,15.794830322265625,14.809199741908467,-10.476013183593864,2.192138671875,948.0591430664062,8.768493652343864,1
2021-08-02,948.0591430664062,959.6427612304688,941.9904174804688,956.4584350585938,10925104,950.7911987304688,962.7832702636719,1.8277394388244765,1.8277394388244828,0.9375422099790809,1.7252826676917854,-0.20945004255736865,954.1527200191863,963.1834836478123,-9.030763628626005,47.793833230831076,-8.466565492124914,-6.630337042067593,-1.8362284500573214,17.65234375,16.30709228515625,15.264103480747767,8.3992919921875,8.768493652343864,964.53466796875,8.07623291015625,1
2021-08-03,964.53466796875,964.9961547851562,952.6279907226562,963.4962768554688,11817299,952.0095581054687,962.3217712402344,0.7358230675694604,0.7358230675694521,2.5770114347998696,1.680263929397774,1.5936757017003034,956.0214313864428,963.211919393963,-7.190488007520116,47.72422308801332,-7.30548575275111,-6.765366784204296,-0.540118968546814,12.3681640625,16.07864990234375,15.522870744977686,-1.03839111328125,8.07623291015625,966.5652465820312,3.0689697265625,1
2021-08-04,966.5652465820312,975.6106567382812,963.150146484375,970.8803100585938,13169800,955.3692749023437,962.0864074707031,0.7663790074232594,0.7663790074232679,1.5078412685143538,3.363140116878327,3.2591384602681295,958.9932071208731,963.9090458180203,-4.915838697147251,53.350961088597415,-5.723514809656308,-6.5569963892946985,0.8334815796383905,12.46051025390625,16.21710205078124,15.569022042410714,4.3150634765625,3.0689697265625,975.7490844726562,4.8687744140625,1
2021-08-05,975.7490844726562,994.4398193359376,971.1110229492188,984.9560546875,21252078,960.9349609375,961.8695007324219,1.4497919551027627,1.4497919551027527,2.227281863721231,2.979493785023757,3.9449700068811433,964.1857766341985,965.8224102607003,-1.636633626501748,58.89612441513442,-3.296002222194602,-5.90479755587468,2.608795333680078,23.328796386718864,17.36162109375,16.707933698381705,9.20697021484375,4.8687744140625,982.9715576171876,-1.9844970703123863,0
2021-08-06,982.9715576171876,990.8170776367188,959.3427734375,964.0962524414062,16620987,967.5759399414062,961.6618225097657,-2.1178409074008897,-2.117840907400892,-0.6987532393954998,0.0622706698873321,2.6408868269707453,964.16787179564,965.6654868225826,-1.4976150269425261,46.19521144849927,-3.020573425755515,-5.327952729850847,2.307379304095332,31.47430419921875,19.013787841796876,17.88805716378349,-18.875305175781364,-1.9844970703123863,960.3811645507812,-3.715087890625,0
2021-08-09,960.3811645507812,964.4423828125,953.6893920898438,958.6043701171876,7494143,970.0403442382812,960.415771484375,-0.5696404596855759,-0.569640459685572,-2.6754172884061345,-1.2644133179161132,0.22436260478611025,963.0551714599496,965.0235671220921,-1.968395662142484,46.42972560684313,-3.208458019357522,-4.904053787752183,1.6955957683946608,10.75299072265625,17.7862060546875,17.60951450892858,-1.7767944335936363,-3.715087890625,960.8426513671876,2.23828125,1
2021-08-10,960.8426513671876,975.149169921875,957.0352783203124,963.6347045898438,11919198,969.3019409179688,960.6557495117188,0.5247560546840807,0.5247560546840724,-0.04787362780362958,-2.1647006479310282,0.014367230854994695,963.1710780859285,964.8973068918878,-1.7262288059592947,49.07570585808198,-2.9178171815476617,-4.506806466511279,1.588989284963617,18.113891601562614,17.673144531250024,18.11222185407367,2.7920532226561363,2.23828125,967.7420654296876,4.107360839843864,1
2021-08-11,967.7420654296876,978.379638671875,961.48876953125,977.1336059570312,9184963,969.5373046875,962.4532897949218,1.4008317989059038,1.4008317989059105,1.9329388032706785,1.3522875421007052,0.6440851496988476,965.9635836601491,966.0096977159917,-0.04611405584262229,49.45756001881378,-1.5800202088836386,-3.921449214985751,2.3414290061021124,16.890869140625,17.435467529296897,18.326485770089295,9.391540527343636,4.107360839843864,980.6409912109376,3.5073852539063637,1
2021-08-12,980.6409912109376,981.240966796875,971.4571533203124,973.9954223632812,8137612,970.5156860351562,965.7253234863281,-0.3211621803424085,-0.32116218034240474,1.0751706766152003,1.6055687545230013,-1.1128041979188819,967.5699514007756,966.7356726839271,0.8342787168485302,50.78636846447039,-0.7642221812676553,-3.290003808242132,2.5257816269744766,9.783813476562614,16.983197021484408,17.957284109933052,-6.645568847656364,3.5073852539063637,977.1336059570312,3.13818359375,1
2021-08-13,977.1336059570312,992.1785278320312,973.2800903320312,990.2171020507812,12780901,969.348095703125,968.4620178222656,1.6654780212560005,1.665478021256006,1.3389669553873995,2.7585554291812198,2.709361180818659,972.0993815307768,968.8703480809138,3.229033449862982,61.04332707577195,1.1776820283319012,-2.3964666409273256,3.574148669259227,18.8984375,17.172412109375035,17.662257603236622,13.08349609375,3.13818359375,991.9246826171876,1.7075805664063637,1
2021-08-16,991.9246826171876,1016.6841430664062,982.140869140625,1003.0698852539062,21935444,975.6567993164062,972.8485717773438,1.2979762898970686,1.2979762898970737,2.985071820982421,2.6543227188949636,4.63856795596318,978.2934822754028,971.9793969148221,6.314085360580634,68.66142493169325,3.71098931954009,-1.1749754488338426,4.885964768373933,34.54327392578125,18.86150512695316,18.755026681082615,11.145202636718636,1.7075805664063637,1000.9239501953124,-2.1459350585938637,0
2021-08-17,1000.9239501953124,1008.4694213867188,991.232421875,998.801025390625,12658169,983.6730590820313,976.4875,-0.42557950607805134,-0.4255795060780554,0.8668728627354572,2.546788460992566,3.6493414603357754,982.3949908984473,974.4177267762586,7.9772641221886715,70.52734025454748,5.3129479281789145,0.12260922656870887,5.190338701610205,17.23699951171875,19.348388671875036,18.609980991908508,-2.1229248046873863,-2.1459350585938637,1003.3006591796876,4.499633789062614,1
2021-08-18,1003.3006591796876,1009.2078247070312,993.424560546875,1002.6776123046876,10075860,990.7847778320313,980.1610412597656,0.38812404227824093,0.38812404227823727,-0.039107240181912584,1.2583614470099702,2.6141774463521728,986.4515151796954,976.9868072788431,9.464707900852318,69.79443366531243,6.816740689593985,1.4614355191737642,5.355305170420221,15.78326416015625,19.680664062500036,18.51603044782369,-0.623046875,4.499633789062614,988.994140625,-13.683471679687614,0
2021-08-20,988.994140625,1002.3776245117188,986.2251586914062,991.4170532226562,9426282,992.4554077148438,981.485546875,-1.1230488188669734,-1.1230488188669785,-0.73928359906128,-1.161716865649931,1.7886768725363655,987.4446227882877,978.2986478191898,9.145974969097892,68.33306113736072,7.018964029576409,2.5729412212542933,4.446022808322116,16.1524658203125,18.9630310058594,18.476470947265664,2.42291259765625,-13.683471679687614,1003.3006591796876,11.883605957031364,1
2021-08-23,1003.3006591796876,1003.3006591796876,984.0560913085938,997.9241943359376,9854395,997.688818359375,983.51845703125,0.6563475070485766,0.6563475070485714,-0.47407241474396455,-0.08778836148515268,0.7783234877679401,989.5405370978177,980.0827884116213,9.457748686196396,65.76592183713757,7.61650110521407,3.581653198046249,4.034847907167821,19.244567871093864,17.74005737304691,18.39736066545763,-5.37646484375,11.883605957031364,999.1702270507812,1.2460327148436363,1
2021-08-24,999.1702270507812,1011.607666015625,994.8090209960938,1007.7772216796876,11864472,999.1379272460938,987.39736328125,0.9873522858423766,0.9873522858423689,1.6501802550048739,0.5085991062748763,0.4692929670189194,993.1878740141917,982.6004641632636,10.587409850928111,66.48342940935231,8.783855683574302,4.622093695151859,4.161761988422443,16.79864501953125,18.34462280273441,18.713823590959862,8.606994628906364,1.2460327148436363,1008.561767578125,0.7845458984373863,1
2021-08-25,1008.561767578125,1024.5296630859375,1006.1157836914062,1016.49951171875,13380559,1000.6654907226563,992.1692749023438,0.8654978353772201,0.8654978353772158,1.8613956338811022,2.5299603647689795,1.7719731836682184,997.8502015551034,985.6821957592169,12.168005795886415,66.8140685842213,10.294144023769604,5.756503760875408,4.537640262894196,18.41387939453125,18.374621582031274,19.139064243861647,7.937744140625,0.7845458984373863,1018.9916381835938,2.49212646484375,1
2021-08-26,1018.9916381835938,1036.02099609375,1017.6071166992188,1029.352294921875,18589616,1003.8036865234375,997.2942321777343,1.2644160725067983,1.264416072506802,2.140857401621732,3.149347491955634,2.660344889507882,1004.1506202284577,989.6522047740041,14.498415454453607,66.51217424279868,12.38539942874445,7.082282894449217,5.303116534295232,18.41387939453125,18.5269226074219,18.85063389369423,10.36065673828125,2.49212646484375,1032.3751220703125,3.0228271484375,1
2021-08-27,1032.3751220703125,1035.02880859375,1022.7067260742188,1027.9447021484375,10480636,1012.4798828125,1002.4676452636719,-0.13674548358046185,-0.13674548358045824,1.1259415570535225,2.001184392234645,3.68438779694642,1008.9094366124536,993.1333408989526,15.776095713501036,77.76438572767103,13.770416639561518,8.419909643471678,5.350506996089839,12.32208251953125,18.78074951171876,17.482618059430838,-4.430419921875,3.0228271484375,1038.3746337890625,10.429931640625,1
2021-08-30,1038.3746337890625,1050.304443359375,1032.2828369140625,1047.719970703125,14027062,1019.494677734375,1008.591748046875,1.9237677389996322,1.9237677389996266,1.784391589921519,3.071369796487744,4.989935773661003,1016.671543430588,998.095761790241,18.57578164034703,84.46984628345157,16.276130559640592,9.991153826705462,6.28497673293513,18.0216064453125,18.69306640625001,18.31167166573664,9.3453369140625,10.429931640625,1050.7889404296875,3.0689697265625,1
2021-08-31,1050.7889404296875,1053.9501953125,1034.7979736328125,1042.1358642578125,26485463,1029.8184204101562,1014.478173828125,-0.5329769978103028,-0.5329769978103083,1.3805375016491706,1.2419041953860566,3.4093489948957556,1021.764407596033,1002.0994074691112,19.665000126921882,80.23466353549148,17.60835798218875,11.514594657802121,6.093763324386629,19.1522216796875,17.153961181640636,18.385838099888417,-8.653076171875,3.0689697265625,1048.9891357421875,6.853271484375,1
2021-09-01,1048.9891357421875,1058.1729736328125,1044.3741455078125,1046.2662353515625,11145486,1037.9038940429687,1019.2846923828125,0.3963371030025499,0.3963371030025531,-0.13875228040054477,1.7823461869916235,2.928355920455039,1026.664773147139,1006.1145736402431,20.550199506895865,78.69734318570262,18.78094914998644,12.967865556238985,5.813083593747455,13.798828125,16.810144042968762,18.324855259486633,-2.722900390625,6.853271484375,1040.68212890625,-5.5841064453125,0
2021-09-02,1040.68212890625,1065.04931640625,1040.68212890625,1058.865234375,9956770,1042.2419921875,1023.0228393554687,1.2041867163192963,1.2041867163192999,1.6052964580680396,1.0637635993895778,2.8671368975152323,1033.1048653927112,1010.9100882524937,22.194777140217525,82.66432557652087,20.49066637847818,14.472425720686825,6.018240657791356,24.3671875,17.668536376953135,19.366524832589302,18.18310546875,-5.5841064453125,1066.0645751953125,7.1993408203125,1
2021-09-03,1066.0645751953125,1105.2921142578125,1062.6033935546875,1102.2923583984375,30664428,1048.9798828125,1030.7298828125,4.101289060554581,4.10128906055458,5.3548629549389215,5.7724233666468505,7.232651337626539,1046.9423639938566,1019.2175673566703,27.724796637186273,85.66605807299634,25.06094855790161,16.590130288129785,8.470818269771826,42.688720703125,20.322161865234385,21.332842145647337,36.227783203125,7.1993408203125,1113.59912109375,11.3067626953125,1
2021-09-06,1113.59912109375,1144.5196533203125,1113.1375732421875,1119.4140625,33641710,1064.0247802734375,1041.7597290039062,1.5532815746304616,1.5532815746304607,5.718275202484979,6.9913206291951635,6.842867731991498,1061.4367036950853,1028.3263396424275,33.110364052657815,86.04521303149517,29.721893059193803,19.21648284234259,10.505410216851214,31.382080078125,21.5359130859375,21.881700788225462,5.81494140625,11.3067626953125,1121.444580078125,2.030517578125,1
2021-09-07,1121.444580078125,1134.3665771484375,1113.1375732421875,1126.4749755859375,17349882,1078.155908203125,1053.9871643066406,0.6307686603622151,0.6307686603622242,2.193847848372621,6.385112950737737,8.092909400847613,1074.4443580732557,1037.2489429100192,37.195415163236476,88.88266463900136,33.59818289402233,22.092822852678538,11.505360041343792,21.22900390625,21.978948974609374,22.16684395926341,5.0303955078125,2.030517578125,1131.59765625,5.1226806640625,1
2021-09-08,1131.59765625,1132.5206298828125,1110.6685791015625,1122.067626953125,14301651,1094.6776123046875,1066.290753173828,-0.39125135740543293,-0.39125135740543104,0.2370494120110367,1.7940130314810343,7.244942925649522,1083.9690118492297,1044.9597323684834,39.00927948074627,86.24265366805736,35.90069346747828,24.854396975638487,11.04629649183979,21.85205078125,22.32276611328125,22.600328717912962,-9.530029296875,5.1226806640625,1120.4754638671875,-1.5921630859375,0
2021-09-09,1120.4754638671875,1125.0673828125,1115.02978515625,1119.4140625,8963249,1110.636279296875,1076.4391357421875,-0.23648881666165866,-0.23648881666166188,-0.6268149083617947,0.0,5.718275202484979,1091.0580219793837,1051.728307834985,39.32971414439885,90.99780656913711,37.08384967586289,27.30028751568337,9.783562160179525,10.03759765625,21.485137939453125,22.14212472098215,-1.0614013671875,-1.5921630859375,1122.8291015625,3.4150390625,1
2021-09-13,1122.8291015625,1122.8291015625,1092.854736328125,1094.469970703125,16311160,1121.9891845703125,1085.4845336914063,-2.2283168161356737,-2.228316816135678,-2.459535912727384,-2.841164302488397,-0.7096472760346417,1091.740411724132,1055.6139135502704,36.12649817386159,77.6573294589451,35.598373859024605,28.959904784351618,6.638469074672987,29.974365234375,23.2503662109375,22.908538818359375,-28.359130859375,3.4150390625,1096.0621337890625,1.5921630859375,1
2021-09-14,1096.0621337890625,1104.83056640625,1091.9085693359375,1093.039306640625,8908356,1118.481787109375,1091.2532836914063,-0.130717525450323,-0.130717525450319,-2.356121540984746,-2.587038393695029,-2.356121540984746,1092.0001907074306,1059.0162220130298,32.9839686944008,75.66328416158771,33.914733007695304,29.950870429020355,3.9638625786749486,12.9219970703125,22.7404052734375,22.631635393415177,-3.0228271484375,1.5921630859375,1093.0623779296875,0.0230712890625,1
2021-09-15,1093.0623779296875,1105.63818359375,1093.0623779296875,1097.5850830078125,9071075,1112.8053466796875,1095.4806274414063,0.41588407110066383,0.4158840711006695,0.2846229122838606,-1.9500362040688168,-2.5646279947850514,1093.117169167507,1062.5224821034647,30.59468706404232,75.03562932298651,32.57177452374913,30.47505124796611,2.0967232757830168,12.5758056640625,22.082763671875,22.216278076171875,4.522705078125,0.0230712890625,1099.0849609375,1.4998779296875,1
2021-09-16,1099.0849609375,1124.5596923828125,1092.3701171875,1120.6138916015625,13448882,1106.3028076171875,1100.4902099609376,2.0981342540335968,2.098134254033601,2.5227441312871024,2.3887289371349096,-0.12955862165902055,1098.6165136543182,1067.8035193305643,30.812994323753855,76.51159644805414,32.98546671589952,30.977134341552794,2.0083323743467254,32.1895751953125,23.92183837890625,23.121141706194198,21.5289306640625,1.4998779296875,1128.82861328125,8.2147216796875,1
2021-09-17,1128.82861328125,1133.3743896484375,1096.3389892578125,1103.2384033203125,34882133,1107.9734375,1109.3048583984375,-1.5505330079763018,-1.5505330079763069,0.5150689818968379,0.9330951428484058,-1.4450112537948812,1099.540891587517,1071.0248724205414,28.51601916697564,70.01594768514965,31.547602938414684,31.09122806092517,0.45637487748951244,37.035400390625,25.18865966796875,24.886378696986608,-25.5902099609375,8.2147216796875,1094.7237548828125,-8.5146484375,0
2021-09-20,1094.7237548828125,1116.068115234375,1093.754638671875,1104.9921875,11779819,1102.3523681640625,1112.1707763671875,0.1589669263152281,0.15896692631522935,-1.3940309163253617,0.6748546975410052,0.9613984009186893,1100.6311507700138,1074.1128101550376,26.518340614976296,66.8385493164578,30.20145765770053,30.913273980280245,-0.7118163225797147,22.3134765625,23.15113525390625,24.883074079241073,10.2684326171875,-8.5146484375,1109.9071044921875,4.9149169921875,1
2021-09-21,1109.9071044921875,1115.260498046875,1100.215576171875,1109.7686767578125,9915736,1105.1213623046874,1111.8015747070312,0.4322645274641365,0.43226452746414346,0.5919186114122343,-0.9677922900143798,1.530536918073322,1102.4586559675736,1077.3542525734715,25.104403394102064,69.9795403906611,29.183639755681725,30.567347135360542,-1.3837073796788175,15.044921875,21.51741943359375,24.589695521763392,-0.138427734375,4.9149169921875,1111.2916259765625,1.52294921875,1
2021-09-22,1111.2916259765625,1126.9825439453125,1106.7919921875,1121.6754150390625,10995912,1108.7672119140625,1110.786279296875,1.072902716630597,1.072902716630586,1.5098050219529258,1.6711720389049,2.194848709608288,1106.3020077818715,1081.3834491612524,24.918558620619024,71.2982328624797,29.003452262226347,30.254568160733704,-1.2511158985073578,20.1905517578125,21.41357421875,24.886369977678573,10.3837890625,1.52294921875,1129.4747314453125,7.79931640625,1
2021-09-23,1129.4747314453125,1152.3651123046875,1128.597900390625,1149.0885009765625,15748397,1114.845166015625,1110.5739868164062,2.4439410519259117,2.443941051925913,3.543064878495472,3.990644818614375,2.540983079756809,1114.8593064208096,1087.538453871735,27.320852549074516,73.51454892040744,30.718554930319897,30.347365514650946,0.37118941566895103,23.7672119140625,21.60509033203125,25.337977818080358,19.61376953125,7.79931640625,1155.387939453125,6.2994384765625,1
2021-09-24,1155.387939453125,1156.2647705078125,1140.82763671875,1145.765625,15192163,1120.15703125,1114.065234375,-0.2891749394183761,-0.2891749394183796,2.147698847451207,3.2436442833611467,3.854762628974595,1121.0405701366478,1092.8318330652137,28.208737071434143,64.3247880221217,31.447154607415996,30.567323333203955,0.8798312742120409,15.4371337890625,22.1450439453125,23.124424525669642,-9.622314453125,6.2994384765625,1147.7501220703125,1.9844970703125,1
2021-09-27,1147.7501220703125,1167.5484619140625,1142.3505859375,1165.033203125,15373834,1130.7623046875,1116.5573364257812,1.6816334601590093,1.6816334601590155,1.3875956582009685,3.865448730052412,5.433614491052685,1129.8390967343182,1099.3955939797397,30.443502754578503,64.82225954802838,33.19663745719322,31.093186158001807,2.1034512991914127,25.1978759765625,21.66739501953125,21.908037458147323,17.2830810546875,1.9844970703125,1169.4405517578125,4.4073486328125,1
2021-09-28,1169.4405517578125,1183.700927734375,1159.65673828125,1175.9246826171875,18035258,1142.668994140625,1123.8951782226563,0.9348642994013381,0.9348642994013279,2.632218750426163,2.335432094030887,5.961242846811077,1139.056213910892,1106.3527838558714,32.70343005502059,65.67663794765248,35.05784161571523,31.88611724954449,3.171724366170743,24.044189453125,22.7796142578125,22.109122140066965,6.484130859375,4.4073486328125,1186.0545654296875,10.1298828125,1
2021-09-29,1186.0545654296875,1186.0545654296875,1163.002685546875,1166.6024169921875,9719875,1157.62158203125,1133.1943969726562,-0.792760434643822,-0.7927604346438244,0.1346926304742535,1.8185911269756883,4.005347835100803,1144.5654545271511,1111.8300232319,32.735431295251146,63.69182668247291,35.37287392235521,32.58346858410664,2.789405338248571,23.0518798828125,23.8272216796875,22.19482421875,-19.4521484375,10.1298828125,1165.287109375,-1.3153076171875,0
2021-09-30,1165.287109375,1169.717529296875,1153.9111328125,1162.6334228515625,13590654,1164.7840576171875,1139.8146118164063,-0.3402182339771014,-0.3402182339770965,-1.1302815530705113,-0.2059838523915447,1.1787535828170492,1148.1790481920334,1116.4485141064147,31.73053408561873,63.18079848370522,34.89996951409057,33.04676877010343,1.853200743987145,15.806396484375,22.18890380859375,22.606881277901785,-2.6536865234375,-1.3153076171875,1154.6495361328125,-7.98388671875,0
2021-10-01,1154.6495361328125,1172.1173095703125,1151.442138671875,1164.6871337890625,8958928,1164.636376953125,1142.3967041015626,0.17664303271644413,0.17664303271645032,-0.16417617306700993,-0.9556350839676431,1.651429260592674,1151.4806653114392,1120.8338431684735,30.646822142965675,74.88950357716283,34.29556870474812,33.29652875703236,0.9990399477157581,20.6751708984375,20.552880859375,21.942653111049108,10.03759765625,-7.98388671875,1178.2091064453125,13.52197265625,1
2021-10-04,1178.2091064453125,1188.2928466796875,1170.84814453125,1179.662841796875,10918552,1170.728173828125,1150.7452392578125,1.2858138098505656,1.2858138098505556,1.4647281430758108,1.1195266368777768,1.2557271872281062,1157.1171006085265,1126.1819339528738,30.935166655652665,78.01486218986051,34.62584598916601,33.5623922034591,1.063453785706912,17.4447021484375,20.06600341796875,22.705775669642858,1.4537353515625,13.52197265625,1179.17822265625,-0.484619140625,0
2021-10-05,1179.17822265625,1205.4376220703125,1175.6015625,1204.1453857421875,13533634,1172.6757080078125,1157.6723510742188,2.0753848538638744,2.075384853863871,3.3878842487729655,3.5705117429713606,2.399873354319837,1166.5227576352588,1133.269520479175,33.25323715608374,80.52611276644546,36.44303715647925,34.13852119406313,2.3045159624161187,29.8360595703125,21.5451171875,23.937002999441965,24.9671630859375,-0.484619140625,1209.1064453125,4.9610595703125,1
2021-10-06,1209.1064453125,1209.1064453125,1177.332275390625,1181.370361328125,10258881,1177.286083984375,1167.4538330078126,-1.8913849343885396,-1.8913849343885403,0.1447464030187806,1.4324213821086174,1.2658935144342687,1169.492278373832,1137.642324192716,31.849954181116118,67.43012410905132,35.63464609890502,34.437746175031506,1.1968999238735165,31.774169921875,22.70347900390625,23.907331194196427,-27.736083984375,4.9610595703125,1197.592041015625,16.2216796875,1
2021-10-07,1197.592041015625,1199.32275390625,1184.9931640625,1187.1622314453125,6336665,1183.7470703125,1174.2655639648438,0.49026709208077135,0.4902670920807761,-1.4103906802256483,0.6357231390805129,2.1097628978864913,1173.026268988128,1142.144133942952,30.882135045176028,75.79062652508945,35.057227973699355,34.56164253476508,0.49558543893427753,14.32958984375,21.759716796875,22.544259207589285,-10.4298095703125,16.2216796875,1193.0924072265625,5.93017578125,1
2021-10-08,1193.0924072265625,1238.8502197265625,1191.36181640625,1232.781494140625,15772493,1191.43564453125,1178.0360107421875,3.8427151308354257,3.842715130835428,4.351821790645083,2.3781271545368465,5.846579598594159,1184.9773140186276,1150.3838939609223,34.593420057705316,80.93158542426869,37.84446574903359,35.21820717761878,2.626258571414809,47.4884033203125,24.96484375,24.642438616071427,39.6890869140625,5.93017578125,1246.6956787109375,13.9141845703125,1
2021-10-11,1246.6956787109375,1255.279541015625,1220.82861328125,1224.197509765625,14768666,1205.132958984375,1187.93056640625,-0.696310288222157,-0.6963102882221572,3.1196476218101843,3.625209319569578,3.775203082680334,1192.8213531680271,1157.0942226704408,35.72713049758636,77.19637433046451,38.91216079952028,35.95699790199908,2.9551628975211983,34.450927734375,25.89014892578125,26.028581891741073,-22.4981689453125,13.9141845703125,1220.6671142578125,-3.5303955078125,0
2021-10-12,1220.6671142578125,1238.2041015625,1218.9364013671875,1231.189208984375,6682011,1213.4307373046875,1193.05322265625,0.5711250972964791,0.5711250972964876,-0.1291619937367705,3.7085898096220316,2.2458935243536926,1200.4949243312967,1163.830130517162,36.66479381413478,76.65086348643851,39.862972975619186,36.73819291672311,3.1247800588960786,19.2677001953125,25.4125,25.962663922991073,10.5220947265625,-3.5303955078125,1236.3580322265625,5.1688232421875,1
2021-10-13,1236.3580322265625,1255.048828125,1231.8814697265625,1243.718994140625,9959762,1218.8810546875,1198.0835693359375,1.017697772593864,1.0176977725938618,1.5946351972842443,0.8872213001237972,5.277653380638925,1209.1397382931623,1171.0927544829312,38.04698381023104,74.82738744636136,41.15315941692893,37.62118621676427,3.531973200164657,23.1673583984375,25.4240478515625,25.474801199776785,7.3609619140625,5.1688232421875,1246.2110595703125,2.4920654296875,1
2021-10-14,1246.2110595703125,1254.102783203125,1240.142333984375,1246.234130859375,8623469,1228.6048583984375,1206.1759643554688,0.20222708912537665,0.20222708912538412,1.221982922300846,1.8000870707512773,4.975891066054672,1216.5586168064049,1177.9237886989715,38.63482810743335,76.47125233802461,41.895645063132406,38.4760779860379,3.4195670770945057,13.96044921875,25.239453125,25.36932373046875,0.0230712890625,2.4920654296875,1231.5584716796875,-14.6756591796875,0
2021-10-18,1231.5584716796875,1266.8170166015625,1228.6510009765625,1249.5570068359375,13594479,1236.2980712890626,1213.8668579101563,0.26663336320849435,0.2666333632084905,0.4693996572229242,1.4918744996729183,1.3607855710883188,1223.1582948123114,1184.4358994386957,38.722395373615655,74.31298818807994,42.26499406540347,39.23386120191102,3.031132863492452,38.166015625,26.98853759765625,26.295619419642858,17.99853515625,-14.6756591796875,1257.033203125,7.4761962890625,1
2021-10-19,1257.033203125,1269.74755859375,1249.7415771484375,1260.748291015625,8833409,1238.365576171875,1221.749267578125,0.8956201372537201,0.8956201372537276,1.1646415225557538,1.3692238323309347,2.9856931547751486,1230.6762940529743,1191.373389582053,39.30290447092125,74.35721574714384,42.96546972464648,39.98018290645811,2.9852868181883707,20.0059814453125,27.24466552734375,26.020359584263392,3.715087890625,7.4761962890625,1265.7786865234375,5.0303955078125,1
2021-10-20,1265.7786865234375,1265.7786865234375,1242.1268310546875,1246.234130859375,12710570,1247.387890625,1230.4093139648437,-1.1512337759790086,-1.1512337759790103,-0.2659243202498218,0.0,1.221982922300846,1233.7878614142546,1196.3607296981731,37.427131716081476,72.2042862514252,41.86681571615122,40.357509468396735,1.5093062477544876,23.65185546875,26.6262451171875,26.063214983258927,-19.5445556640625,5.0303955078125,1258.6947021484375,12.4605712890625,1
2021-10-21,1258.6947021484375,1258.9715576171875,1201.3763427734375,1210.2833251953125,20831669,1251.855224609375,1235.3681396484376,-2.884755342021618,-2.8847553420216165,-4.002778840148913,-3.143008396237301,-2.6883620096528005,1229.0869541704662,1197.6264201979131,31.460533972553094,61.27552524416192,37.66106165975634,39.81821990666866,-2.157158246912317,57.59521484375,29.208349609375,29.048130580357142,-48.411376953125,12.4605712890625,1209.1295166015625,-1.15380859375,0
2021-10-22,1209.1295166015625,1229.8509521484375,1205.206787109375,1212.544677734375,11027475,1244.438916015625,1236.5218872070313,0.18684488929049475,0.18684488929050502,-2.7033004706562225,-3.823412938550841,-2.7033004706562225,1225.7784988832482,1198.9826254285006,26.795873454747607,61.31354227769349,34.117162112594315,38.67800834785379,-4.560846235259476,24.6441650390625,30.23980712890625,29.331630161830358,3.4151611328125,-1.15380859375,1236.819580078125,24.27490234375,1
2021-10-25,1236.819580078125,1236.819580078125,1186.0545654296875,1200.730224609375,17198417,1245.4911376953125,1240.8946044921875,-0.9743519840502011,-0.9743519840502035,-0.789327621645608,-3.651312792935746,-3.9075273844607628,1220.7688440284735,1199.1414980813072,21.627345947166305,55.055903530292866,30.009339572936597,36.94427459287036,-6.934935019933761,50.7650146484375,30.56746826171875,31.271580287388392,-36.08935546875,24.27490234375,1207.791259765625,7.06103515625,1
2021-10-26,1207.791259765625,1231.6968994140625,1201.353271484375,1228.0740966796875,9750178,1235.6427490234375,1237.0041625976562,2.2772702402163723,2.277270240216378,1.280729628398447,1.4699674955452213,-2.5916508924724413,1222.2298945587163,1201.7717343175236,20.458160241192672,55.664788044774575,28.630250858609088,35.281469846018105,-6.651218987409017,30.3436279296875,30.15673828125,31.352338518415177,20.2828369140625,7.06103515625,1223.8975830078125,-4.176513671875,0
2021-10-27,1223.8975830078125,1235.3427734375,1209.1064453125,1212.544677734375,9896298,1227.2665283203125,1237.3272094726562,-1.2645343621609635,-1.2645343621609628,0.9839390133486114,0.0,-2.7033004706562225,1220.292851193848,1202.7510928099648,17.541758383883234,57.6422598148982,25.984683535693875,33.422112583953265,-7.437429048259389,26.236328125,30.85360107421875,30.956778390066965,-11.3529052734375,-4.176513671875,1209.1295166015625,-3.4151611328125,0
2021-10-28,1209.1295166015625,1217.4134521484375,1195.515380859375,1199.25341796875,9886181,1217.3534912109376,1234.6043579101563,-1.096145982056476,-1.0961459820564734,-2.3468192016148914,-0.12299237666857366,-0.9113491855126221,1216.0849645488286,1202.4331223698543,13.65184217897422,52.85898251588749,22.55555242064588,31.24880055129179,-8.693248130645909,21.8980712890625,30.72667236328125,31.238612583705358,-9.8760986328125,-3.4151611328125,1198.122802734375,-1.130615234375,0
2021-10-29,1198.122802734375,1198.122802734375,1154.5341796875,1170.47900390625,14233025,1215.1521484375,1229.7955322265625,-2.3993606048033627,-2.3993606048033578,-3.469206091995236,-4.689871151028746,-3.469206091995236,1206.963772420313,1199.5282025095266,7.435569910786398,33.99335632050662,17.31647304722469,28.462335050478373,-11.145862003253683,43.588623046875,33.68948974609375,30.7408447265625,-27.643798828125,-1.130615234375,1170.47900390625,0.0,0
2021-11-01,1170.47900390625,1179.5936279296875,1151.0267333984375,1171.1943359375,15481114,1201.884033203125,1223.6875854492187,0.06111446927819431,0.06111446927818953,-2.339712492024859,-3.4102118096083323,-2.4598272006922883,1199.8098851237505,1196.9523964575242,2.8574886662263452,35.8087384631463,13.071506030117007,25.384169246406103,-12.312663216289096,28.56689453125,32.72957763671875,30.320556640625,0.71533203125,0.0,1174.51708984375,3.32275390625,1
2021-11-02,1174.51708984375,1175.901611328125,1151.5574951171875,1154.1187744140625,10569130,1195.22919921875,1215.4359741210938,-1.4579614159224148,-1.4579614159224152,-1.3977379720258476,-3.763561802570037,-6.022057013137571,1190.671662981813,1193.0584308172095,-2.3867678353965402,30.422050528088903,8.23456108287678,21.95424761370024,-13.71968653082346,24.3441162109375,33.16339111328125,30.683157784598215,-20.3983154296875,3.32275390625,1156.5416259765625,2.4228515625,1
2021-11-03,1156.5416259765625,1162.9796142578125,1135.7510986328125,1146.1810302734375,11989430,1181.7580078125,1204.5122680664062,-0.6877753240479892,-0.68777532404799,-2.135709241117545,-2.0758999992073868,-5.4730888419664,1181.7735364401378,1188.7968489495938,-7.023312509455991,24.630890421220343,3.7178803399708613,18.306974158954365,-14.589093818983503,27.228515625,33.52105712890625,30.923793247767858,-10.360595703125,2.4228515625,1150.4959716796875,4.31494140625,1
2021-11-04,1150.4959716796875,1156.010986328125,1149.1346435546875,1153.2188720703125,1705656,1170.031298828125,1193.6923950195312,0.6140253250567256,0.6140253250567218,-0.07797311366041226,-1.5347977116708655,-3.83860034990845,1176.0626035661728,1185.5624874151135,-9.499883848940726,26.363313571359,0.698224626732781,14.785224252510048,-14.086999625777267,6.8763427734375,28.449169921875,30.628758021763392,2.722900390625,4.31494140625,1162.70263671875,9.4837646484375,1
2021-11-08,1162.70263671875,1162.9796142578125,1133.628173828125,1154.6495361328125,20337183,1162.947265625,1189.04970703125,0.12405832900840452,0.12405832900841407,0.7388454036230785,0.04598848320611637,-1.3523922873122651,1171.7799900795007,1182.7522191167225,-10.972229037221723,25.64828551106858,-1.5614324271057285,11.515892916586894,-13.077325343692623,29.3514404296875,28.9198974609375,29.9991455078125,-8.0531005859375,9.4837646484375,1156.05712890625,1.4075927734375,1
2021-11-09,1156.05712890625,1167.0869140625,1147.773193359375,1163.76416015625,15682497,1160.062890625,1180.9734619140625,0.7893844615366562,0.7893844615366463,0.9144220877175036,1.5340621959707201,-0.634410153230669,1170.1768240948506,1181.0260319384975,-10.84920784364681,24.84740358065541,-2.5869323913250355,8.695327855004509,-11.282260246329544,19.313720703125,25.77476806640625,29.936514718191965,7.70703125,1.4075927734375,1161.4566650390625,-2.3074951171875,0
2021-11-10,1161.4566650390625,1180.5166015625,1155.43408203125,1176.7784423828125,10253470,1157.4508056640625,1176.3400024414063,1.1182920622693149,1.1182920622693215,1.9165041475801337,2.0429400596093883,1.963374001974283,1171.4971477524432,1180.6398874334352,-9.142739680992008,31.845599084969848,-2.322729708280349,6.491716342347537,-8.814446050627886,25.08251953125,25.2486572265625,30.038705008370535,15.32177734375,-2.3074951171875,1172.232666015625,-4.5457763671875,0
2021-11-11,1172.232666015625,1186.2852783203125,1170.1558837890625,1178.9244384765625,10722478,1160.589013671875,1171.1735107421875,0.18236194821895757,0.18236194821896756,1.3026933496798065,2.1023610701003115,2.856739671857378,1172.9826058972671,1180.483937528265,-7.501331630997811,40.04396093379453,-1.91807287837878,4.8097584982022745,-6.7278313765810545,16.12939453125,24.2379638671875,27.076860700334823,6.6917724609375,-4.5457763671875,1182.7779541015625,3.853515625,1
2021-11-12,1182.7779541015625,1199.32275390625,1180.0550537109375,1196.7152099609375,8712341,1167.04541015625,1168.5383544921874,1.5090680033204424,1.5090680033204462,1.6941819173502015,2.8314198815216463,3.7717330980318042,1177.7291267100013,1181.959507749417,-4.230381039415761,45.425434942450806,-0.15996882909416854,3.815813032742986,-3.9757818618371545,19.2677001953125,23.9749267578125,26.773585728236608,13.937255859375,3.853515625,1199.8995361328125,3.184326171875,1
2021-11-15,1199.8995361328125,1200.9149169921875,1186.0545654296875,1189.654296875,4803269,1174.4847900390625,1168.7160278320312,-0.5900245126965487,-0.590024512696552,0.910139619491046,1.0941613160516228,3.031635110635089,1180.114160743001,1182.6590340335608,-2.5448732905597353,46.708735470969806,0.6560224029951769,3.1838549067934245,-2.5278325037982476,14.8603515625,21.102099609375,24.208966936383927,-10.2452392578125,3.184326171875,1187.0006103515625,-2.6536865234375,0
2021-11-16,1187.0006103515625,1188.362060546875,1151.442138671875,1162.010498046875,11337581,1180.673486328125,1170.3681884765624,-2.3236833507633357,-2.323683350763339,-2.8999975620929375,-1.434692494079104,-0.1506887881080221,1176.493428203776,1180.7818943984075,-4.28846619463161,30.403838545436784,-0.9173475912350568,2.3636144071877285,-3.2809619984227854,36.919921875,21.93740234375,24.72650146484375,-24.9901123046875,-2.6536865234375,1153.2650146484375,-8.7454833984375,0
2021-11-17,1153.2650146484375,1153.2650146484375,1135.7510986328125,1137.1356201171875,10202029,1179.03515625,1168.2429809570312,-2.1406758348136763,-2.1406758348136767,-4.414616657609638,-4.978593849884694,-3.368758369277547,1168.6218665864583,1176.8140512819327,-8.192184695474452,28.806734006677047,-4.123911523086008,1.0661092211329812,-5.190020744218989,17.513916015625,21.25438232421875,24.7281494140625,-16.12939453125,-8.7454833984375,1135.28955078125,-1.8460693359375,0
2021-11-18,1135.28955078125,1148.673095703125,1130.6976318359375,1141.427490234375,8505625,1171.646533203125,1166.1177734375,0.3774281661096151,0.3774281661096168,-1.771327182249749,-4.053850498191602,-3.1806065781995407,1163.1829913160418,1173.5970911867003,-10.414099870658447,32.8824862533594,-6.246809163785201,-0.3964744558506553,-5.850334707934546,17.9754638671875,20.3290771484375,24.447963169642858,6.137939453125,-1.8460693359375,1124.259765625,-17.167724609375,0
2021-11-22,1124.259765625,1130.213134765625,1084.986083984375,1090.8702392578125,24124307,1159.9428955078124,1163.4941528320312,-4.429300276111392,-4.429300276111392,-4.068589536805389,-6.122170058586917,-8.84462483823365,1148.7204409043961,1166.076468284074,-17.356027379677926,29.126295356425587,-11.871916405610818,-2.691562845802688,-9.18035355980813,45.22705078125,24.16414794921875,25.285260881696427,-33.3895263671875,-17.167724609375,1076.7021484375,-14.1680908203125,0
2021-11-23,1076.7021484375,1108.176513671875,1065.6031494140625,1101.0693359375,25326999,1135.30341796875,1154.8941040039062,0.9349504929776603,0.9349504929776709,-3.5357615479006954,-3.171678341759332,-7.4462775589678625,1139.1902199110168,1160.16672897984,-20.976509068823134,32.484099796847715,-15.330156060449553,-5.2192814887320615,-10.110874571717492,42.5733642578125,25.48634033203125,26.285723005022323,24.3671875,-14.1680908203125,1098.36962890625,-2.69970703125,0
2021-11-24,1098.36962890625,1112.16845703125,1081.5479736328125,1085.1707763671875,16820296,1117.5772216796875,1149.1253540039063,-1.4439199286914797,-1.443919928691484,-0.5224693722053253,-4.928627910971029,-6.612652967321797,1128.386331202251,1153.3489151059625,-24.962583903711447,32.676231327331834,-19.133161612607864,-8.002057513507221,-11.131104099100643,30.6204833984375,26.6170166015625,26.734034946986608,-13.1988525390625,-2.69970703125,1095.13916015625,9.9683837890625,1
2021-11-25,1095.13916015625,1154.672607421875,1087.8243408203125,1150.4959716796875,42401936,1105.95205078125,1142.493603515625,6.019807825196724,6.019807825196732,4.488966691648311,5.465886800839126,1.1749127655611646,1132.8082592977385,1153.0895566126646,-20.281297314926178,50.841491249438675,-16.683555947773357,-9.738357200360449,-6.945198747412908,66.8482666015625,30.79359130859375,29.753557477678573,55.3568115234375,9.9683837890625,1138.8892822265625,-11.606689453125,0
2021-11-26,1138.8892822265625,1143.4119873046875,1108.2918701171875,1113.41455078125,15763138,1106.6719970703125,1139.1592651367187,-3.223081332853326,-3.223081332853328,2.602703190055844,1.1212023113184477,-2.4542022767800153,1128.9295175944408,1149.482737900718,-20.553220306277126,43.05163082390073,-17.53228530257593,-11.297142820803545,-6.2351424817723835,35.1201171875,32.69266357421875,32.06599644252232,-25.4747314453125,-11.606689453125,1125.644287109375,12.229736328125,1
2021-11-29,1125.644287109375,1153.7496337890625,1107.1842041015625,1126.7518310546875,24325354,1106.9489013671875,1133.4458984375,1.197871921476069,1.197871921476068,-2.0638177976698424,3.831752162244939,3.2892630585730886,1128.4939802864901,1147.416291823806,-18.922311537315863,45.324445656338376,-16.93350348976719,-12.424414954596275,-4.509088535170916,46.5654296875,35.4224365234375,33.295567103794646,1.1075439453125,12.229736328125,1138.9815673828125,12.229736328125,1
2021-11-30,1138.9815673828125,1142.62744140625,1102.453857421875,1110.0916748046875,32172299,1119.40478515625,1127.3541015625,-1.4786003262497818,-1.4786003262497793,-0.2984401429127148,-3.5119025072300802,0.8194160506254988,1124.8135191901297,1144.023144822068,-19.209625631938252,41.2265857518296,-17.60041335449273,-13.459614634575566,-4.140798719917164,40.173583984375,37.953759765625,34.785557338169646,-28.889892578125,12.229736328125,1122.8291015625,12.7374267578125,1
2021-12-01,1122.8291015625,1141.7506103515625,1119.1832275390625,1138.5201416015625,10104610,1124.2966796875,1120.9369506835938,2.560911629382031,2.5609116293820344,1.0444456554252302,2.25482869814273,4.916218386655413,1127.5548436724164,1143.5228718020219,-15.9680281296055,44.04624485228048,-15.65454865098559,-13.898601437857572,-1.7559472131280174,22.5673828125,36.518505859375,35.255301339285715,15.6910400390625,12.7374267578125,1139.76611328125,1.2459716796875,1
2021-12-02,1139.76611328125,1151.995849609375,1136.0279541015625,1145.8348388671875,12720411,1133.2220703125,1119.587060546875,0.6424741204257814,0.6424741204257733,3.2198389442735564,1.6936300688890293,-0.4051411675692229,1131.2108427113708,1143.7330506261278,-12.522207914757018,44.93212480381533,-13.368102749259378,-13.792501700137933,0.4243989508785546,15.9678955078125,36.36390380859375,35.243765694754465,6.0687255859375,1.2459716796875,1153.01123046875,7.1763916015625,1
2021-12-03,1153.01123046875,1153.057373046875,1107.599609375,1111.406982421875,19222481,1136.0464599609375,1121.359228515625,-3.004608978319169,-3.0046089783191676,-2.3814386929990827,0.11848639594733701,-0.18030735793477248,1127.2500706534715,1140.794317153014,-13.544246499542396,37.56807346082747,-14.170766414493073,-13.868154643008962,-0.302611771484111,45.457763671875,39.1121337890625,37.033726283482146,-41.604248046875,7.1763916015625,1114.983642578125,3.57666015625,1
2021-12-06,1114.983642578125,1119.1370849609375,1087.8243408203125,1090.3394775390625,10332254,1133.9143310546874,1120.4316162109376,-1.8955706789698359,-1.8955706789698379,-4.843225170478293,-4.2318675183667835,-3.2316214193804815,1119.8679520305898,1136.2075135517455,-16.3395615211557,36.0945679626428,-16.31874242304002,-14.358272199015175,-1.9604702240248457,31.312744140625,37.720703125,38.208897181919646,-24.6441650390625,3.57666015625,1096.5928955078125,6.25341796875,1
2021-12-07,1096.5928955078125,1109.445556640625,1089.1396484375,1099.223388671875,11235122,1125.4365966796875,1122.4206909179688,0.8147839563567691,0.8147839563567683,-1.0962315283867152,-4.067903035780818,-0.9790440176686066,1115.7390393588469,1132.845320380848,-17.106281022001212,40.721521339504946,-17.106972967027104,-14.908012352617561,-2.1989606144095433,20.305908203125,35.49395751953125,36.929879324776785,2.6304931640625,6.25341796875,1118.7218017578125,19.4984130859375,1
2021-12-08,1118.7218017578125,1122.2752685546875,1110.507080078125,1115.9527587890625,8744178,1124.61513671875,1124.455908203125,1.5219263244935668,1.5219263244935721,2.3491106923698712,0.40901095989893665,-1.9821680783577822,1115.78178324489,1131.3096329634132,-15.527849718523157,46.792443173606216,-16.195044603628503,-15.16541880281975,-1.0296258008087538,11.7681884765625,33.60872802734375,36.700770786830354,-2.76904296875,19.4984130859375,1123.7520751953125,7.79931640625,1
2021-12-09,1123.7520751953125,1142.1658935546875,1119.1370849609375,1133.6512451171875,13213547,1121.4123291015626,1127.3171997070312,1.5859530064095098,1.5859530064095129,3.1320163672017287,3.9723194904289105,-1.063294057461639,1119.3556756193495,1131.5225067955744,-12.166831176224832,48.86844449995891,-13.884166838566898,-14.90916840996918,1.0250015714022815,23.02880859375,29.2267822265625,37.289175851004465,9.899169921875,7.79931640625,1126.1749267578125,-7.476318359375,0
2021-12-10,1126.1749267578125,1138.05859375,1121.6060791015625,1134.8050537109375,8364414,1116.045068359375,1126.0457641601563,0.10177809081228757,0.10177809081228784,1.6893452499129102,3.2369821644764762,2.1052658170345184,1122.4455512376671,1131.8209201515165,-9.375368913849343,57.466677541274336,-11.823384236369975,-14.29201157524934,2.468627338879365,16.4525146484375,27.36002197265625,34.432826450892854,8.630126953125,-7.476318359375,1141.5198974609375,6.71484375,1
2021-12-13,1141.5198974609375,1141.7967529296875,1109.445556640625,1112.0531005859375,12901733,1121.3523193359374,1127.6333251953124,-2.004921730882199,-2.004921730882203,-1.9051842111298845,-0.3494465309944239,1.9914552755517345,1120.3670611073212,1130.0238456455547,-9.656784538233524,51.79029173891858,-11.88904217070126,-13.811417694339726,1.9223755236384665,32.3511962890625,25.9385986328125,33.702671595982146,-29.466796875,6.71484375,1098.36962890625,-13.6834716796875,0
2021-12-14,1098.36962890625,1110.36865234375,1095.32373046875,1098.4388427734375,12991523,1121.707666015625,1123.5721313476563,-1.2242452995568907,-1.224245299556892,-3.2046218703889684,-3.106105382534119,-0.07137274429589446,1115.9814174405446,1127.1524817480895,-11.171064307544839,52.1788454647011,-12.89103357243448,-13.627340869958678,0.7363072975241973,15.044921875,23.425732421875,32.71044921875,0.0692138671875,-13.6834716796875,1100.215576171875,1.7767333984375,1
2021-12-15,1100.215576171875,1109.9071044921875,1089.647216796875,1095.2314453125,9366969,1118.0064208984375,1121.3107788085938,-0.2919959979600843,-0.2919959979600817,-1.5126665502370518,-3.4872605007377655,-1.8568271204461695,1111.8314230149358,1124.250569344854,-12.419146329918249,38.59850637192006,-13.785023971560122,-13.658877490278968,-0.1261464812811539,20.2598876953125,23.19498291015625,29.193167550223215,-4.984130859375,1.7767333984375,1110.2301025390625,14.9986572265625,1
2021-12-16,1110.2301025390625,1114.7528076171875,1093.131591796875,1109.3994140625,9761279,1115.3020263671874,1118.357177734375,1.293605001083354,1.2936050010833533,0.9978317282906879,-0.23862947929728096,-2.139267359264496,1111.3450212244488,1122.9004643191856,-11.555443094736802,49.085150049409464,-13.198141176327454,-13.566730227488666,0.3685890511612122,21.6212158203125,23.76031494140625,27.72296142578125,-0.8306884765625,14.9986572265625,1106.69970703125,-2.69970703125,0
2021-12-17,1106.69970703125,1111.2916259765625,1070.6795654296875,1080.1173095703125,21049821,1111.406982421875,1113.726025390625,-2.6394555577562113,-2.6394555577562095,-1.379994685769359,-1.6679611544749395,-4.819131176918012,1105.0994788936216,1119.0110866147425,-13.911607721120845,40.09411169937764,-14.923820926717553,-13.838148367334444,-1.0856725593831094,40.612060546875,23.27574462890625,27.297720772879465,-26.5823974609375,-2.69970703125,1069.6873779296875,-10.429931640625,0
2021-12-20,1069.6873779296875,1069.6873779296875,1037.0362548828125,1050.9967041015625,14325846,1097.040478515625,1109.1963989257813,-2.6960595123074764,-2.6960595123074804,-5.264353777425668,-4.038848720081822,-5.490420956715514,1094.2789239352098,1112.827960931726,-18.54903699651618,38.078401138344134,-18.428788450294178,-14.75627638392639,-3.672512066367787,32.651123046875,23.40958251953125,27.505397251674108,-18.690673828125,-10.429931640625,1066.6876220703125,15.69091796875,1
2021-12-21,1066.6876220703125,1082.6785888671875,1057.8499755859375,1066.6414794921875,12836561,1090.7040771484376,1106.2058715820312,1.4885655996418021,1.4885655996418112,-1.247626527111756,-3.854151537158068,-2.894777755761546,1088.7514350466054,1108.629189891768,-19.8777548451626,34.71087477946625,-19.716814673214458,-15.748384041784005,-3.9684306314304525,24.82861328125,23.86185302734375,27.507036481584823,-0.046142578125,15.69091796875,1072.94091796875,6.2994384765625,1
2021-12-22,1072.94091796875,1094.6314697265625,1071.6026611328125,1091.9547119140625,17658543,1085.2491455078125,1101.627783203125,2.3731715771944537,2.373171577194455,3.897063392554845,1.095936731951741,-0.2991818224779452,1089.3920904200968,1107.113328257431,-17.72123783733423,39.35441204620784,-18.48196978659803,-16.295101190746813,-2.186868595851216,23.02880859375,24.9879150390625,28.365757533482142,19.0137939453125,6.2994384765625,1095.6005859375,3.6458740234375,1
2021-12-23,1095.6005859375,1098.36962890625,1088.23974609375,1091.5625,9072401,1082.3232421875,1098.8126342773437,-0.03591833157393503,-0.035918331573936424,2.3364008419846094,3.859745300829931,-1.6077991241389977,1089.8261723360774,1105.6996165976645,-15.87344426158711,45.46986401472252,-17.335165543372568,-16.503114061271965,-0.8320514821006029,10.1298828125,23.6980224609375,25.842337472098215,-4.0380859375,3.6458740234375,1093.754638671875,2.192138671875,1
2021-12-24,1093.754638671875,1103.9075927734375,1078.7789306640625,1095.046875,7886494,1079.734228515625,1095.57060546875,0.3192098482679645,0.31920984826796506,0.28317686184231583,2.6630687118351926,1.382217033039379,1090.8703128688621,1104.7311855433313,-13.860872674469192,51.16840720770807,-15.961164605878139,-16.3947241701932,0.43355956431506115,25.128662109375,24.56563720703125,25.400617327008927,1.292236328125,2.192138671875,1089.85498046875,-5.19189453125,0
2021-12-27,1089.85498046875,1097.4466552734375,1083.6478271484375,1093.8699951171875,4017223,1083.7677490234375,1090.4041137695312,-0.1074730141403764,-0.10747301414038013,0.21139376968222212,0.17539950899316814,4.079298331603698,1091.4702493185273,1103.7438045955,-12.27355527697273,48.61838591091443,-14.796656687030008,-16.075110673560562,1.278453986530554,13.798828125,22.710400390625,24.935825892857142,4.0150146484375,-5.19189453125,1096.3389892578125,2.468994140625,1
2021-12-28,1096.3389892578125,1109.837890625,1095.1622314453125,1106.8612060546875,6374613,1089.6980224609374,1090.2010498046875,1.187637561638048,1.1876375616380441,1.0788881576131226,1.401541923131977,3.7706884024093945,1094.5484406657595,1104.0272047281533,-9.478764062393793,47.60747339177789,-12.67933414947629,-15.39595536874371,2.71662121926742,14.6756591796875,22.67347412109375,24.429827008928573,10.522216796875,2.468994140625,1103.4461669921875,-3.4150390625,0
2021-12-29,1103.4461669921875,1116.3681640625,1099.3387451171875,1108.75341796875,15425312,1095.799072265625,1090.5241088867188,0.17095295270191355,0.17095295270190825,1.3606208158189803,1.251685501476829,1.5384068470423395,1097.3894361263576,1104.4568604772983,-7.067424350940655,42.8533752434196,-10.725023699279745,-14.461769034850917,3.7367453355711717,17.0294189453125,22.35042724609375,23.773847307477677,5.3072509765625,-3.4150390625,1107.599609375,-1.15380859375,0
2021-12-30,1107.599609375,1109.884033203125,1082.4940185546875,1088.7242431640625,29333171,1098.198876953125,1090.2610595703125,-1.8064589006076028,-1.8064589006075993,-1.6385941427356276,-0.4704171406195057,-0.2600178034640743,1095.6563975338986,1103.0266225397313,-7.370225005832708,38.0661902979388,-10.669415226146157,-13.703298273109965,3.0338830469638083,27.3900146484375,22.92730712890625,24.555097307477677,-18.8753662109375,-1.15380859375,1095.13916015625,6.4149169921875,1
2021-12-31,1095.13916015625,1100.16943359375,1089.1396484375,1092.90087890625,9477290,1098.47578125,1089.1050048828124,0.383626594926307,0.3836265949263007,-1.4297623624504374,-1.2612536307237576,-0.19597298916997907,1095.105293808369,1102.106100391233,-7.000806582864016,44.512035000250954,-10.171079636979357,-12.996854545883844,2.825774908904487,11.02978515625,19.96907958984375,23.061811174665177,-2.23828125,6.4149169921875,1091.4471435546875,-1.4537353515625,0
2022-01-03,1091.4471435546875,1111.2685546875,1090.7779541015625,1109.3763427734375,5421611,1098.7942138671874,1091.2809814453126,1.5074984552739827,1.5074984552739812,1.8969082151928163,0.056182447295505256,1.4175676931872383,1097.9595036013827,1102.767031516888,-4.807527915505261,53.08351371818434,-8.350454013474973,-12.06757443940207,3.7171204259270976,20.4906005859375,18.75302734375,23.330470493861608,17.92919921875,-1.4537353515625,1114.9375,5.5611572265625,1
2022-01-04,1114.9375,1135.7510986328125,1109.445556640625,1134.4127197265625,10847728,1102.513916015625,1096.1059692382812,2.2567974444573187,2.2567974444573258,3.7983170863451488,4.1965150357743175,2.4891570434634636,1105.2501468264188,1105.643912263222,-0.39376543680327813,59.83548116581347,-4.831672198075921,-10.620393991136842,5.788721793060921,26.3055419921875,18.90072021484375,23.767246791294642,19.4752197265625,5.5611572265625,1136.212646484375,1.7999267578125,1
2022-01-05,1136.212646484375,1143.1351318359375,1122.8060302734375,1139.719970703125,11643813,1109.0672119140625,1102.4331420898438,0.4678412789519632,0.4678412789519637,2.7351969534367804,4.283928460532538,2.7929161013190873,1112.14411160176,1108.7417357577588,3.402375844001199,57.9655686675224,-1.5963596186718405,-8.815587116643842,7.2192274979720015,20.3291015625,18.63074951171875,23.674952915736608,3.50732421875,1.7999267578125,1131.2283935546875,-8.4915771484375,0
2022-01-06,1131.2283935546875,1132.5206298828125,1111.7530517578125,1115.21435546875,14447422,1113.79296875,1105.9959228515625,-2.1501435321219127,-2.1501435321219176,-1.6923615121699265,0.5262427609297626,2.433133318286518,1112.758160375158,1109.330155731485,3.428004643672921,59.4577693324294,-0.9982423216683856,-7.252118157648751,6.253875835980366,20.767578125,19.69451904296875,22.771728515625,-16.0140380859375,-8.4915771484375,1121.883056640625,6.668701171875,1
2022-01-07,1121.883056640625,1134.3896484375,1112.929931640625,1124.213623046875,13112115,1119.141748046875,1108.8087646484375,0.8069540652875117,0.8069540652875018,-1.3605401374763737,-0.8990640269042394,2.865103756889842,1115.0492529095015,1110.6831982147023,4.366054694799232,72.12998011861106,0.19963436821831237,-5.7617676524753385,5.961402020693651,21.459716796875,19.32762451171875,21.227347237723215,2.33056640625,6.668701171875,1131.59765625,7.384033203125,1
2022-01-10,1131.59765625,1133.9051513671875,1115.0067138671875,1125.1365966796875,9246731,1127.1718505859376,1112.9830322265625,0.08209948837935545,0.08209948837936132,0.889716058825929,-1.27955764558908,1.4206408861080932,1117.0667216635388,1111.997143529701,5.069578133837922,69.40742519978909,1.209494237063609,-4.367515274567549,5.577009511631158,18.8984375,19.83758544921875,20.314243861607142,-6.4610595703125,7.384033203125,1124.213623046875,-0.9229736328125,0
2022-01-11,1124.213623046875,1142.18896484375,1123.7520751953125,1133.2359619140625,16205164,1129.0270751953126,1115.7704956054688,0.7198561719773826,0.7198561719773844,0.8025466585910079,1.615976906765848,-0.10373277661974711,1120.3005697136437,1113.9279452010064,6.3726245126372305,65.46240792968845,2.633014788478704,-2.9674092619582986,5.600424050437002,18.4368896484375,20.21370849609375,19.631879534040177,9.0223388671875,-0.9229736328125,1140.5045166015625,7.2685546875,1
2022-01-12,1140.5045166015625,1165.2640380859375,1137.5970458984375,1163.4871826171875,14800442,1129.88544921875,1119.4763305664062,2.6694547049168795,2.669454704916885,3.4085271113457383,3.4934249830447905,2.0853553965014537,1128.9378922943524,1118.433330420659,10.50456187369332,72.01577385792064,6.131505592389658,-1.1476262910887072,7.279131883478366,27.6669921875,21.2774658203125,21.196036202566965,22.982666015625,7.2685546875,1163.5565185546875,0.0693359375,1
2022-01-13,1163.5565185546875,1172.671142578125,1157.626220703125,1170.04052734375,11856712,1136.35107421875,1125.072021484375,0.5632502724973028,0.5632502724973065,3.247740688313816,3.99097592208586,4.916200334594456,1137.158419304232,1123.1248937773037,14.033525526928315,72.53184336799558,9.325387646662193,0.9469764964614729,8.378411150200721,15.044921875,20.04295654296875,20.47576904296875,6.4840087890625,0.0693359375,1169.902099609375,-0.138427734375,0
2022-01-14,1169.902099609375,1184.8084716796875,1165.6793212890625,1171.748046875,19930176,1145.9548828125,1132.5483154296876,0.14593678520917955,0.14593678520917752,0.7100090470468556,3.398417121875452,4.228237663523049,1144.0763448183857,1127.5451804225488,16.531164395836868,73.32408982704214,11.857657051828483,3.129112607534875,8.728544444293608,19.129150390625,20.85289306640625,20.85650634765625,1.845947265625,-0.138427734375,1171.28662109375,-0.46142578125,0
2022-01-17,1171.28662109375,1183.7470703125,1170.8250732421875,1177.8629150390625,8036453,1153.89267578125,1140.5322631835938,0.5218586180169518,0.521858618016946,0.668556986916613,1.2355729084645217,4.686214857375726,1150.8336588625211,1132.119519933141,18.71413892938017,72.1781461217481,14.194294564099437,5.3421489988477875,8.85214556525165,12.9219970703125,20.09603271484375,20.638942173549108,6.5762939453125,-0.46142578125,1179.0167236328125,1.15380859375,1
2022-01-18,1179.0167236328125,1182.5240478515625,1161.0181884765625,1163.810302734375,6215029,1164.8532958984374,1146.940185546875,-1.1930600857928753,-1.1930600857928741,-0.677427554651755,-0.5324793854379561,2.697967753218111,1153.428987636892,1135.0005001877987,18.42848744909338,65.98337288134917,14.742229017338332,7.222165002545896,7.520064014792435,21.505859375,19.616064453125,20.958687918526785,-15.2064208984375,1.15380859375,1167.5946044921875,3.7843017578125,1
2022-01-19,1167.5946044921875,1173.132568359375,1157.903076171875,1163.718017578125,9755485,1170.2713134765625,1150.0783813476562,-0.007929570311688753,-0.00792957031169328,-1.2008950515661976,-0.6853034078691866,0.019839922982067826,1155.4867936251387,1137.6111835869192,17.87561003821952,74.6212456421002,14.996158003652681,8.776963602767253,6.219194400885428,15.2294921875,19.106103515625,20.090079171316965,-3.8765869140625,3.7843017578125,1153.772705078125,-9.9453125,0
2022-01-20,1153.772705078125,1158.341552734375,1132.9820556640625,1143.3427734375,16494486,1168.31455078125,1152.3328125,-1.750874682083981,-1.7508746820839804,-1.7586654155566817,-2.9307435662339065,-2.281780270197975,1153.057989587611,1138.1322372096993,14.92575237791175,64.9685014025178,13.398833226684928,9.70133752755079,3.697495699134139,25.3594970703125,19.56529541015625,21.467991420200892,-10.429931640625,-9.9453125,1131.59765625,-11.7451171875,0
2022-01-21,1131.59765625,1154.7879638671875,1131.59765625,1143.52734375,13338594,1160.653662109375,1153.3042724609375,0.016143042732940264,0.016143042732941204,-1.7350142837991744,-1.7428062749333062,-2.4084275796544596,1151.1518604200887,1138.6227014406356,12.529158979453086,61.21892890999386,12.009398247132594,10.16294967146715,1.8464485756654447,23.1903076171875,19.7383544921875,21.66082763671875,11.9296875,-11.7451171875,1142.2120361328125,-1.3153076171875,0
2022-01-24,1142.2120361328125,1155.9417724609375,1086.8782958984375,1097.4005126953125,21868937,1154.8387451171875,1154.3657104492188,-4.033732232709236,-4.033732232709242,-4.01824035709436,-5.69876068610069,-6.831219602586902,1140.4015908751335,1134.8752297365154,5.5263611386180855,39.32091177498935,7.1043171021278795,9.551223157599296,-2.446906055471416,69.0634765625,24.7548583984375,24.71002197265625,-44.8115234375,-1.3153076171875,1084.31689453125,-13.0836181640625,0
2022-01-25,1084.31689453125,1102.361572265625,1063.757080078125,1095.2545166015625,24510205,1135.898779296875,1150.3760375976562,-0.19555267825410835,-0.19555267825410727,-4.221396839548685,-4.205935258711479,-5.890632345472502,1131.3721760204194,1131.2733467242467,0.0988292961726529,36.932047108733805,3.0091533587951744,8.242809197838472,-5.233655839043298,38.6044921875,26.77161865234375,26.015407017299108,10.9376220703125,-13.0836181640625,1078.0635986328125,-17.19091796875,0
2022-01-27,1078.0635986328125,1087.3397216796875,1066.5491943359375,1079.03271484375,20020431,1117.992578125,1144.1319458007813,-1.4810988233261724,-1.4810988233261768,-1.6737551731636713,-5.639972603956367,-7.277132557474541,1120.9042837850857,1126.5241983714743,-5.6199145863886315,38.82232904846878,-1.5276474733145733,6.288717863607863,-7.816365336922436,20.79052734375,26.08397216796875,26.068150111607142,0.9691162109375,-17.19091796875,1091.4471435546875,12.4144287109375,1
2022-01-28,1091.4471435546875,1096.4774169921875,1074.5562744140625,1077.994384765625,14667727,1105.5274658203125,1136.9210083007813,-0.09622785888149424,-0.09622785888149243,-1.575901452522066,-1.7683724132791179,-5.715555316399367,1112.3223039811937,1122.112397134579,-9.790093153385214,34.98272783859407,-5.147541721531979,4.001465946579895,-9.149007668111874,21.921142578125,26.77159423828125,26.101109095982142,-13.4527587890625,12.4144287109375,1089.23193359375,11.237548828125,1
2022-01-31,1089.23193359375,1110.55322265625,1087.3858642578125,1101.41552734375,12143683,1097.0543212890625,1128.8539916992188,2.17265905176465,2.172659051764647,2.0743404895968487,0.562518633687481,-3.6826243496855593,1110.140948653705,1120.2308635172308,-10.089914863525792,43.27577069386518,-6.056626505538361,1.9898474561562438,-8.046473961694605,23.1673583984375,27.1754150390625,27.076851981026785,12.18359375,11.237548828125,1111.2916259765625,9.8760986328125,1
2022-02-01,1111.2916259765625,1117.1064453125,1083.186279296875,1097.7696533203125,13200509,1090.8702392578125,1122.8544921875,-0.3310171259551917,-0.33101712595519084,1.8344500522595064,1.7364569413704567,0.03363773032083461,1107.6666895870267,1118.1889353175109,-10.522245730484201,39.6859241333117,-6.990689987691667,0.19373996738666177,-7.184429955078329,33.920166015625,29.27523193359375,28.18280029296875,-13.52197265625,9.8760986328125,1110.830078125,13.0604248046875,1
2022-02-02,1110.830078125,1110.830078125,1096.1082763671875,1100.0079345703125,10017691,1096.1728759765624,1116.0358276367188,0.20389352568000924,0.20389352567999897,-0.12779852276390002,2.042083902827896,0.43400122041945544,1106.1349385836838,1116.5361170677654,-10.401178484081584,27.946140649232163,-7.464287772994794,-1.3378655806896294,-6.1264221923051645,14.7218017578125,28.596826171875,26.946637834821427,-10.8221435546875,13.0604248046875,1103.9075927734375,3.899658203125,1
2022-02-03,1103.9075927734375,1108.268798828125,1083.232421875,1085.793701171875,9572839,1101.3416748046875,1109.6671264648437,-1.2921937153107803,-1.2921937153107854,-1.0909348889555304,-1.4183408335952663,0.6265784378098438,1102.066691101322,1113.7413519863208,-11.67466088499873,22.21036404781819,-8.884176020922496,-2.847127668736203,-6.037048352186293,25.036376953125,29.5775146484375,27.660313197544642,-18.1138916015625,3.899658203125,1080.37109375,-5.422607421875,0
2022-02-04,1080.37109375,1083.809326171875,1071.187255859375,1075.89453125,11061241,1099.12646484375,1102.3269653320312,-0.9116989637341816,-0.9116989637341866,-2.1921117623330377,-1.9926878106120927,-0.19479262093573535,1096.8322591310578,1110.3007319193825,-13.468472788324789,20.00288628754565,-10.685057279922148,-4.414713590973392,-6.270343688948756,12.6220703125,28.30377197265625,27.337262834821427,-4.4765625,-5.422607421875,1080.8326416015625,4.9381103515625,1
2022-02-07,1080.8326416015625,1087.662841796875,1063.757080078125,1069.34130859375,10714467,1097.4466064453125,1097.2504638671876,-0.6090952659306028,-0.6090952659306037,-1.515241114437138,-2.7878549792953566,-2.9120906645789146,1091.3340690235964,1106.5771479806886,-15.243078957092166,16.13136337205229,-12.49700130123324,-6.031171133025362,-6.465830168207878,23.90576171875,28.3753173828125,28.121817452566965,-11.4913330078125,4.9381103515625,1075.5946044921875,6.2532958984375,1
2022-02-08,1075.5946044921875,1089.1396484375,1066.0645751953125,1087.316650390625,12060849,1090.3072021484375,1090.588720703125,1.6809732919149722,1.6809732919149667,1.0616392972417676,0.14026137903602187,-0.9522036702391379,1090.530585297002,1104.826193654319,-14.29560835731695,26.697563937156048,-12.34026919394887,-7.292990745210064,-5.0472784487388065,23.0750732421875,23.77647705078125,28.233904157366073,11.7220458984375,6.2532958984375,1094.2852783203125,6.9686279296875,1
2022-02-09,1094.2852783203125,1101.6923828125,1088.2166748046875,1099.98486328125,11486225,1086.9982421875,1091.5855590820313,1.1650895703725193,1.1650895703725128,2.8656477067923403,2.239097916341426,-0.0020973747858921143,1092.4214408938517,1104.3860727113126,-11.96463181746094,31.966557151949715,-11.066273845753813,-8.047647365318813,-3.0186264804349996,13.4757080078125,21.2635986328125,28.172921316964285,5.6995849609375,6.9686279296875,1105.6151123046875,5.6302490234375,1
2022-02-10,1105.6151123046875,1105.6151123046875,1091.4932861328125,1098.854248046875,12464491,1087.33974609375,1094.3407104492187,-0.10278461750849732,-0.1027846175085001,1.0611074200054915,2.7599176442492768,1.2028571229418583,1093.7080023244564,1103.8831795600001,-10.175177235543742,35.87339266862567,-10.032209487992759,-8.444559789853603,-1.5876496981391561,14.121826171875,20.596728515625,26.986197335379465,-6.7608642578125,5.6302490234375,1095.2545166015625,-3.5997314453125,0
2022-02-11,1095.2545166015625,1100.4464111328125,1081.8017578125,1096.708251953125,15943370,1090.3164306640624,1094.7214477539062,-0.19529397074856247,-0.1952939707485668,-0.297877856096207,0.863741170442478,1.9345502833761241,1094.3080522501903,1103.2309134139205,-8.922861163730204,35.316265533685154,-9.278908503060165,-8.611429532494915,-0.6674789705652504,18.6446533203125,20.26907958984375,26.661507742745535,1.4537353515625,-3.5997314453125,1080.0250244140625,-16.6832275390625,0
2022-02-14,1080.0250244140625,1086.80908203125,1067.4490966796875,1079.240478515625,10719633,1090.1549072265625,1093.8007568359376,-1.5927456920645657,-1.5927456920645677,-1.7849291265071732,-1.8858791114401918,0.9257259438422816,1091.2945375032773,1101.0499647868025,-9.75542728352525,43.05628089257843,-9.97641349275068,-8.884426324546068,-1.0919871682046125,19.3599853515625,19.88834228515625,23.818341936383927,-0.7845458984375,-16.6832275390625,1085.078369140625,5.837890625,1
2022-02-15,1085.078369140625,1118.6295166015625,1077.9251708984375,1115.883544921875,11212671,1092.05166015625,1091.1794311523438,3.3952642748026327,3.395264274802634,1.7484406572669364,1.5497320873326226,2.627283829506988,1096.2123389869969,1102.398472071809,-6.186133084812127,56.241265405165144,-7.486106822718966,-8.604762424180649,1.1186556014616826,40.704345703125,20.56676025390625,23.968331473214285,30.80517578125,5.837890625,1121.444580078125,5.56103515625,1
2022-02-16,1121.444580078125,1122.8291015625,1105.7305908203125,1113.5760498046875,10392840,1097.4835205078125,1092.2408813476563,-0.2067863736935965,-0.20678637369360153,3.1814569572378604,1.538038746541992,1.2355794136016618,1099.685081150535,1103.4146155020708,-3.7295343515356763,61.411827534482285,-5.633773779219382,-8.010564695188396,2.376790915969014,17.0985107421875,20.80443115234375,23.139273507254465,-7.8685302734375,5.56103515625,1116.875732421875,3.2996826171875,1
2022-02-17,1116.875732421875,1132.9359130859375,1112.214599609375,1127.6748046875,12853252,1099.73564453125,1093.5376953125,1.2660792125769327,1.2660792125769316,1.0566747595915693,4.4878159350074665,2.6227824747323103,1105.2830258579281,1105.6200872462007,-0.33706138827255927,65.10876758397855,-2.9936261473160357,-7.007176985613925,4.013550838297889,20.7213134765625,20.3729248046875,23.053571428571427,10.799072265625,3.2996826171875,1128.0902099609375,0.4154052734375,1
2022-02-18,1128.0902099609375,1133.628173828125,1116.8988037109375,1118.8602294921875,6775458,1106.302783203125,1098.3096069335938,-0.7816593186858676,-0.7816593186858678,0.47452346774401466,0.2667558441791451,2.0198605690813443,1107.99846658478,1106.8237365412904,1.174730043489717,55.82255751409735,-1.5941760108662493,-5.92457679066439,4.330400779798141,16.7293701171875,20.78365478515625,21.922895159040177,-9.22998046875,0.4154052734375,1113.1375732421875,-5.72265625,0
2022-02-21,1113.1375732421875,1124.9058837890625,1100.4925537109375,1107.553466796875,11107193,1112.92529296875,1101.5401000976562,-1.0105607829535825,-1.0105607829535845,-1.7843209591085096,-0.5408326632804994,2.6234179355643983,1107.9094666271992,1106.8900756554344,1.0193909717647784,53.106687754943984,-1.3815374464832075,-5.015968921828153,3.634431475344946,24.413330078125,20.83441162109375,21.24383544921875,-5.5841064453125,-5.72265625,1085.8629150390625,-21.6905517578125,0
2022-02-22,1085.8629150390625,1105.70751953125,1083.2093505859375,1102.5230712890625,13494914,1113.0822021484375,1102.5669311523438,-0.45418985706945314,-0.4541898570694536,-1.460160775447339,-2.230406611364122,-1.1972999954711128,1106.832187559572,1106.4930752584914,0.3391123010806041,50.78472211265403,-1.6004813759063836,-4.332871412643799,2.7323900367374154,22.4981689453125,20.77672119140625,21.931143624441965,16.66015625,-21.6905517578125,1108.1072998046875,5.584228515625,1
2022-02-23,1108.1072998046875,1110.6224365234375,1092.8316650390625,1095.6236572265625,7310110,1110.41474609375,1103.9491333007813,-0.6257840985071861,-0.6257840985071872,-1.0771317076740616,-2.0768074200091413,-1.612138890852921,1104.5904814929702,1105.504946346498,-0.9144648535277611,53.213642605010136,-2.3041601475238167,-3.927129159619803,1.6229690120959863,17.790771484375,21.2082275390625,21.413600376674108,-12.483642578125,5.584228515625,1063.757080078125,-31.8665771484375,0
2022-02-24,1063.757080078125,1079.863525390625,1035.3287353515625,1041.0281982421875,24846650,1099.791015625,1099.763330078125,-4.983048570033322,-4.983048570033322,-5.577649542968343,-6.006506281550761,-7.683651890167386,1091.8780248428136,1099.6434237915607,-7.7653989487471335,41.17919985895367,-7.184410498427496,-4.578585427381342,-2.605825071046154,44.5347900390625,24.24952392578125,24.67706298828125,-22.7288818359375,-31.8665771484375,1052.2657470703125,11.237548828125,1
2022-02-25,1052.2657470703125,1065.1185302734375,1050.489013671875,1054.0426025390625,14570089,1084.626123046875,1095.464453125,1.2501490659763372,1.250149065976336,-3.7951950392124068,-4.397229410656866,-5.793183567043359,1084.3109403820633,1095.497894586788,-11.18695420472477,46.25211931977188,-9.887908743989556,-5.640450090702985,-4.247458653286571,14.6295166015625,23.84801025390625,24.69024658203125,1.77685546875,11.237548828125,1035.1441650390625,-18.8984375,0
2022-02-28,1035.1441650390625,1092.5316162109375,1035.1441650390625,1088.931884765625,21297446,1069.02744140625,1090.9763671875,3.3100447878025414,3.3100447878025463,4.601574347776993,-0.6107729069922518,-1.6813257860232245,1085.2351292587757,1094.900984603046,-9.665855344270312,50.36541426701729,-9.110160824359582,-6.3343922374343045,-2.7757685869252775,57.387451171875,27.6507568359375,27.141130719866073,53.7877197265625,-18.8984375,1077.3482666015625,-11.5836181640625,0
2022-03-02,1077.3482666015625,1108.0611572265625,1074.9254150390625,1106.930419921875,21471786,1067.32451171875,1090.2033569335938,1.6528614331211264,1.6528614331211333,5.017616674640291,6.330493428608919,0.3997511478521121,1089.5741873913958,1095.9945696320306,-6.420382240634808,51.534298974345944,-6.961214084841913,-6.4597566069158265,-0.5014574779260865,33.1357421875,26.893896484375,28.481131417410715,29.5821533203125,-11.5836181640625,1107.599609375,0.669189453125,1
2022-03-03,1107.599609375,1114.452880859375,1093.7777099609375,1097.5850830078125,10186748,1067.2229736328125,1088.8188598632812,-0.8442569420688679,-0.8442569420688661,0.794650093660354,4.130998155469379,0.17902367919062634,1091.176366514679,1096.1391617571016,-4.962795242422544,49.729452200257086,-5.943733241215114,-6.356551933775685,0.41281869256057124,20.6751708984375,27.2515625,28.949227469308035,-10.0145263671875,0.669189453125,1085.9090576171875,-11.676025390625,0
2022-03-04,1085.9090576171875,1091.1240234375,1070.8411865234375,1073.240966796875,10805667,1071.653369140625,1085.7221923828124,-2.2179707603373306,-2.217970760337329,-3.043502330288994,-1.4409457734013587,3.094322383301429,1087.5892865711185,1094.0575076698083,-6.46822109868981,45.430027855563516,-7.020807568690998,-6.489403060758748,-0.5314045079322502,20.2828369140625,27.20771484375,29.527744838169642,-12.6680908203125,-11.676025390625,1051.61962890625,-21.621337890625,0
2022-03-07,1051.61962890625,1067.0338134765625,1025.45263671875,1033.552001953125,17983310,1071.5241455078126,1078.0751342773438,-3.6980478822200658,-3.698047882220068,-5.833997021826487,-6.629000039038491,-1.9440011757189013,1076.7818296475198,1088.5570071501097,-11.77517750258994,41.81141099089729,-10.95073128779677,-7.381668706166353,-3.5690625816304173,41.5811767578125,29.6928955078125,30.85125732421875,-18.067626953125,-21.621337890625,1020.6068725585938,-12.94512939453125,0
2022-03-08,1020.6068725585938,1036.5286865234375,1006.0696411132812,1031.682861328125,21289374,1068.6166870117188,1068.8220642089843,-0.1808463068590497,-0.18084630685905045,-3.872206406058243,-6.004292760529295,-5.257355784914131,1067.762035983641,1083.386630257202,-15.624594273560888,32.76007706183245,-14.054041929115556,-8.716143350756195,-5.337898578359361,30.45904541015625,30.297467041015626,30.119450160435267,11.07598876953125,-12.94512939453125,1031.9136962890625,0.2308349609375,1
2022-03-09,1031.9136962890625,1092.3701171875,1031.059814453125,1086.416748046875,20414228,1059.5297729492188,1063.4271423339844,5.305301538913708,5.305301538913709,5.114860790153797,1.2276629068049383,-1.85320337266075,1071.492978396288,1083.6620955108085,-12.169117114520532,45.42200663404955,-11.959014665643053,-9.364717613733566,-2.5942970519094875,61.310302734375,34.178680419921875,33.277435302734375,54.5030517578125,0.2308349609375,1107.599609375,21.182861328125,1
2022-03-10,1107.599609375,1109.9071044921875,1089.1396484375,1104.02294921875,17980493,1059.5297729492188,1063.3763732910156,1.6205752721988924,1.6205752721988986,7.011853215967823,6.818326231525318,0.5865482604132444,1077.9989725607804,1085.5130822115304,-7.514109650750015,46.059814390056935,-8.776843187210261,-9.247142728428905,0.4702995412186439,20.7674560546875,34.476348876953125,33.47522408621652,-3.57666015625,21.182861328125,1096.546630859375,-7.476318359375,0
2022-03-11,1096.546630859375,1112.6761474609375,1096.546630859375,1107.207275390625,12257423,1061.6572875976562,1066.6553283691405,0.2884293459776678,0.2884293459776588,1.9136788328352416,7.320506804317217,3.164835264826271,1083.8406331267495,1087.485281591448,-3.644648464698548,48.02160930139442,-5.929647568605105,-8.583643696464145,2.65399612785904,16.1295166015625,31.635821533203124,33.43237740652902,10.66064453125,-7.476318359375,1101.553955078125,-5.6533203125,0
2022-03-14,1101.553955078125,1118.8602294921875,1095.6005859375,1116.298828125,8340678,1071.6441528320313,1071.5841491699218,0.8211247285353577,0.8211247285353496,1.1119224391971994,2.7505172514917575,8.006063170068511,1090.3322721263996,1090.10469491268,0.22757721371954176,51.495999952401036,-2.906112349365003,-7.448137427044317,4.542025077679314,23.2596435546875,32.498834228515626,33.34997122628348,14.744873046875,-5.6533203125,1120.49853515625,4.19970703125,1
2022-03-15,1120.49853515625,1120.49853515625,1080.3018798828125,1090.7318115234375,15925769,1091.6224853515625,1080.1195861816407,-2.290338031126158,-2.29033803112616,-1.4880198345314288,-1.2038823744305205,5.7235563765493325,1090.4121800058074,1090.161705513658,0.25047449214935114,48.11537219639417,-2.5436617230266165,-6.4672422862407775,3.923580563214161,40.1966552734375,30.779754638671875,34.48229544503348,-29.7667236328125,4.19970703125,1099.2926025390625,8.560791015625,1
2022-03-16,1099.2926025390625,1111.2454833984375,1097.03125,1109.1456298828125,11149828,1105.0982666015625,1082.3140197753905,1.6882076936635972,1.6882076936636015,-0.640796000314936,0.17506699380236412,2.0920960466412897,1094.1588699812085,1091.8875168199447,2.2713531612637325,52.0845213328254,-0.7617942495289753,-5.326152678898417,4.564358429369442,14.2142333984375,28.887603759765625,34.676788330078125,9.85302734375,8.560791015625,1122.7137451171875,13.568115234375,1
2022-03-17,1122.7137451171875,1152.5496826171875,1114.5682373046875,1145.30419921875,21422098,1108.12109375,1083.8254333496093,3.26003802942972,3.2600380294297127,5.003281935922499,2.5983518358134505,3.739165932122357,1104.3879358287168,1096.7435788561997,7.644356972517016,67.04384214163184,3.527381458779473,-3.555445851362839,7.082827310142312,37.9814453125,30.618231201171874,33.47029767717634,22.5904541015625,13.568115234375,1127.9056396484375,-17.3985595703125,0
2022-03-21,1127.9056396484375,1146.3656005859375,1125.59814453125,1138.7047119140625,11999466,1114.3928955078125,1088.0250915527345,-0.5762213488075246,-0.5762213488075263,2.6650316455173684,4.398230608459164,2.8447642301054454,1111.251291045786,1100.5582273160055,10.693063729780533,64.13436594920316,6.3211938502847715,-1.5801179110333172,7.901311761318089,20.7674560546875,30.666693115234374,33.23294939313616,10.799072265625,-17.3985595703125,1135.335693359375,-3.3690185546875,0
2022-03-22,1135.335693359375,1169.8790283203125,1132.3360595703125,1168.1253662109375,22557065,1121.1492431640625,1096.3966979980469,2.5836947883900003,2.5836947883900008,1.992585638623745,5.317582717641556,4.642711859958526,1122.6261060788163,1106.700694488272,15.9254115905444,63.467286406586275,10.78498858696662,0.89290338856667,9.89208519839995,37.54296875,30.262872314453126,31.815486363002233,32.7896728515625,-3.3690185546875,1164.3641357421875,-3.76123046875,0
2022-03-23,1164.3641357421875,1183.6778564453125,1164.3641357421875,1171.84033203125,15462187,1129.92236328125,1110.7724243164062,0.31802800690501054,0.3180280069050134,2.9099396683350376,2.3169506259211436,7.436156133974614,1132.468951269303,1112.6224797194518,19.84647154985123,61.60190718637627,14.455708362489304,3.605464383351197,10.850243979138106,19.313720703125,29.14833984375,30.828199114118302,7.4761962890625,-3.76123046875,1158.3646240234375,-13.4757080078125,0
2022-03-24,1158.3646240234375,1192.5848388671875,1158.3646240234375,1190.0465087890625,13168266,1141.736767578125,1123.4175170898438,1.5536397118414753,1.5536397118414813,1.876608728156537,4.508789358454401,7.293981667204297,1143.984462773255,1119.661027816689,24.32343495656596,66.01901716875756,18.619235581969406,6.608218623074839,12.011016958894567,34.22021484375,26.4393310546875,31.795702253069198,31.681884765625,-13.4757080078125,1191.8233642578125,1.77685546875,1
2022-03-25,1191.8233642578125,1207.2835693359375,1189.2850341796875,1197.984375,14222488,1155.55869140625,1131.839892578125,0.66702151153863,0.6670215115386346,2.231024334469889,2.556147623599392,4.599666692672999,1154.784445218604,1126.781332106081,28.003113112523124,72.91454202551482,22.30229340799633,9.747033580059139,12.555259827937192,17.99853515625,26.16243896484375,31.171033586774552,6.1610107421875,1.77685546875,1204.5145263671875,6.5301513671875,1
2022-03-28,1204.5145263671875,1213.629150390625,1193.6693115234375,1210.029541015625,9891424,1170.88046875,1142.6366821289062,1.0054526809354254,1.0054526809354147,1.6791807781442403,3.2589089093885804,6.263680860832799,1165.8334643780083,1134.3493510978576,31.484113280150723,86.08226551575622,25.894590778260863,12.976545019699484,12.918045758561378,19.9598388671875,26.54547119140625,29.183284214564733,5.5150146484375,6.5301513671875,1217.4365234375,7.406982421875,1
2022-03-29,1217.4365234375,1217.4365234375,1203.314697265625,1210.306396484375,8684065,1187.300634765625,1154.2249389648437,0.022880058656884063,0.022880058656893354,1.0285627877554715,1.7024450343481101,3.611001994611307,1174.7280507992818,1141.2545370420864,33.473513757195406,86.76038288178928,28.436059059841227,16.068447827727834,12.367611232113394,14.121826171875,25.631689453125,28.016339983258927,-7.130126953125,7.406982421875,1218.3134765625,8.007080078125,1
2022-03-30,1218.3134765625,1240.5115966796875,1207.791259765625,1233.5660400390625,15811550,1198.0905029296875,1164.0064331054687,1.9217979531671245,1.9217979531671148,1.945117720322953,2.9701276395247334,5.267416244397238,1186.495648647238,1149.6464918599934,36.84915678724474,84.78997258562383,31.95865040094236,19.24648834237074,12.712162058571622,32.7203369140625,24.8840576171875,25.974199567522323,15.2525634765625,8.007080078125,1229.8740234375,-3.6920166015625,0
2022-03-31,1229.8740234375,1232.066162109375,1213.0985107421875,1215.9366455078125,13223718,1212.3923828125,1177.0645751953125,-1.4291407155381597,-1.4291407155381575,0.4651920406098853,0.48817853547851175,2.1755567137535348,1192.383848019353,1155.6728694643405,36.710978555012616,76.45644640407691,32.94798080072587,21.986786834041766,10.961193966684107,18.9676513671875,25.3593994140625,25.758283342633927,-13.9373779296875,-3.6920166015625,1216.5135498046875,0.576904296875,1
2022-04-01,1216.5135498046875,1229.96630859375,1210.0526123046875,1225.67431640625,7922880,1217.330419921875,1186.4445556640626,0.8008370283445772,0.8008370283445698,-0.639748775230764,1.269754499068565,2.311377509097312,1199.0419416967325,1162.0366373681504,37.00530432858204,77.16400320108221,34.124415905836486,24.41431264840071,9.710103257435776,19.9136962890625,23.55262451171875,26.028581891741073,9.1607666015625,0.576904296875,1225.48974609375,-0.1845703125,0
2022-04-04,1225.48974609375,1234.5120849609375,1219.12109375,1229.297119140625,7929162,1221.5254638671875,1196.2029663085937,0.29557629509585165,0.29557629509584515,1.0987804078585572,-0.3460634258626527,1.592322953440295,1205.092977185511,1168.1512266201937,36.94175056531731,76.57656118763262,34.94624059770126,26.520698238260824,8.425542359440438,15.3909912109375,23.01497802734375,25.466535295758927,3.807373046875,-0.1845703125,1223.482177734375,-5.81494140625,0
2022-04-05,1223.482177734375,1232.158447265625,1209.45263671875,1211.921630859375,13149870,1222.7345947265626,1205.0176147460938,-1.4134490360960765,-1.4134490360960816,-1.1220505612941856,-0.33019932932120133,0.1334566502905199,1206.4587079202838,1172.1303542783012,34.32835364198263,79.64546259278286,33.805793748689894,27.97771734034664,5.828076408343254,22.705810546875,21.53126220703125,24.217189243861608,-11.560546875,-5.81494140625,1193.9462890625,-17.975341796875,0
2022-04-06,1193.9462890625,1215.8212890625,1193.9462890625,1208.691162109375,12257215,1217.8611572265625,1207.975830078125,-0.26655756178799045,-0.2665575617879945,-1.6762389425963309,-1.3856172124639632,-2.016501518548597,1206.9051987581022,1175.454064081126,31.451134676976153,76.30483851741052,32.26932883851077,28.836039639979468,3.4332891985313054,21.875,21.78739013671875,24.314426967075892,14.744873046875,-17.975341796875,1197.63818359375,-11.052978515625,0
2022-04-07,1197.63818359375,1202.6685791015625,1184.6700439453125,1187.369873046875,15496499,1211.4139892578125,1211.9031860351563,-1.7639980940450217,-1.7639980940450273,-2.0258535855235404,-3.4106682136423205,-2.3493635598923146,1202.998133615857,1176.5373194416486,26.46081417420828,62.061634326732914,28.996960578102744,28.868223827604126,0.12873675049861788,17.99853515625,20.16522216796875,22.929931640625,-10.268310546875,-11.052978515625,1181.4395751953125,-5.9302978515625,0
2022-04-08,1181.4395751953125,1211.4371337890625,1181.4395751953125,1207.1220703125,15152495,1204.3991943359374,1210.8648071289062,1.6635252177099176,1.6635252177099158,-0.12981742946946984,-0.39602895308268327,-1.513635869285923,1203.8229209551855,1179.3177513389985,24.505169616187004,68.24164291740247,27.678363454207556,28.630251752924814,-0.9518882987172574,29.99755859375,21.36512451171875,23.589224679129465,25.6824951171875,-5.9302978515625,1199.8995361328125,-7.2225341796875,0
2022-04-11,1199.8995361328125,1217.6904296875,1192.0540771484375,1204.60693359375,9254209,1199.28115234375,1210.4033081054688,-0.20835810897723717,-0.20835810897723572,1.4517010190467028,-0.33790505330553167,-2.0084798998093567,1203.9797234828984,1181.6167679076123,22.36295557528615,61.35611594652376,26.129213907161784,28.130044183772206,-2.0008302766104222,25.6363525390625,21.93277587890625,22.738752092633927,4.7073974609375,-7.2225341796875,1193.9000244140625,-10.7069091796875,0
2022-04-12,1193.9000244140625,1201.0994873046875,1179.316650390625,1181.9241943359375,13217742,1193.3647216796876,1208.049658203125,-1.8829992278180083,-1.8829992278180052,-2.0874339552121035,-0.4586337277501795,-2.475196065455676,1199.5686176535062,1181.6447157647326,17.92390188877357,52.80741826955279,22.808274647090684,27.0656902764359,-4.257415629345218,21.7828369140625,22.698876953125,23.1656494140625,-11.975830078125,-10.7069091796875,1188.13134765625,6.2071533203125,1
2022-04-13,1188.13134765625,1196.4844970703125,1174.747802734375,1177.5860595703125,10354235,1192.2017333984375,1205.0314453125,-0.36704001715290846,-0.3670400171529087,-2.243127884282148,-2.4468122544177517,-2.5734532951145916,1195.1721060368675,1181.2757470197853,13.896359017082204,46.24061753509165,19.600413768044064,25.572634974757538,-5.972221206713474,21.7366943359375,21.6005126953125,22.273969377790177,-10.5452880859375,6.2071533203125,1168.9791259765625,-8.60693359375,0
2022-04-18,1168.9791259765625,1181.3472900390625,1163.810302734375,1173.986328125,9974224,1186.469921875,1198.9419555664062,-0.30568733521064273,-0.30568733521064706,-0.6716053575159586,-2.5419582616379555,-1.127158876579193,1190.934950454494,1180.6130725748048,10.321877879689055,42.5650453212363,16.576607849870925,23.773429549780214,-7.1968216999092895,17.5369873046875,21.4574462890625,22.241001674107142,5.0072021484375,-8.60693359375,1180.5166015625,6.5302734375,1
2022-04-19,1180.5166015625,1231.2816162109375,1177.3092041015625,1218.728759765625,26141820,1186.2853271484375,1195.3422607421876,3.811154403483058,3.8111544034830525,3.4938168519356383,3.1139531288101097,0.9615174586378172,1196.4937123167201,1184.0781350466975,12.415577270022595,52.241092728621496,17.58781875312002,22.536307390448176,-4.948488637328158,53.972412109375,24.86331787109375,24.907819475446427,38.212158203125,6.5302734375,1226.251220703125,7.5224609375,1
2022-04-20,1226.251220703125,1261.7406005859375,1222.5592041015625,1254.564208984375,25072240,1191.5556640625,1195.418408203125,2.9403957961607103,2.9403957961606997,6.863613223508969,6.5369446919362195,4.147184778489166,1208.1078116502513,1190.4859599501226,17.621851700128673,59.63623474427371,21.03831533860739,22.236708980080017,-1.1983936414726273,39.181396484375,27.2423583984375,26.971391950334823,28.31298828125,7.5224609375,1269.5399169921875,14.9757080078125,1
2022-04-21,1269.5399169921875,1287.123046875,1260.8175048828125,1283.938720703125,21708633,1206.683642578125,1200.0241821289062,2.3414115840694962,2.341411584069486,5.350654148019007,9.365730242679437,8.631224139083148,1223.2739934608262,1198.9816654731228,24.292327987703402,60.68315433206239,25.845208865044924,22.958408957073,2.8867999079719233,26.3055419921875,27.60233154296875,26.959856305803573,14.3988037109375,14.9757080078125,1273.23193359375,-10.706787109375,0
2022-04-22,1273.23193359375,1293.12255859375,1266.4478759765625,1273.185791015625,15054154,1223.703759765625,1207.9527465820313,-0.8374955528727539,-0.8374955528727579,1.4843068133057136,4.468347104606996,8.11827982068638,1233.256352971786,1205.7274950678957,27.52885790389041,62.506309533569656,28.45897767718202,24.058522701094805,4.4004549760872145,26.6746826171875,28.0822998046875,27.403224400111608,-0.046142578125,-10.706787109375,1265.6171875,-7.568603515625,0
2022-04-25,1265.6171875,1273.0010986328125,1229.2740478515625,1243.7420654296875,17063215,1243.0313720703125,1214.7506469726563,-2.3126024334948108,-2.3126024334948148,-3.13073004383142,-0.8626217356741406,5.941784468316258,1235.3534954633665,1209.1833651007857,26.17013036258072,53.634086130750674,27.833696184938844,24.813557397863615,3.020138787075229,43.72705078125,30.6551513671875,29.11737060546875,-21.8751220703125,-7.568603515625,1250.66455078125,6.9224853515625,1
2022-04-26,1250.66455078125,1289.89208984375,1249.6031494140625,1280.9620361328125,12227666,1257.0609619140625,1221.67314453125,2.9925795498656114,2.992579549865604,0.6107706488763354,-0.231840081019008,5.106409106088194,1244.4752035972556,1215.70869883097,28.766504766285607,59.154463587611495,29.99572463103823,25.84999084449854,4.14573378653969,40.2889404296875,31.68428955078125,31.314444405691965,30.2974853515625,6.9224853515625,1271.8243408203125,-9.1376953125,0
2022-04-27,1271.8243408203125,1305.12158203125,1271.455078125,1282.2081298828125,19338945,1266.1755859375,1228.865625,0.09727796100514588,0.09727796100513775,3.0927686312383296,0.7086427551151298,2.203468001117015,1252.021788854367,1221.7541016538646,30.26768720050245,63.20902287735864,31.44719343204474,26.969431362007782,4.47776207003696,33.66650390625,32.4873046875,32.09735107421875,10.3837890625,-9.1376953125,1296.79150390625,14.5833740234375,1
2022-04-28,1296.79150390625,1315.736083984375,1285.78466796875,1301.3603515625,25614076,1271.6259033203125,1239.1547729492188,1.4936905509589866,1.4936905509589815,1.592421543675826,4.63265557500514,1.3568895912598133,1261.8895013959936,1228.9910334637405,32.8984679322532,66.43206974908517,33.753824069024176,28.32630990341106,5.427514165613115,29.951416015625,33.30416259765625,32.92970493861607,4.56884765625,14.5833740234375,1318.11279296875,16.75244140625,1
2022-04-29,1318.11279296875,1318.11279296875,1281.7235107421875,1287.699951171875,18214862,1280.6020751953124,1252.1529174804687,-1.0497015968116297,-1.0497015968116252,0.4283096605825154,0.5260042724922753,1.1399876010768306,1267.05159135117,1234.3282078008435,32.72338355032639,68.28733619271945,34.086635801091916,29.478375082947235,4.608260718144681,36.3892822265625,34.76942138671875,33.813145228794646,-30.412841796875,16.75244140625,1274.66259765625,-13.037353515625,0
2022-05-02,1274.66259765625,1294.73779296875,1272.839599609375,1283.17724609375,9467006,1282.4111572265624,1262.7212646484375,-0.35122351864726714,-0.3512235186472701,-1.3972383165752778,0.07558181767464145,3.170688019660939,1270.276722299686,1238.769029463835,31.507692835851003,64.67757894109208,33.59814845330493,30.302329757018775,3.2958186962861546,21.898193359375,35.2055419921875,33.234619140625,8.5146484375,-13.037353515625,1285.277099609375,2.099853515625,1
2022-05-04,1285.277099609375,1287.5845947265625,1235.112060546875,1243.1190185546875,19247660,1289.3336669921875,1273.197314453125,-3.1218000210810946,-3.1218000210811003,-3.462059043849186,-4.475419351594978,-2.9542653498437765,1264.8451815506864,1239.164483017549,25.6806985331375,56.491616424733756,29.637017440346426,30.169267293684307,-0.5322498533378806,52.4725341796875,35.05555419921875,35.1514892578125,-42.1580810546875,2.099853515625,1256.894775390625,13.7757568359375,1
2022-05-05,1256.894775390625,1259.89453125,1214.6676025390625,1218.77490234375,17210669,1286.34775390625,1276.261669921875,-1.9583093692220388,-1.9583093692220332,-5.018974888001926,-5.352570586447536,-4.947186502776269,1255.6311257092993,1237.310884774476,18.320240934823232,56.17697744643443,24.253842647664897,28.986182364480428,-4.732339716815531,45.2269287109375,35.660107421875,36.575535365513396,-38.119873046875,13.7757568359375,1205.5299072265625,-13.2449951171875,0
2022-05-06,1205.5299072265625,1227.1280517578125,1196.9228515625,1209.4295654296875,19649948,1268.0954345703126,1269.8606689453125,-0.7667812075955179,-0.7667812075955127,-2.7100746285877775,-5.747271539342302,-7.064206775812265,1246.390813653377,1234.7762193794952,11.614594273881949,55.24954104116719,19.01436153036616,26.991818197657576,-7.977456667291417,30.2052001953125,36.0500732421875,37.180428641183035,3.899658203125,-13.2449951171875,1188.3389892578125,-21.090576171875,0
2022-05-09,1188.3389892578125,1198.561279296875,1156.9801025390625,1162.195068359375,18083752,1242.140673828125,1261.3713745117188,-3.905518636261465,-3.9055186362614625,-4.642353060894989,-6.509750795173153,-9.746438422886005,1229.5516645945768,1228.1779329231206,1.3737316714561985,48.300639273212035,10.924673008008995,23.778389159727862,-12.853716151718867,41.5811767578125,37.54072265625,39.67417689732143,-26.1439208984375,-21.090576171875,1151.442138671875,-10.7529296875,0
2022-05-10,1151.442138671875,1166.0255126953125,1134.3665771484375,1142.050537109375,19511677,1217.49658203125,1249.9538696289062,-1.733317564188019,-1.7333175641880194,-5.571141159954529,-6.295203904086899,-10.99822408899418,1212.0514390975366,1220.3481696673255,-8.296730569788906,38.1058059634644,2.8551291029370987,19.59373714836971,-16.73860804543261,31.658935546875,36.3339111328125,37.843008858816965,-9.3916015625,-10.7529296875,1141.1275634765625,-0.9229736328125,0
2022-05-11,1141.1275634765625,1146.8040771484375,1117.7294921875,1130.3515625,16643899,1188.6666748046875,1239.0001708984375,-1.0243832675729112,-1.0243832675729148,-2.739945016659484,-6.538454589671994,-9.071332219323347,1195.7114637780292,1212.1666599248413,-16.455196146812114,29.17280569101098,-4.432951749966151,14.788399368702537,-19.221351118668686,29.0745849609375,35.2124755859375,36.84749058314732,-10.7760009765625,-0.9229736328125,1120.2908935546875,-10.0606689453125,0
2022-05-12,1120.2908935546875,1123.682861328125,1093.754638671875,1107.32275390625,20490321,1161.3458984375,1223.846826171875,-2.03731381967723,-2.0373138196772334,-3.040827185373418,-4.721437557860753,-9.144604817770151,1178.0337218036734,1202.635395741333,-24.601673937659598,19.742258729007446,-11.929524593765564,9.444814576208918,-21.374339169974483,29.92822265625,34.8386474609375,37.13592529296875,-12.9681396484375,-10.0606689453125,1119.5986328125,12.27587890625,1
2022-05-13,1119.5986328125,1143.5965576171875,1114.68359375,1119.87548828125,19308778,1144.1596435546876,1206.1275390625,1.1336111653732674,1.1336111653732717,-0.9267978712375169,-1.9416871764932453,-7.404654202960604,1166.4020750991888,1195.1117677904163,-28.709692691227474,23.895949974817626,-16.665601149804615,4.222731431006212,-20.888332580810825,28.9129638671875,34.73480224609375,37.82157679966518,0.27685546875,12.27587890625,1123.498291015625,3.622802734375,1
2022-05-16,1123.498291015625,1144.9810791015625,1115.2835693359375,1120.1524658203125,13437911,1131.19150390625,1186.6660888671875,0.024732887000464353,0.024732887000467052,1.1586244271422963,-0.9022942081072682,-3.6175168595761087,1157.1521532434135,1188.297285793134,-31.14513254972053,26.635852939579664,-20.16418598518294,-0.6546520522316182,-19.50953393295132,29.697509765625,34.065625,36.8062744140625,-3.3458251953125,3.622802734375,1123.7982177734375,3.645751953125,1
2022-05-17,1123.7982177734375,1172.1634521484375,1122.3675537109375,1167.2022705078125,16551828,1125.6627197265625,1171.5796508789062,4.200303630367353,4.200303630367341,4.2260753737183965,5.407593801385224,2.202331033624705,1159.1621766962935,1186.379557130832,-27.217380434538427,29.26478762993105,-18.92219041406679,-4.308159724598653,-14.614030689468137,49.7958984375,36.8553955078125,37.22491455078125,43.404052734375,3.645751953125,1172.048095703125,4.8458251953125,1
2022-05-18,1172.048095703125,1186.0545654296875,1157.5570068359375,1171.4481201171875,17276788,1131.846826171875,1160.2567504882813,0.3637629669386923,0.3637629669386966,4.5793457464123,4.605211237821583,3.6357323668659403,1161.6193653804723,1185.0221537659552,-23.402788385482836,30.02993994800795,-17.39477920957779,-6.925483621594481,-10.46929558798331,28.49755859375,34.45789794921875,36.855704171316965,-0.5999755859375,4.8458251953125,1146.3656005859375,-25.08251953125,0
2022-05-19,1146.3656005859375,1159.518310546875,1138.0816650390625,1144.4503173828125,14699118,1137.061767578125,1149.2038330078126,-2.3046520175109624,-2.3046520175109664,-1.9492725211287754,2.1691557447678367,3.3529125402317783,1158.1855557809404,1181.3338050038512,-23.148249222910863,22.487442373969344,-18.153529290744927,-9.17109275542457,-8.982436535320357,21.4366455078125,32.07886962890625,36.844168526785715,-1.915283203125,-25.08251953125,1159.518310546875,15.0679931640625,1
2022-05-20,1159.518310546875,1220.39013671875,1154.672607421875,1211.1832275390625,21793091,1145.045703125,1144.6026733398437,5.831001061615171,5.831001061615182,3.391964760496613,3.7680664390856045,8.153383140651528,1168.7850901325648,1184.0473888706886,-15.262298738123718,38.68876307980424,-13.217690745967047,-9.980412353533067,-3.2372783924339803,65.717529296875,35.6301025390625,39.66920689174107,51.6649169921875,15.0679931640625,1214.436767578125,3.2535400390625,1
2022-05-23,1214.436767578125,1224.6129150390625,1196.6690673828125,1203.083984375,15252755,1163.2333984375,1147.212451171875,-0.6687050299168122,-0.6687050299168162,5.123303834304838,2.700577491613343,7.403592018516414,1175.644868981052,1185.7779884619897,-10.133119480937694,38.28394196837236,-9.846045292394365,-9.953538941305327,0.10749364891096214,27.94384765625,34.26636962890625,40.101039341517854,-11.352783203125,3.2535400390625,1203.130126953125,0.046142578125,1
2022-05-24,1203.130126953125,1217.4365234375,1198.838134765625,1207.21435546875,13527818,1179.0997802734375,1152.38125,0.34331527535841316,0.34331527535840234,-0.3276855210731955,5.484208194329443,3.428033509867112,1181.9587662785916,1187.726749098968,-5.767982820376346,44.13095893650436,-6.762748792317325,-9.315380911507727,2.5526321191904024,18.598388671875,32.96031494140625,37.68145751953125,4.084228515625,0.046142578125,1216.0521240234375,8.8377685546875,1
2022-05-25,1216.0521240234375,1226.066650390625,1200.591796875,1205.4376220703125,12714544,1187.9005859375,1159.8737060546875,-0.14717629809393803,-0.14717629809394284,0.19563369855140067,-0.4743795437478271,2.9014944297938605,1186.6545374369357,1189.3368284599994,-2.6822910230637262,47.64620411689371,-4.41172600731943,-8.334649930670068,3.9229239233506377,25.474853515625,32.600341796875,36.270595005580354,-10.614501953125,8.8377685546875,1211.16015625,5.7225341796875,1
2022-05-26,1211.16015625,1216.0059814453125,1175.901611328125,1193.9462890625,17882023,1200.8594970703125,1168.9606323242188,-0.9532913854203745,-0.953291385420374,-1.0990646645432034,-0.7595226460642368,4.324868535392379,1188.1128877620486,1189.755870332954,-1.6429825709053603,47.2880160755803,-3.436168042405143,-7.354953553017083,3.91878551061194,40.1043701171875,33.61795654296875,36.97767857142857,-17.2138671875,5.7225341796875,1196.692138671875,2.745849609375,1
2022-05-27,1196.692138671875,1202.2762451171875,1172.2557373046875,1188.408203125,16521973,1208.2942626953125,1176.6699829101562,-0.4638471586396543,-0.463847158639652,-1.4127167290551967,-1.5578138429647614,-1.8803946336292898,1188.171950834639,1189.6333551322307,-1.4614042975917982,55.37673775409317,-3.074468024538646,-6.498856447321396,3.4243884227827497,30.0205078125,33.7287109375,35.3756103515625,-8.283935546875,2.745849609375,1206.822021484375,18.413818359375,1
2022-05-30,1206.822021484375,1234.050537109375,1197.222900390625,1229.8048095703125,13853398,1206.7713134765625,1185.0023559570313,3.483365929018103,3.4833659290181007,3.0033612764916784,2.0214391067494564,2.2210274213893655,1196.4985225817736,1193.2853055356927,3.2132170460808993,66.55639204683736,0.5462452446354291,-5.089836108930031,5.63608135356546,36.82763671875,34.4417236328125,36.374424525669646,22.9827880859375,18.413818359375,1219.005615234375,-10.7991943359375,0
2022-05-31,1219.005615234375,1236.2657470703125,1207.1451416015625,1214.967529296875,70620653,1209.9464111328125,1194.523095703125,-1.2064744061800807,-1.2064744061800803,2.2348656044308246,1.76065208518561,0.6422367157085773,1200.192323924794,1195.2564167867092,4.935907138084758,65.77745953111716,2.1931606873363307,-3.633236749676759,5.82639743701309,29.12060546875,32.3741943359375,36.377711704799104,-4.0380859375,-10.7991943359375,1215.72900390625,0.761474609375,1
2022-06-01,1215.72900390625,1225.3743896484375,1207.3758544921875,1215.35986328125,9776989,1209.881787109375,1198.8911865234375,0.032291725903329384,0.032291725903332846,-1.1745722716850926,2.2678790070094434,0.8231235718274776,1203.2258317960852,1197.0840028316675,6.141828964417755,72.00186136927978,3.4897830678376067,-2.208632786173886,5.698415854011493,17.99853515625,31.3242919921875,35.04925537109375,-0.369140625,0.761474609375,1215.590576171875,0.230712890625,1
2022-06-02,1215.590576171875,1261.0252685546875,1215.590576171875,1257.2640380859375,22126569,1210.76787109375,1205.8136840820312,3.447882069394152,3.447882069394148,3.4812871759247965,2.2328119309615646,5.303232616364628,1214.0334730540558,1202.5549151275102,11.47855792654559,74.99159153529634,7.808668870965221,-0.20517245474606494,8.013841325711287,45.4346923828125,33.7240966796875,35.720084054129465,41.6734619140625,0.230712890625,1266.3555908203125,9.091552734375,1
2022-06-03,1266.3555908203125,1300.20654296875,1265.4324951171875,1282.73876953125,23939791,1224.7005615234375,1216.497412109375,2.0262037784915337,2.026203778491542,5.543946964653679,5.578028926715062,7.93755598103425,1227.7745323494946,1209.8443564369409,17.93017591255375,77.0916396749077,13.135595938899542,2.4629812239830566,10.672614714916485,34.7740478515625,30.62974853515625,36.66615513392857,16.3831787109375,9.091552734375,1282.9696044921875,0.2308349609375,1
2022-06-06,1282.9696044921875,1298.6605224609375,1269.9552001953125,1277.223876953125,11093152,1239.930078125,1223.3506958007813,-0.42993107475345915,-0.4299310747534646,1.5875614240565161,5.0901807391313225,3.8558206159057473,1237.6644012702207,1215.9697673929577,21.69463387726296,71.27810834297244,16.719486445277653,5.314282268241977,11.405204177035676,28.705322265625,30.70589599609375,35.00146484375,-5.7457275390625,0.2308349609375,1278.308349609375,1.08447265625,1
2022-06-07,1278.308349609375,1288.0921630859375,1270.0706787109375,1279.6236572265625,12358255,1251.790625,1230.8685180664063,0.18789033909718975,0.18789033909718533,-0.24284853461050693,1.7784346376967353,5.321634230595884,1246.056252461489,1221.7564846505581,24.299767810930916,71.07154256660341,19.528277872996114,8.157081389192804,11.37119648380331,18.021484375,30.64820556640625,34.253173828125,1.3153076171875,1.08447265625,1279.6236572265625,0.0,0
2022-06-08,1279.6236572265625,1283.4310302734375,1253.572021484375,1257.148681640625,12479250,1264.5695556640626,1237.2256713867187,-1.7563738728189373,-1.7563738728189393,-1.5717835905472044,-1.994957079217019,3.438390522997259,1248.2747382973164,1224.9739571042005,23.30078119311588,72.34628829845477,19.713477914945997,10.468360694343442,9.245117220602555,29.8590087890625,31.08662109375,34.00264195033482,-22.4749755859375,0.0,1250.66455078125,-6.484130859375,0
2022-06-09,1250.66455078125,1293.583984375,1250.66455078125,1291.6226806640625,17278305,1271.5843505859375,1241.1761108398437,2.742237217195954,2.742237217195953,0.9376994063634791,1.1273515920549926,2.7328104151004506,1256.9443267706656,1231.032931973279,25.91139479738672,68.28962549668071,22.383985244098767,12.851485604294506,9.53249963980426,42.91943359375,31.36812744140625,31.64404296875,40.9581298828125,-6.484130859375,1279.2314453125,-12.3912353515625,0
2022-06-10,1279.2314453125,1287.5384521484375,1246.7418212890625,1252.6259765625,18093057,1274.159521484375,1249.4300415039063,-3.0192024873326866,-3.019202487332684,-0.3597589644068755,-2.1098141247698488,-2.3475390066953428,1256.0806567290326,1232.9959360268442,23.084720702188406,59.876710519894594,21.110326724716742,14.503253828378956,6.607072896337787,40.796630859375,32.44573974609375,32.853829520089285,-26.60546875,-12.3912353515625,1222.974609375,-29.6513671875,0
2022-06-13,1222.974609375,1233.4967041015625,1207.4219970703125,1228.9278564453125,17620803,1262.1605224609375,1251.0453002929687,-1.8918751934412785,-1.8918751934412836,-4.853958137876358,-2.244827967244356,-3.781327720166394,1250.6500966722886,1232.6261106103414,18.0239860619472,54.01551685678403,17.981424265998385,15.198887915902842,2.7825363500955422,26.07470703125,31.37044677734375,34.75422886439732,5.9532470703125,-29.6513671875,1222.9976806640625,-5.93017578125,0
2022-06-14,1222.9976806640625,1233.058349609375,1206.106689453125,1212.86767578125,14714312,1251.098388671875,1251.4445068359375,-1.3068448713105707,-1.3068448713105751,-3.173996190814765,-6.097369306206524,-5.216844895631145,1243.0936124940808,1230.8298892622422,12.26372323183864,51.305103787941086,14.04393443179515,14.967897219081305,-0.923962787286154,26.95166015625,31.15355224609375,34.859715053013396,-10.1300048828125,-5.93017578125,1207.9989013671875,-4.8687744140625,0
2022-06-15,1207.9989013671875,1217.113525390625,1192.7001953125,1198.1920166015625,11195535,1236.7734375,1250.6714965820313,-1.209996726991211,-1.2099967269912137,-2.5010288181320672,-4.345587667782292,-4.689712990998163,1234.1132933155773,1227.862809929453,6.250483386124188,50.73751908150266,9.628253807395595,13.899968536744163,-4.271714729348568,24.413330078125,31.79503173828125,33.738926478794646,-9.806884765625,-4.8687744140625,1210.5140380859375,12.322021484375,1
2022-06-16,1210.5140380859375,1227.151123046875,1178.6705322265625,1181.4395751953125,17111475,1228.7433349609375,1250.1638427734374,-1.3981433004173258,-1.3981433004173205,-2.5912225392348387,-3.8642041516871783,-8.530595437678556,1223.5785496915244,1223.642515862713,-0.06396617118866743,48.83487747908758,4.722574188265753,12.064489667048482,-7.341915478782729,48.4805908203125,32.09962158203125,35.057503836495535,-29.074462890625,12.322021484375,1181.4395751953125,0.0,0
2022-06-17,1181.4395751953125,1211.3677978515625,1179.6397705078125,1195.2845458984375,24457187,1209.1849609375,1241.6722412109375,1.1718729416048372,1.1718729416048346,-0.24265482183494225,-1.4497154334240592,-4.577697711604289,1217.9197489329072,1221.0645185932333,-3.1447696603261193,43.64268050640397,1.929716603290899,10.037535054296967,-8.107818451006068,31.72802734375,31.79501953125,34.063624790736604,13.844970703125,0.0,1202.20703125,6.9224853515625,1
2022-06-20,1202.20703125,1207.791259765625,1163.4871826171875,1173.6171875,12066797,1205.0314453125,1233.5959838867188,-1.812736429395663,-1.8127364293956671,-0.6621064555095257,-2.050992558877518,-4.500725462054311,1209.0592366463259,1216.7511248574847,-7.691888211158812,42.57171238470172,-2.008860996246085,7.628255844188356,-9.637116840434441,44.3040771484375,33.35489501953125,35.148158482142854,-28.58984375,6.9224853515625,1181.4395751953125,7.8223876953125,1
2022-06-21,1181.4395751953125,1196.8536376953125,1166.81005859375,1192.561767578125,11720049,1196.71982421875,1223.9091064453125,1.6142043828175447,1.6142043828175412,-0.22779331747034837,0.9414101758842719,-1.6742063960147435,1205.7597428326858,1214.552092377543,-8.792349544857188,46.160416430976746,-3.56049961077656,5.390504753195373,-8.951004363971933,30.0435791015625,34.5571044921875,36.008518763950896,11.1221923828125,7.8223876953125,1180.562744140625,-11.9990234375,0
2022-06-22,1180.562744140625,1180.655029296875,1154.2110595703125,1156.333984375,10617206,1191.2325927734375,1214.0030151367187,-3.0378118926868676,-3.0378118926868702,-1.4726440025828236,-3.2586852776683606,-3.493432742548608,1195.8745911411486,1209.2595371045845,-13.38494596343594,32.67034305687581,-7.62556100747247,2.7872916010618045,-10.412852608534275,26.4439697265625,34.2156005859375,35.48604038783482,-24.228759765625,-11.9990234375,1160.6951904296875,4.3612060546875,1
2022-06-23,1160.6951904296875,1165.287109375,1128.3670654296875,1137.573974609375,19446323,1181.2688232421874,1205.0060791015626,-1.622369490053932,-1.622369490053932,-4.610896849428614,-3.071121765641749,-3.712894125684396,1184.214467834794,1202.7426677868382,-18.528199952044133,24.486966271383892,-12.22006218553247,-0.21417915625705009,-12.00588302927542,36.9200439453125,33.61566162109375,35.05586460658482,-23.1212158203125,4.3612060546875,1144.5196533203125,6.9456787109375,1
2022-06-24,1144.5196533203125,1158.8260498046875,1138.9815673828125,1153.772705078125,14240234,1173.8848388671875,1191.5348999023438,1.4239716124230417,1.4239716124230473,-0.22149995861786564,-3.2525830992195526,-3.4729672497447073,1178.1261152834604,1198.290852995137,-20.16473771167648,29.08849707945427,-14.388276208607294,-3.048998566727099,-11.339277641880194,19.844482421875,31.52044677734375,34.523489815848215,9.2530517578125,6.9456787109375,1174.4940185546875,20.7213134765625,1
2022-06-27,1174.4940185546875,1174.4940185546875,1145.23486328125,1150.3575439453125,15474529,1168.342236328125,1186.6868408203125,-0.29599947353419587,-0.295999473534192,1.1237571904127996,-0.51684379344068,-1.9818765268966754,1172.572401015831,1193.933279445153,-21.36087842932193,28.178563237568568,-16.19548493575826,-5.678295840533331,-10.517189095224929,29.2591552734375,31.8388916015625,35.326180594308035,-24.136474609375,20.7213134765625,1145.48876953125,-4.8687744140625,0
2022-06-28,1145.48876953125,1169.41748046875,1145.48876953125,1166.5330810546875,13572847,1161.1520751953126,1178.9359497070313,1.4061312671448851,1.4061312671448833,1.105969652462746,2.545689958778863,-2.1825860287553067,1171.3645370236025,1191.442352318747,-20.077815295144546,34.370757173831706,-16.136469041630107,-7.769930480752687,-8.36653856087742,23.9287109375,31.5365966796875,34.902587890625,21.0443115234375,-4.8687744140625,1157.0723876953125,-9.460693359375,0
2022-06-29,1157.0723876953125,1198.51513671875,1154.2110595703125,1190.73876953125,19205146,1156.45400390625,1173.8432983398438,2.0750108907908227,2.0750108907908293,3.5103195348677785,3.203929533991001,2.9753328727812,1175.239383525132,1191.3783902471564,-16.139006722024305,31.960720825683325,-13.975402020560068,-9.011024788714163,-4.964377231845905,44.3040771484375,33.52567138671875,35.001491001674104,33.6663818359375,-9.460693359375,1190.6695556640625,-0.0692138671875,0
2022-06-30,1190.6695556640625,1207.2374267578125,1184.2086181640625,1197.89208984375,23112959,1162.448876953125,1171.8588500976562,0.6007464017750929,0.6007464017750985,2.6882228458287916,4.132154054939408,5.302346623663512,1179.7699247888556,1191.9705447559375,-12.20061996708182,38.95512167755357,-11.552359263789413,-9.519291683729215,-2.033067580060198,23.02880859375,30.9804931640625,33.44063023158482,7.2225341796875,-0.0692138671875,1188.31591796875,-9.576171875,0
2022-07-01,1188.31591796875,1196.20751953125,1091.4471435546875,1111.6146240234375,81997149,1171.2081298828125,1172.546484375,-7.202440566375751,-7.202440566375746,-6.644962567143153,-4.707835373309521,-3.653932951363492,1166.138864635772,1184.665461052983,-18.52659641721084,31.10038955702686,-16.40484600966306,-10.896402548915985,-5.508443460747076,104.7603759765625,38.28372802734375,37.81498500279018,-76.7012939453125,-9.576171875,1097.885009765625,-13.7296142578125,0
2022-07-04,1097.885009765625,1126.9825439453125,1091.9547119140625,1113.922119140625,41857728,1155.886328125,1162.1142822265624,0.2075804930341442,0.20758049303415405,-7.009810934979777,-6.451175720167813,-3.1673130668337324,1155.6955155367427,1178.2342481518594,-22.538732615116714,33.32038143851962,-19.83562836805436,-12.684247712743659,-7.1513806553106996,35.02783203125,37.356103515625,38.391854422433035,16.037109375,-13.7296142578125,1118.214111328125,4.2919921875,1
2022-07-05,1118.214111328125,1137.5509033203125,1115.4912109375,1122.9444580078125,17647327,1150.431396484375,1155.7917358398438,0.8099613709213447,0.8099613709213527,1.019223185762641,-6.256626324806391,-3.7365955372191895,1149.1453040309566,1173.2079035933095,-24.062599562352943,37.0687705942711,-21.57778548145643,-14.462955266486214,-7.114830214970217,22.0596923828125,36.55771484375,38.3358154296875,4.7303466796875,4.2919921875,1116.875732421875,-6.0687255859375,0
2022-07-06,1116.875732421875,1126.95947265625,1102.0616455078125,1113.068359375,23943726,1142.3920654296876,1149.4230346679688,-0.8794823788821611,-0.8794823788821571,-0.07664447549382558,0.1307769185602048,-6.522875725867728,1141.9299150997654,1167.740672300736,-25.810757200970556,37.96605539628819,-23.484659629543557,-16.267296139097684,-7.217363490445873,24.8978271484375,36.4031005859375,36.651332310267854,-3.807373046875,-6.0687255859375,1119.552490234375,6.484130859375,1
2022-07-07,1119.552490234375,1122.9444580078125,1096.0621337890625,1102.1077880859375,23301033,1128.16865234375,1145.3087646484375,-0.9847168142679916,-0.9847168142679941,-1.8555387822867808,-1.0606065587244196,-7.99607097917362,1133.9654896969998,1161.774046463027,-27.808556766027095,33.431832836169406,-25.58536546515461,-18.13091000430907,-7.454455460845541,26.88232421875,35.39932861328125,36.305210658482146,-17.4447021484375,6.484130859375,1115.9066162109375,13.798828125,1
2022-07-08,1115.9066162109375,1115.9066162109375,1099.54638671875,1103.6307373046875,19010108,1113.6867919921874,1142.4474609375,0.1381851426161274,0.1381851426161207,-0.847892403986028,-1.7199177185832526,-0.7182243329844518,1127.8985392185375,1156.488291084996,-28.589751866458528,36.595083478013855,-26.81815767258331,-19.86835953796392,-6.949798134619392,16.3602294921875,35.0509033203125,34.30922154017857,-12.27587890625,13.798828125,1096.75439453125,-6.8763427734375,0
2022-07-11,1096.75439453125,1120.8907470703125,1093.754638671875,1118.6295166015625,13847467,1113.4606689453126,1134.6734985351563,1.3590396488507892,1.3590396488507794,1.4991027823438863,0.49962405091499296,0.4225966411879112,1126.0447346951426,1153.0465843137747,-27.00184961863215,35.621994101443775,-26.28191666415023,-21.15107096320118,-5.130845700949049,27.1361083984375,34.8385986328125,34.10154506138393,21.8751220703125,-6.8763427734375,1109.445556640625,-9.1839599609375,0
2022-07-12,1109.445556640625,1125.921142578125,1109.445556640625,1117.0372314453125,10778989,1111.7069580078125,1131.0691772460937,-0.14234249433068963,-0.1423424943306939,1.2147626635849784,1.3546264277202402,-0.5260479732880019,1124.2432340451767,1149.7730067802781,-25.52977273510146,41.16793389020354,-25.689295696626914,-22.058715909886327,-3.6305797867405865,16.4755859375,34.0932861328125,32.539036342075896,7.5916748046875,-9.1839599609375,1120.1986083984375,3.161376953125,1
2022-07-13,1120.1986083984375,1123.2906494140625,1095.13916015625,1097.2388916015625,14224132,1112.371533203125,1127.3817993164062,-1.77239748921648,-1.7723974892164818,-1.9122171087515683,-0.5791652485808152,-1.4221469544176024,1118.8423655564538,1144.9971781276674,-26.154812571213597,40.97668113481267,-26.51159075864848,-22.94929087963876,-3.5622998790097213,28.1514892578125,32.47802734375,31.912711007254465,-22.959716796875,3.161376953125,1102.0616455078125,4.82275390625,1
2022-07-14,1102.0616455078125,1123.267578125,1096.9620361328125,1106.2843017578125,16970315,1108.8733642578125,1118.5210083007812,0.8243792874537149,0.8243792874537137,-0.9626294795552104,-1.1036017430735456,0.3789569148339389,1116.3307527967256,1141.4778257304079,-25.14707293368224,39.02516799679157,-26.132141455646433,-23.585860994840296,-2.5462804608061376,26.3055419921875,32.80570068359375,32.273672921316965,4.22265625,4.82275390625,1114.5220947265625,8.23779296875,1
2022-07-15,1114.5220947265625,1114.5220947265625,1099.80029296875,1108.4302978515625,9603210,1108.5964599609374,1111.1416259765624,0.19398233260113645,0.19398233260112807,1.0199607702261249,-0.7705144780728257,0.4348882633150142,1114.7506618076932,1138.4735050141492,-23.72284320645599,40.253204898334715,-25.36585936227584,-23.941860668327408,-1.423998693948434,14.7218017578125,23.80184326171875,31.23529052734375,-6.091796875,8.23779296875,1117.2911376953125,8.86083984375,1
2022-07-18,1117.2911376953125,1119.1370849609375,1104.0460205078125,1117.8680419921875,15160908,1112.70380859375,1113.0822387695312,0.8514512963889473,0.8514512963889498,1.047085294075778,1.8800965358158228,-0.0680721005546503,1115.374137844592,1136.6002811030617,-21.22614325846962,38.321013058113486,-23.723557797992044,-23.89820009426034,0.17464229626829564,15.091064453125,21.80816650390625,30.604030064174108,0.576904296875,8.86083984375,1107.738037109375,-10.1300048828125,0
2022-07-19,1107.738037109375,1129.2901611328125,1107.738037109375,1124.7213134765625,16439888,1112.3623046875,1112.0346313476562,0.6130662320537915,0.6130662320537938,1.4697374888232861,1.6665708524883582,0.687898470609416,1117.2435729709862,1135.5203749551981,-18.276801984211943,32.71722307756973,-21.6198006386403,-23.442520203136333,1.8227195644960332,21.5521240234375,21.75740966796875,28.978890555245535,16.9832763671875,-10.1300048828125,1172.2095947265625,47.48828125,1
2022-07-20,1172.2095947265625,1173.36328125,1147.4039306640625,1155.134033203125,23924246,1122.764501953125,1117.568017578125,2.7040227087504425,2.704022708750453,3.333666390938639,4.213502233030519,5.27643907308617,1124.821665017414,1137.3034347959187,-12.481769778504713,40.02152263513482,-17.299092451403794,-22.213834652789828,4.914742201386034,25.9593505859375,21.86356201171875,30.808401925223215,-17.0755615234375,47.48828125,1150.9805908203125,-4.1534423828125,0
2022-07-21,1150.9805908203125,1153.7496337890625,1138.6585693359375,1147.427001953125,16523230,1132.548291015625,1120.7108276367187,-0.6671980071982482,-0.6671980071982442,2.0187835159252154,2.6442262280134132,3.7189988260648343,1129.3427324045563,1138.2237590829375,-8.881026678381204,63.197261312904914,-14.331587476202458,-20.637385217472353,6.305797741269895,15.091064453125,20.68443603515625,24.382010323660715,-3.5535888671875,-4.1534423828125,1153.7496337890625,6.3226318359375,1
2022-07-22,1153.7496337890625,1161.2720947265625,1151.442138671875,1155.1802978515625,10969995,1140.393798828125,1124.4951293945312,0.6757114731691001,0.6757114731690939,0.00400513248746126,2.7081361409298843,4.2176761218647885,1134.5102454939577,1139.765262607358,-5.255017113400299,64.61740489378533,-11.224799717679844,-18.75486811751385,7.530068399834008,9.8299560546875,20.03140869140625,22.86895751953125,1.4306640625,6.3226318359375,1138.727783203125,-16.4525146484375,0
2022-07-25,1138.727783203125,1138.727783203125,1108.984130859375,1117.01416015625,23110452,1144.6811279296876,1128.6924682617187,-3.3039117587354094,-3.3039117587354117,-2.6505251963834686,-3.300038952291162,-0.07638485079292101,1131.011028426416,1137.696980566348,-6.685952139931942,48.25856303930935,-11.707380979800291,-17.34537068997114,5.637989710170849,29.74365234375,20.2921630859375,24.480913434709823,-21.713623046875,-16.4525146484375,1117.3372802734375,0.3231201171875,1
2022-07-26,1117.3372802734375,1127.8594970703125,1112.837646484375,1117.5218505859375,11303288,1146.6009765625,1129.481640625,0.04545067088643561,0.04545067088643773,-3.259962737908817,-2.6062792069807994,-0.640110826065099,1128.3131928583205,1135.862877840856,-7.549684982535609,51.38390780964758,-11.91155474371135,-16.258607500719183,4.347052757007834,15.0218505859375,20.14678955078125,23.775486537388392,0.1845703125,0.3231201171875,1116.8065185546875,-0.71533203125,0
2022-07-27,1116.8065185546875,1120.06005859375,1108.5225830078125,1116.46044921875,8655086,1135.520361328125,1129.142431640625,-0.09497813099860083,-0.09497813099860197,-0.04957062830990289,-3.351844617227695,-3.3479737305579405,1125.9426441304065,1134.0990206933918,-8.156376562985315,54.75243567432999,-12.020445924286605,-15.410975185432669,3.390529261146064,11.5374755859375,18.48538818359375,22.679425920758927,-0.3460693359375,-0.71533203125,1124.213623046875,7.753173828125,1
2022-07-28,1124.213623046875,1138.95849609375,1117.2911376953125,1133.9512939453125,12496073,1130.1669677734376,1131.3576293945312,1.5666336177696063,1.5666336177696083,1.4701675274412462,1.5162863993320563,-1.174428350115031,1127.544374093388,1134.085590989021,-6.54121689563317,59.07958557907256,-10.573493327754704,-14.443478813897077,3.8699854861423724,21.6673583984375,18.02156982421875,23.117841448102677,9.7376708984375,7.753173828125,1142.0736083984375,8.122314453125,1
2022-07-29,1142.0736083984375,1161.6412353515625,1137.1356201171875,1158.1107177734375,15130683,1127.8317626953126,1134.1127807617188,2.1305521636708096,2.130552163670818,3.730563727880609,3.632042377177558,0.25367641114768524,1133.657642829398,1136.269693423968,-2.6120505945700643,61.20786555974711,-7.392097873211014,-13.033202625759865,5.64110475254885,24.505615234375,18.999951171875,23.157400948660715,16.037109375,8.122314453125,1162.5872802734375,4.4765625,1
2022-08-01,1162.5872802734375,1194.2462158203125,1157.2569580078125,1188.2928466796875,15700044,1132.603662109375,1138.6423950195312,2.6061522825967463,2.606152282596752,4.792229880112986,6.4339401822252285,6.38118020934193,1144.5846835994557,1140.9990709926699,3.585612606785844,67.40306191463822,-2.4076199505120712,-10.908086090710306,8.500466140198235,36.9892578125,21.1897705078125,24.622663225446427,25.70556640625,4.4765625,1187.2083740234375,-1.08447265625,0
2022-08-02,1187.2083740234375,1203.499267578125,1182.1549072265625,1192.8155517578125,13917913,1146.577880859375,1146.5894287109375,0.38060525995441985,0.3806052599544252,2.9966766952211454,5.19107461906021,6.737559639876145,1154.2308572311272,1145.7096601531375,8.521197077989655,75.22532531705986,1.8858206498632626,-8.349304742595594,10.235125392458857,21.3443603515625,21.168994140625,24.136439732142858,5.607177734375,-1.08447265625,1199.8995361328125,7.083984375,1
2022-08-03,1199.8995361328125,1204.5145263671875,1184.8778076171875,1202.830078125,14250977,1163.196484375,1149.3584228515624,0.8395704057034994,0.8395704057035047,1.2233711147830562,3.8614063116123365,7.736022262740039,1163.9507014099017,1150.9024254233068,13.048275986594945,75.35141594835036,6.027016150675308,-5.474040563941414,11.501056714616723,19.63671875,20.53673095703125,23.66009521484375,2.9305419921875,7.083984375,1204.5145263671875,1.6844482421875,1
2022-08-04,1204.5145263671875,1208.0911865234375,1169.902099609375,1186.931396484375,14467127,1179.2566650390625,1154.71181640625,-1.3217728696482416,-1.3217728696482411,-0.4932996777889276,-0.11457194235551249,4.672167386901682,1168.5468404247965,1154.1777864288583,14.369053995938202,69.2246659787482,7.93458769535664,-2.7923149120818036,10.726902607438443,38.1890869140625,22.846533203125,25.336329868861608,-17.5831298828125,1.6844482421875,1188.8236083984375,1.8922119140625,1
2022-08-05,1188.8236083984375,1190.11572265625,1166.18701171875,1169.4405517578125,13942438,1188.6066650390626,1158.2192138671876,-1.4736188442204337,-1.4736188442204368,-2.7759138197837485,-1.959649164998989,0.9783031803865416,1168.7255826913997,1155.5653105496724,13.160272141727319,62.150674181175326,7.943420093254417,-0.6451679110145594,8.588588004268976,23.9287109375,24.25640869140625,25.96759033203125,-19.383056640625,1.8922119140625,1168.0560302734375,-1.384521484375,0
2022-08-08,1168.0560302734375,1192.307861328125,1168.0560302734375,1184.7392578125,10165178,1189.7004150390626,1161.1520385742188,1.308207247618673,1.3082072476186646,-0.18468958512413147,-1.504021277943135,-0.29904992503463346,1171.9283177156199,1158.217487573566,13.710830142053965,63.599260664772906,9.080226357015363,1.299910942591425,7.780315414423938,24.2518310546875,23.7072265625,26.160426548549108,16.6832275390625,-1.384521484375,1189.2388916015625,4.4996337890625,1
2022-08-10,1189.2388916015625,1195.2384033203125,1180.078125,1191.8233642578125,10724688,1190.1065185546875,1168.3421997070313,0.5979464594085098,0.597946459408516,1.9139760859460342,0.41215252944923897,-0.0831802954394667,1175.9073270240585,1161.2725672721338,14.634759751924776,59.29608156399122,10.432522076602027,3.1264331693935454,7.306088907208482,15.1602783203125,23.7210693359375,23.768877301897323,2.58447265625,4.4996337890625,1201.3302001953125,9.5068359375,1
2022-08-11,1201.3302001953125,1204.4683837890625,1190.7618408203125,1195.792236328125,8198226,1190.3926513671875,1176.7945678710937,0.333008412935758,0.33300841293575356,0.9329460843589432,2.253358200269573,-0.5851069012046795,1179.8843088848719,1164.4107190044967,15.47358988037513,62.49105771058495,11.689729063920367,4.8390923482989106,6.850636715621457,13.70654296875,23.93797607421875,23.571097237723215,-5.5379638671875,9.5068359375,1195.4229736328125,-0.3692626953125,0
2022-08-12,1195.4229736328125,1218.9825439453125,1191.6849365234375,1215.1290283203125,12650587,1188.5743408203125,1183.9155029296876,1.617069538063257,1.617069538063265,1.9554629286037795,2.5651020093589327,2.3756749479757033,1186.93325277196,1169.0214743968436,17.911778375116455,64.60860619407956,14.084040121008911,6.688081902840911,7.395958218168,27.297607421875,24.5010009765625,24.531991141183035,19.7060546875,-0.3692626953125,1221.2208251953125,6.091796875,1
2022-08-16,1221.2208251953125,1226.343505859375,1212.49853515625,1223.574462890625,6607378,1195.0537841796875,1191.830224609375,0.6950236866603974,0.6950236866603898,2.3233322410429746,2.664077545801846,4.629043438885594,1194.2614947956931,1173.9808369871873,20.280657808505794,80.36560171243485,16.473132850878073,8.645092092448344,7.828040758429729,13.844970703125,23.4349365234375,22.22119140625,2.3536376953125,6.091796875,1229.8970947265625,6.3226318359375,1
2022-08-17,1229.8970947265625,1235.388916015625,1225.535888671875,1229.96630859375,6595965,1207.4219970703125,1198.5612060546875,0.5223912313456288,0.5223912313456314,1.2210456608009235,2.857860356290831,3.817468736940244,1201.4024575553046,1179.0704253150566,22.332032240248054,81.00268022310652,18.66709196483248,10.649492066925172,8.017599897907308,9.85302734375,20.7213134765625,21.992091587611608,0.0692138671875,6.3226318359375,1227.589599609375,-2.376708984375,0
2022-08-18,1227.589599609375,1231.7430419921875,1218.451904296875,1228.1895751953125,7410035,1215.092138671875,1202.5993286132812,-0.1444538265823624,-0.14445382658235806,0.3771827906398517,1.074827987037219,3.0513087784737714,1206.7598810833063,1183.535802576898,23.224078506408205,80.68441545534964,20.03154168939659,12.525901991419456,7.505639697977134,13.2911376953125,19.9159912109375,22.117353166852677,0.5999755859375,-2.376708984375,1222.974609375,-5.2149658203125,0
2022-08-19,1222.974609375,1228.3741455078125,1202.1839599609375,1206.2913818359375,9460724,1219.4210205078125,1204.9068359375,-1.7829652524035344,-1.7829652524035344,-1.9248435174521683,-1.4125074998588283,0.8780074990327513,1206.6661812338325,1185.604491600447,21.061689633385413,69.39734506338715,19.12541090146192,13.84580377342795,5.27960712803397,26.190185546875,20.571337890625,22.381077357700892,-16.6832275390625,-5.2149658203125,1207.7451171875,1.4537353515625,1
2022-08-22,1207.7451171875,1214.344482421875,1193.4385986328125,1202.9454345703125,9471680,1221.88544921875,1205.2298950195313,-0.27737471360630744,-0.2773747136063043,-2.055394471247285,-2.1968792018645655,-1.0026584392310633,1205.9220319011285,1187.180940961344,18.7410909397845,63.53251001332559,17.930612799680375,14.662765578678435,3.26784722100194,20.9058837890625,18.843017578125,21.896501813616073,-4.7996826171875,1.4537353515625,1197.130615234375,-5.8148193359375,0
2022-08-23,1197.130615234375,1224.451416015625,1195.9075927734375,1221.497802734375,9678484,1217.0674072265624,1206.060595703125,1.542245195077309,1.5422451950773075,1.26059268327805,-0.5448484986426694,-0.16972078277476266,1209.0371860677778,1190.3006556679832,18.736530399794674,60.779021547652626,18.27014094613355,15.38424065216946,2.8859002939640916,28.5438232421875,19.30452880859375,21.293256487165177,24.3671875,-5.8148193359375,1218.40576171875,-3.092041015625,0
2022-08-24,1218.40576171875,1232.20458984375,1216.213623046875,1218.244140625,10369622,1214.769140625,1211.0955688476563,-0.2663665953464295,-0.2663665953464345,1.2717705737128604,0.9908682901199839,-0.9530478913810425,1210.8785769792223,1192.8409724822575,18.037604496964832,58.32322583176044,18.06839489891854,15.921071501519277,2.147323397399264,15.990966796875,18.4784423828125,20.910871233258927,-0.16162109375,-3.092041015625,1222.489990234375,4.245849609375,1
2022-08-25,1222.489990234375,1228.9278564453125,1210.3294677734375,1214.690673828125,7871946,1213.74921875,1214.4206787109374,-0.29168757545199053,-0.2916875754519932,-0.5572772125346348,0.9763734015090897,-1.0990893946515423,1211.6409963490028,1194.8273089682455,16.8136873807573,54.053633932296805,17.42095668555021,16.221048538325462,1.1999081472247468,18.598388671875,18.82225341796875,20.836704799107142,-7.79931640625,4.245849609375,1215.1290283203125,0.4383544921875,1
2022-08-26,1215.1290283203125,1222.974609375,1203.130126953125,1208.20654296875,10742038,1212.1801025390625,1215.8005615234374,-0.5338092239516514,-0.5338092239516534,-0.8239397442207586,-1.0881116393227974,0.15876438824404815,1210.9541056729522,1196.0436029682912,14.910502704660985,57.771390557922075,16.197922498995013,16.21642333045937,-0.018500831464358214,19.844482421875,19.43604736328125,19.526375906808035,-6.9224853515625,0.4383544921875,1192.97705078125,-15.2294921875,0
2022-08-29,1192.97705078125,1225.2821044921875,1189.7696533203125,1198.8150634765625,19838975,1209.2264892578125,1215.5559692382812,-0.7773074518460382,-0.7773074518460432,-1.306967336921272,-1.5948426510362435,-0.34335481685628944,1208.5262972336743,1196.2955539235886,12.2307433100857,61.40475929175052,14.30593527084693,15.834325718536883,-1.5283904476899526,35.512451171875,20.25753173828125,20.353785923549108,5.8380126953125,-15.2294921875,1206.360595703125,7.5455322265625,1
2022-08-30,1206.360595703125,1220.782470703125,1189.1004638671875,1217.4134521484375,23139054,1211.0724853515626,1214.0699462890625,1.5513976457669534,1.5513976457669498,0.7620310644125938,0.22415404834974506,-0.3343723236173268,1210.303728216627,1198.2153628531203,12.088365363506682,62.36895266963973,14.144210638335153,15.496302702496537,-1.3520920641613845,31.6820068359375,22.0412353515625,20.884512765066965,11.0528564453125,7.5455322265625,1191.892578125,-25.5208740234375,0
2022-09-01,1191.892578125,1202.1839599609375,1177.1475830078125,1181.6241455078125,19909939,1205.7698486328125,1210.2694946289062,-2.939782419642695,-2.9397824196427003,-1.4339924891247469,-2.2001534104939102,-3.005965216331774,1204.567811674864,1196.7070703671832,7.8607413076808825,46.82833316834664,11.001328295225449,14.597307821042321,-3.5959795258168725,25.036376953125,23.5595703125,22.677769252232142,-10.2684326171875,-25.5208740234375,1181.6241455078125,0.0,0
2022-09-02,1181.6241455078125,1188.5235595703125,1165.610107421875,1167.8253173828125,12999345,1197.5966796875,1205.67294921875,-1.1677848812974148,-1.1677848812974179,-4.073236966300486,-2.5850314229352245,-3.8582132435095784,1197.2193128164538,1194.081456459513,3.1378563569408016,41.80415786147635,7.312823608512872,13.140410978536433,-5.827587370023561,22.9134521484375,24.5218017578125,23.335405622209823,-13.798828125,0.0,1168.0560302734375,0.230712890625,1
2022-09-05,1168.0560302734375,1191.36181640625,1168.0560302734375,1185.9622802734375,11327815,1188.182080078125,1200.1810913085938,1.5530544355102138,1.553054435510215,0.3671332193165844,-2.5834421181642364,-1.8410976852231697,1194.9679063078506,1193.3433495335062,1.6245567743444553,41.392008177205916,5.786455738591258,11.669619930547398,-5.883164191956141,23.3057861328125,24.23336181640625,23.066755022321427,17.90625,0.230712890625,1187.4390869140625,1.476806640625,1
2022-09-06,1187.4390869140625,1202.6685791015625,1186.9775390625,1198.44580078125,10899618,1187.0744873046874,1198.15048828125,1.0526068759062284,1.0526068759062257,2.6220088691911947,1.423604564733072,-0.030802306924770928,1195.6634852025306,1193.8072087378466,1.856276464684015,42.756421512173986,5.520477354078139,10.439791415253547,-4.919314061175408,15.6910400390625,23.71187744140625,23.271135602678573,11.0067138671875,1.476806640625,1188.362060546875,-10.083740234375,0
2022-09-07,1188.362060546875,1197.5458984375,1186.0545654296875,1191.4771728515625,7488501,1183.4747802734375,1197.2736328125,-0.581472097039745,-0.581472097039748,0.46501416359157055,2.0252905221952,-2.1304413263303235,1194.826222732337,1193.5953872936389,1.23083543869825,38.94190967023173,4.693276364936537,9.290488405190146,-4.597212040253609,11.4913330078125,22.00662841796875,23.312334333147323,3.1151123046875,-10.083740234375,1194.4769287109375,2.999755859375,1
2022-09-08,1194.4769287109375,1198.9765625,1186.51611328125,1193.16162109375,7057077,1183.991650390625,1194.8807495117187,0.14137478086601607,0.1413747808660215,-0.4409193710767201,0.6070463572123597,0.9764082453629364,1194.4933024046197,1193.5559540027398,0.9373484018799445,39.93098194932564,4.126071730485364,8.257605070249191,-4.131533339763827,12.46044921875,21.65357666015625,23.252999441964285,-1.3153076171875,2.999755859375,1204.5145263671875,11.3529052734375,1
2022-09-09,1204.5145263671875,1204.5145263671875,1183.2855224609375,1185.7315673828125,8314850,1188.5697265625,1193.083203125,-0.6227198042228765,-0.6227198042228821,-0.4822253921154873,-1.0608934830552474,1.5332986649175595,1192.7409554002584,1192.844646128201,-0.10369072794264866,43.553748966545655,3.041949037316499,7.214473863662653,-4.172524826346154,21.22900390625,21.91663818359375,22.898629324776785,-18.782958984375,11.3529052734375,1186.308349609375,0.5767822265625,1
2022-09-12,1186.308349609375,1205.4376220703125,1186.308349609375,1198.9996337890625,7435419,1192.2201904296876,1190.2011352539062,1.1189772433516072,1.1189772433516154,0.4892893462296266,0.6313558588366908,1.0993059165945063,1193.992691078019,1193.4041904610065,0.5885006170126417,48.835309835318185,3.216320326787354,6.414843156287594,-3.1985228295002397,19.1292724609375,21.8451171875,22.81292724609375,12.6912841796875,0.5767822265625,1208.20654296875,9.2069091796875,1
2022-09-13,1208.20654296875,1213.6060791015625,1200.361083984375,1209.01416015625,8888657,1196.373681640625,1191.7240844726562,0.8352401522875974,0.8352401522875974,1.9635635428706388,1.328616239597813,0.8818387421534402,1196.9969848936653,1194.8232786151195,2.173706278545751,46.11960488859215,4.11516238256695,5.954907001543465,-1.839744618976515,13.2449951171875,19.61837158203125,21.817400251116073,0.8076171875,9.2069091796875,1188.362060546875,-20.652099609375,0
2022-09-14,1188.362060546875,1204.5145263671875,1187.32373046875,1194.5230712890625,8678219,1196.373681640625,1189.9242309570313,-1.198587191511033,-1.1985871915110358,-0.3733581207071124,0.7414413302375689,0.25564051976003643,1196.5022021727448,1194.7959870400232,1.7062151327215815,43.108059070016296,3.6165026319338267,5.487226127621538,-1.8707234956877112,17.1907958984375,18.16925048828125,22.224504743303573,6.1610107421875,-20.652099609375,1192.0540771484375,-2.468994140625,0
2022-09-15,1192.0540771484375,1201.537841796875,1179.939697265625,1182.6856689453125,10365600,1195.889111328125,1189.940380859375,-0.9909731028447811,-0.9909731028447832,-2.177682617673793,-1.3606313449983976,-0.8779994229813015,1193.7388955272584,1193.6950490314132,0.043846495845173195,41.12829064254088,2.240306883851872,4.837842278867605,-2.5975353950157327,21.59814453125,17.82542724609375,22.438773018973215,-9.368408203125,-2.468994140625,1173.940185546875,-8.7454833984375,0
2022-09-16,1173.940185546875,1178.2091064453125,1149.5960693359375,1153.38037109375,20217708,1189.7742431640625,1189.1719848632813,-2.4778602312562206,-2.4778602312562237,-3.4442784056831655,-4.601582917383695,-2.7283743790737724,1185.6671906405568,1190.0300783098073,-4.36288766925054,36.50917267282311,-1.2011842788310787,3.6300369673278685,-4.831221246158947,28.613037109375,18.3953857421875,23.384852818080358,-20.559814453125,-8.7454833984375,1153.38037109375,0.0,0
2022-09-19,1153.38037109375,1164.2255859375,1145.142578125,1154.8802490234375,7580254,1183.1886474609375,1187.7044189453125,0.13004191568347626,0.13004191568346535,-2.35104057248543,-3.318715495619906,-3.679682922520966,1179.509802317133,1186.8346392837736,-7.324836966640532,38.75233323264627,-3.7641721722534385,2.151195139411607,-5.915367311665046,19.0830078125,17.97310791015625,22.211321149553573,1.4998779296875,0.0,1164.1102294921875,9.22998046875,1
2022-09-20,1164.1102294921875,1171.148193359375,1151.3035888671875,1155.0648193359375,8411448,1174.369384765625,1185.371533203125,0.015981770634320915,0.015981770634310166,0.1460444693184959,-2.335434539762926,-4.462258805417152,1174.6208057208942,1183.9464738339705,-9.32566811307629,32.376693658137555,-5.71459101342748,0.5780379088437897,-6.29262892227127,19.8446044921875,18.38846435546875,21.365792410714285,-9.04541015625,9.22998046875,1152.249755859375,-2.8150634765625,0
2022-09-21,1152.249755859375,1168.9791259765625,1151.442138671875,1158.249267578125,9207309,1167.146923828125,1181.760302734375,0.2756943323767997,0.27569433237679686,0.29172016384697574,0.42214143801995174,-3.0366766940543743,1171.3464980923404,1181.6103641743482,-10.26386608200778,41.899903295319305,-6.923543339603839,-0.922278340845736,-6.001264998758103,17.5369873046875,18.99302978515625,19.742300851004465,5.99951171875,-2.8150634765625,1147.28857421875,-10.960693359375,0
2022-09-22,1147.28857421875,1155.134033203125,1140.873779296875,1147.334716796875,10308170,1158.1938232421876,1177.0414672851562,-0.9423317662934592,-0.9423317662934583,-0.6692353891885161,-0.6533605742190973,-2.9890403745200134,1166.5441418332475,1178.4943962309417,-11.950254397694152,42.754556674178964,-8.662503847339167,-2.470323442144422,-6.192180405194745,14.26025390625,19.17301025390625,19.346732003348215,0.046142578125,-10.960693359375,1146.8271484375,-0.507568359375,0
2022-09-23,1146.8271484375,1151.8804931640625,1124.259765625,1125.828857421875,9528051,1152.7712158203126,1171.2727294921874,-1.8744189520421715,-1.8744189520421672,-2.7990874731171123,-2.5311100662619657,-2.3887621432076123,1158.4010849509732,1173.706619975572,-15.30553502459884,29.231726341172262,-11.641786430637694,-4.304616039843077,-7.3371703907946175,27.6207275390625,19.8121826171875,19.638462611607142,-20.998291015625,-0.507568359375,1104.8536376953125,-20.9752197265625,0
2022-09-26,1104.8536376953125,1115.8143310546875,1096.13134765625,1097.1466064453125,12479523,1143.065869140625,1163.1272583007812,-2.5476564033226388,-2.54765640332264,-4.374321600908015,-5.275432745196285,-4.999102082397233,1146.150189249841,1166.7466187455484,-20.596429495707298,18.534967201366285,-16.131355068895118,-6.669963845653485,-9.461391223241634,19.6829833984375,19.8675537109375,20.56640625,-7.70703125,-20.9752197265625,1104.83056640625,7.6839599609375,1
2022-09-27,1104.83056640625,1119.5986328125,1089.185791015625,1105.8690185546875,16154822,1131.2099365234376,1152.7896606445313,0.7950088035759485,0.7950088035759473,-1.772901692437967,-3.61408903915601,-4.259137665497715,1138.0939551108104,1161.2122914554702,-23.118336344659838,23.69542541226687,-18.769185314429933,-9.089808139408776,-9.679377175021157,30.412841796875,21.58433837890625,21.853663853236608,1.0384521484375,7.6839599609375,1089.3011474609375,-16.56787109375,0
2022-09-28,1089.3011474609375,1097.4466552734375,1073.956298828125,1076.42529296875,16997059,1118.62021484375,1142.8835693359374,-2.662496651223569,-2.662496651223567,-1.8886549304197642,-4.388194895470898,-7.064452954972911,1125.7602226823983,1153.504382502132,-27.744159819733795,19.357989818212772,-22.97075480921808,-11.865997473370637,-11.104757335847442,23.4903564453125,22.21429443359375,23.243111746651785,-12.8758544921875,-16.56787109375,1089.1396484375,12.71435546875,1
2022-09-29,1089.1396484375,1092.600830078125,1067.4490966796875,1073.1256103515625,14671827,1106.9904296875,1132.5921264648437,-0.3065407918915645,-0.306540791891563,-2.9608758047963812,-2.1894062245315205,-6.467956156028231,1115.2333002162313,1146.1972213975348,-30.963921181303476,19.787043010764776,-26.26403032235521,-14.745604043167553,-11.518426279187658,25.1517333984375,22.5696533203125,23.523306710379465,-16.0140380859375,12.71435546875,1066.526123046875,-6.5994873046875,0
2022-09-30,1066.526123046875,1108.5225830078125,1066.526123046875,1097.331298828125,18613024,1090.930224609375,1121.8507202148437,2.25562490011142,2.2556249001114193,1.9421696977889535,-0.7720371565993256,-2.5312513892217003,1111.65289993861,1141.7548648003155,-30.101964861705483,24.233962781255215,-26.61398863426257,-17.119280961386558,-9.494707672876011,41.9964599609375,23.90799560546875,25.115478515625,30.80517578125,-6.5994873046875,1103.6768798828125,6.3455810546875,1
2022-10-03,1103.6768798828125,1115.4219970703125,1090.524169921875,1093.52392578125,11852723,1090.694873046875,1116.88037109375,-0.34696659531547264,-0.3469665953154677,1.900832039876943,1.5884644223978173,-0.3301911196535334,1108.0271051071381,1137.3702339804006,-29.343128873262458,19.780279405938884,-26.888601245516156,-19.07314501821248,-7.815456227303677,24.8978271484375,24.4894775390625,25.850577218191965,-10.1529541015625,6.3455810546875,1106.5843505859375,13.0604248046875,1
2022-10-04,1106.5843505859375,1115.9066162109375,1103.0538330078125,1113.69140625,8948850,1091.0456298828126,1111.127783203125,1.8442651315874663,1.8442651315874636,1.4908995523363444,3.78015355398591,0.7073520972253888,1109.1599653357107,1135.217613277637,-26.057647941926234,29.459387442581516,-25.18852890929861,-20.296221796429705,-4.892307112868906,12.852783203125,23.79029541015625,25.9000244140625,7.1070556640625,13.0604248046875,1120.983154296875,7.291748046875,1
2022-10-06,1120.983154296875,1130.674560546875,1115.975830078125,1117.7987060546875,13352162,1097.38203125,1108.001123046875,0.36880052962943477,0.36880052962944276,2.219867320789959,1.8651985274110272,3.84359354580297,1110.8877134795061,1133.6340762573686,-22.746362777862487,32.8369056710271,-23.241866793548752,-20.885350795853515,-2.3565159976952366,14.69873046875,23.5064697265625,25.570382254464285,-3.1844482421875,7.291748046875,1114.360595703125,-3.4381103515625,0
2022-10-07,1114.360595703125,1127.8594970703125,1114.360595703125,1122.5291748046875,7714340,1102.426220703125,1104.7083251953125,0.42319504615427295,0.42319504615426773,0.7935563213552932,2.6524567354770268,4.603707522825795,1113.2160057445426,1132.6245397616703,-19.40853401712775,40.62020658923053,-21.074480257920868,-20.923176688266985,-0.15130356965388359,13.4989013671875,23.43033447265625,24.171046665736608,8.1685791015625,-3.4381103515625,1109.9071044921875,-12.6220703125,0
2022-10-10,1109.9071044921875,1115.7220458984375,1102.0616455078125,1110.2763671875,6329527,1111.1024169921875,1101.0163208007812,-1.0915357829625592,-1.0915357829625605,-0.6729600621687815,-0.30664141281282475,1.1796864240726013,1112.6280780331342,1130.5928877094732,-17.964809676338973,37.271204824494276,-20.11365232331059,-20.761271815275705,0.6476194919651164,13.660400390625,22.0343017578125,24.269941057477677,0.3692626953125,-12.6220703125,1114.060546875,3.7841796875,1
2022-10-11,1114.060546875,1114.060546875,1085.0322265625,1088.17041015625,9215177,1113.179150390625,1101.93701171875,-1.991031934440591,-1.9910319344405902,-3.0608348913885197,-2.6505931468655652,-0.4895654771499669,1107.7365444577574,1126.7362988409982,-18.99975438324077,33.03291818293435,-20.895089661099746,-20.788035384440516,-0.1070542766592304,29.0283203125,22.96883544921875,24.925920758928573,-25.89013671875,3.7841796875,1085.4476318359375,-2.7227783203125,0
2022-10-12,1085.4476318359375,1099.1541748046875,1081.3402099609375,1096.177490234375,7417103,1108.951806640625,1099.9987182617188,0.7358296093509165,0.7358296093509242,-1.2698529275949166,-2.3475278114617804,-1.5726004454499232,1105.4247336130811,1123.9582253313051,-18.533491718224013,34.63209293791482,-20.63046478092906,-20.756521263738225,0.12605648280916526,17.81396484375,21.70894775390625,24.945704868861608,10.7298583984375,-2.7227783203125,1094.4007568359375,-1.7767333984375,0
2022-10-13,1094.4007568359375,1104.83056640625,1089.185791015625,1099.661865234375,7328492,1103.6353271484375,1100.5086791992187,0.3178659506367898,0.31786595063678647,1.0560345117705427,-0.9560234070381202,-1.6225498134925576,1104.27215993734,1121.7494653224933,-17.477305385153386,37.746180594859986,-19.910076743405853,-20.587232359671752,0.6771556162658996,15.644775390625,20.9243896484375,24.82208251953125,5.2611083984375,-1.7767333984375,1114.5220947265625,14.8602294921875,1
2022-10-14,1114.5220947265625,1115.1451416015625,1093.3392333984375,1094.07763671875,9106089,1103.667626953125,1103.046923828125,-0.5078132371567521,-0.5078132371567512,-0.191561451893707,0.5428585915740802,-2.5345923049962527,1102.233255293622,1119.2338445403348,-17.000589246712707,41.11111852046004,-19.564240222451417,-20.382633932227684,0.8183937097762666,21.805908203125,20.58980712890625,24.40673828125,-20.4444580078125,14.8602294921875,1086.8321533203125,-7.2454833984375,0
2022-10-17,1086.8321533203125,1114.060546875,1081.571044921875,1111.6376953125,16729355,1099.05263671875,1105.0775268554687,1.6050102848655605,1.6050102848655712,1.089046593024534,1.410374251967128,0.12261164564355553,1104.1141432973977,1118.5432855196225,-14.429142222224755,54.32624538127718,-17.66952898376985,-19.840012942536116,2.1704839587662654,32.489501953125,19.639111328125,24.606166294642858,24.8055419921875,-7.2454833984375,1117.7525634765625,6.1148681640625,1
2022-10-18,1117.7525634765625,1136.674072265625,1116.8988037109375,1131.25146484375,12415820,1099.7910400390624,1106.4850952148438,1.7644030617130375,1.764403061713038,3.3977321971855767,2.8726648261683696,3.9590356699107376,1109.5416076066683,1119.6985745490886,-10.15696694242024,57.11510651781894,-14.419075270243866,-18.75582540807767,4.336750137833803,19.7752685546875,19.12685546875,24.222133091517858,13.4989013671875,6.1148681640625,1132.7513427734375,1.4998779296875,1
2022-10-19,1132.7513427734375,1166.6024169921875,1126.8441162109375,1150.9344482421875,19247142,1109.2517822265625,1109.1017944335938,1.739929981098954,1.7399299810989532,3.53503242067017,5.196780339460805,4.995263859697108,1117.8201757337722,1122.5381994302793,-4.718023696507089,72.09520942419758,-10.137951032475257,-17.03225053295719,6.894299500481932,39.75830078125,21.8174072265625,24.78253173828125,18.18310546875,1.4998779296875,1146.8271484375,-4.1072998046875,0
2022-10-20,1146.8271484375,1162.51806640625,1146.8271484375,1154.0264892578125,8717053,1119.737060546875,1111.6861938476563,0.2686548326316454,0.268654832631654,2.013259219709229,3.8131842887350276,4.943758235341789,1125.0614384385804,1125.4007712327823,-0.33933279420193685,74.02021499157664,-6.421603118076746,-14.9101210499811,8.488517931904354,15.69091796875,21.9166259765625,24.106759207589285,7.1993408203125,-4.1072998046875,1157.3031005859375,3.276611328125,1
2022-10-21,1157.3031005859375,1161.5028076171875,1138.5201416015625,1140.6429443359375,8243452,1128.29326171875,1115.9804443359376,-1.1597259721899746,-1.1597259721899733,-0.8941867994278985,0.8301849574607667,4.256124616242185,1128.1777396180519,1126.786423333069,1.3913162849828495,63.74278904219412,-4.5043870750016595,-12.828974254985214,8.324587179983554,22.982666015625,22.86500244140625,22.748631068638392,-16.66015625,3.276611328125,1135.28955078125,-5.3533935546875,0
2022-10-24,1135.28955078125,1154.9033203125,1133.12060546875,1144.4503173828125,3370033,1137.9847412109375,1118.5186889648437,0.33379183782104455,0.3337918378210514,-0.8298052050051963,-0.5633796841582162,2.951737082025474,1131.432255171004,1128.3922318830457,3.04002328795832,66.15894944837511,-2.647240620704906,-10.792627528129152,8.145386907424246,21.78271484375,23.67723388671875,22.526123046875,9.1607666015625,-5.3533935546875,1153.2880859375,8.8377685546875,1
2022-10-25,1153.2880859375,1153.2880859375,1125.1365966796875,1126.77490234375,12233241,1145.091845703125,1122.4414428710938,-1.5444458156544134,-1.544445815654416,-1.215809211905594,-2.3614351288928193,-0.39571771963348157,1130.5007846055532,1128.2452019249279,2.2555826806253663,54.2180991863165,-2.57204798161456,-9.148511618826234,6.576463637211674,28.1514892578125,23.58955078125,22.938180106026785,-26.51318359375,8.8377685546875,1134.3665771484375,7.5916748046875,1
2022-10-27,1134.3665771484375,1139.1893310546875,1122.73681640625,1131.205322265625,12513059,1145.414892578125,1127.3333374023437,0.39319476433664774,0.39319476433665734,-1.1573237314029372,-0.8273949457344831,-1.7141832887784925,1130.6416921375676,1128.5143037740822,2.127388363485352,54.31328612468539,-2.13040147025049,-7.744889589111085,5.614488118860595,16.4525146484375,23.45340576171875,22.900277273995535,-3.1612548828125,7.5916748046875,1137.5970458984375,6.3917236328125,1
2022-10-28,1137.5970458984375,1169.902099609375,1135.0357666015625,1165.81787109375,17609592,1143.5688720703124,1131.6529663085937,3.059793668474044,3.0597936684740423,3.465019381314627,1.8670582188138996,1.0217600675284988,1137.6769279288042,1131.9055371667791,5.771390762025021,61.681167630318555,1.0010109619247487,-5.995709478903919,6.996720440828668,34.8663330078125,25.3755615234375,24.700125558035715,28.2208251953125,6.3917236328125,1172.671142578125,6.853271484375,1
2022-10-31,1172.671142578125,1181.8780517578125,1168.60986328125,1176.6400146484375,12419943,1146.64248046875,1137.46787109375,0.9282876702288285,0.9282876702288334,4.016485026061756,4.425472399231256,3.155857886225455,1145.469545272731,1135.9723078469297,9.497237425801359,68.04713606242083,4.306294137228861,-3.935308755677363,8.241602892906224,13.2681884765625,24.52178955078125,24.38531494140625,3.9688720703125,6.853271484375,1199.8995361328125,23.259521484375,1
2022-11-01,1199.8995361328125,1199.8995361328125,1157.441650390625,1167.525390625,13963166,1159.5644775390624,1148.774609375,-0.7746314854132182,-0.774631485413213,0.1464653762468071,3.2107405830297697,2.0162581889056286,1149.8807143431848,1138.8407699176632,11.039944425521526,73.22077567093476,6.1197363708570265,-1.924299730370485,8.044036101227512,42.4578857421875,25.5186279296875,25.344569614955358,-32.3741455078125,23.259521484375,1168.656005859375,1.130615234375,1
2022-11-02,1168.656005859375,1176.9168701171875,1160.672119140625,1174.8170166015625,8981896,1162.6380615234375,1153.8649536132812,0.6245368225062022,0.6245368225062053,-0.15493252177214423,0.7719169289599037,4.263683381470629,1154.8679747948604,1142.1113377980178,12.756636996842644,73.1081766449719,8.05245202928495,0.07105062156060216,7.9814014077243485,16.2447509765625,25.165576171875,25.23248291015625,6.1610107421875,1.130615234375,1167.525390625,-7.2916259765625,0
2022-11-03,1167.525390625,1181.23193359375,1165.3101806640625,1179.2012939453125,6693449,1169.26982421875,1157.3423583984375,0.3731881034914326,0.3731881034914286,1.0000556231211544,0.21767739197959823,4.242905397895336,1159.7346386249508,1145.4831519932263,14.251486631724447,73.2496516400641,9.824665030924507,2.0217735034333835,7.8028915274911235,15.9217529296875,22.78192138671875,25.252267020089285,11.6759033203125,-7.2916259765625,1178.6243896484375,-0.576904296875,0
2022-11-04,1178.6243896484375,1199.8995361328125,1177.332275390625,1196.5537109375,12575815,1177.47529296875,1160.5220825195313,1.4715398533977735,1.471539853397763,1.8502195685602185,2.4863116935692986,2.636418655592765,1167.0984530874607,1150.1259300790693,16.972523008391363,78.02599142902599,12.48542739875461,4.114504282497629,8.37092311625698,22.5672607421875,23.4695556640625,25.306649344308035,17.9293212890625,-0.576904296875,1195.74609375,-0.8076171875,0
2022-11-07,1195.74609375,1204.653076171875,1187.900634765625,1202.9454345703125,11789748,1182.090283203125,1164.3663818359375,0.5341777451682118,0.5341777451682184,2.013578236974123,2.394280774900426,2.2356387335454198,1174.2678493840313,1154.927703214637,19.340146169394302,76.59630280488668,14.937667294130733,6.279136884824251,8.658530409306483,16.75244140625,22.846533203125,24.182573590959823,7.1993408203125,-0.8076171875,1204.653076171875,1.7076416015625,1
2022-11-09,1204.653076171875,1210.029541015625,1195.3076171875,1201.74560546875,11254205,1183.0409912109376,1171.302734375,-0.09974094144935795,-0.09974094144935552,0.433904009806807,1.9118289336343741,2.9310039095107987,1179.763400600975,1159.1838761468289,20.579524454146167,73.00106872796704,16.592995177914645,8.34190854344233,8.251086634472315,14.721923828125,22.1404541015625,23.445826939174108,-2.907470703125,1.7076416015625,1195.2845458984375,-6.4610595703125,0
2022-11-10,1195.2845458984375,1198.307373046875,1182.8240966796875,1187.2083740234375,5966242,1188.36669921875,1175.5023803710938,-1.2096762725121133,-1.2096762725121168,-1.308210671458776,-0.7810210965574105,1.0547478668397225,1181.2523952854676,1161.731557771975,19.520837513492552,62.2468198551897,16.54114533990969,9.981755902735802,6.559389437173888,15.4832763671875,20.8736328125,21.957484654017858,-8.076171875,-6.4610595703125,1199.8995361328125,12.691162109375,1
2022-11-11,1199.8995361328125,1216.5135498046875,1194.361572265625,1214.5753173828125,12310132,1194.8415283203126,1182.0556762695312,2.3051508023506186,2.3051508023506084,1.067589667536839,0.966783902102275,2.999829089327699,1187.9169797049367,1166.5355359184148,21.381443786521913,67.56360388771083,18.495137155440943,11.68443215327683,6.810705002164113,22.1519775390625,21.4435791015625,22.929931640625,14.67578125,12.691162109375,1214.0906982421875,-0.484619140625,0
2022-11-14,1214.0906982421875,1219.2825927734375,1202.2762451171875,1208.691162109375,9043112,1201.9347900390626,1189.7050415039062,-0.4844619505455436,-0.484461950545545,1.8095212732649912,0.5779556512641282,1.0143674338166875,1192.0718161858244,1170.3678655721385,21.703950613685947,70.6368343886277,19.34588032636134,13.216721787893732,6.129158538467607,17.00634765625,19.65758056640625,22.5030517578125,-5.3995361328125,-0.484619140625,1210.1910400390625,1.4998779296875,1
2022-11-15,1210.1910400390625,1212.0831298828125,1195.2845458984375,1203.2685546875,7086433,1204.823779296875,1193.45703125,-0.4486346547294689,-0.44863465472947395,-0.93092314107589,1.352768479018951,0.0268607459575243,1194.3111638861596,1173.3588373098985,20.952326576261157,67.66461799012086,19.359378454239277,14.445253121162843,4.914125333076434,16.798583984375,20.0106201171875,22.147042410714285,-6.9224853515625,1.4998779296875,1204.5145263671875,1.2459716796875,1
2022-11-16,1204.5145263671875,1207.260498046875,1191.2926025390625,1196.369140625,9716161,1204.7960693359375,1193.9185302734375,-0.5733893764299227,-0.5733893764299225,-1.0194516077101867,-1.4989747031121547,-0.44738793462472115,1194.7227592339277,1175.4506830658167,19.27207616811097,72.34738792719742,18.598953604095414,15.275993217749358,3.3229603863460557,15.9678955078125,17.36162109375,21.276785714285715,-8.1453857421875,1.2459716796875,1192.9539794921875,-3.4151611328125,0
2022-11-17,1192.9539794921875,1205.8990478515625,1190.6695556640625,1199.461181640625,6661451,1204.3299560546875,1196.3483276367188,0.2584520872888509,0.25845208728885183,-0.3164192259527465,-0.7636343143803681,1.0320688335159645,1195.670443715267,1177.6334556635265,18.036988051740536,72.10764387030848,18.037883804185185,15.828371335036525,2.2095124691486596,15.2294921875,17.26009521484375,21.189426967075892,6.5072021484375,-3.4151611328125,1203.0146484375,3.553466796875,1
2022-11-18,1203.0146484375,1204.0531005859375,1186.562255859375,1198.8150634765625,5303197,1204.952978515625,1199.8972534179688,-0.053867367610741554,-0.05386736761073818,0.20444549834215398,-0.3701161468558589,-1.297593791071805,1196.2993676675262,1179.5590563738026,16.740311293723607,63.70255930556813,17.341197083997713,16.130936484828766,1.2102605991689472,17.4908447265625,17.41700439453125,19.674717494419642,-4.1995849609375,3.553466796875,1194.361572265625,-4.4534912109375,0
2022-11-21,1194.361572265625,1194.361572265625,1173.6402587890625,1177.239990234375,6390268,1201.0071533203125,1201.4709716796874,-1.7996998786134544,-1.7996998786134588,-1.8525977952746908,-1.5989337856567976,-2.6020850371828885,1192.487492180896,1179.348232179309,13.13926000158699,50.228716948689794,14.876650966707757,15.880079381204565,-1.003428414496808,20.7213134765625,17.23240966796875,20.325762067522323,-17.12158203125,-4.4534912109375,1174.51708984375,-2.722900390625,0
2022-11-22,1174.51708984375,1185.3623046875,1170.5943603515625,1183.7701416015625,6611488,1193.87236328125,1199.3480712890625,0.5547000969519751,0.5547000969519766,-1.254982718632991,-1.30817406008924,-1.6204539718069344,1190.7440220650292,1179.7502239449682,10.993798120061001,56.317289920564576,13.297128038387655,15.363489112641183,-2.0663610742535283,14.7679443359375,17.0339599609375,18.347909109933035,9.2530517578125,-2.722900390625,1188.362060546875,4.5919189453125,1
2022-11-23,1188.362060546875,1189.700439453125,1177.8629150390625,1180.078125,6413408,1190.6418701171874,1197.7189697265626,-0.3118862751992922,-0.31188627519929124,0.24108378828178179,-1.5629548749767408,-1.361704767517602,1188.6108426520234,1179.7800331317892,8.830809520234197,52.10487535414696,11.61355600908496,14.613502491929939,-2.9999464828449796,11.8375244140625,16.74552001953125,18.033107212611608,-8.283935546875,4.5919189453125,1184.2086181640625,4.1304931640625,1
2022-11-24,1184.2086181640625,1197.130615234375,1175.993896484375,1190.2542724609375,9389439,1188.8927978515626,1196.611376953125,0.8623282853359815,0.8623282853359893,0.5477525265675576,1.1054910073154733,-0.7675870899877091,1188.9395286138063,1180.7322367071663,8.207291906639966,54.22624168099667,10.973942324787458,13.885590458501444,-2.9116481337139852,21.13671875,17.3108642578125,18.405604771205358,6.045654296875,4.1304931640625,1194.8231201171875,4.56884765625,1
2022-11-25,1194.8231201171875,1211.390869140625,1191.638671875,1208.02197265625,7349922,1187.2544921875,1196.1037353515626,1.4927650844366627,1.4927650844366536,2.3679659053293722,2.0486942694699417,0.7680007917974851,1192.756017422295,1183.2131217934466,9.542895628848328,54.37114870922033,11.765127717915448,13.461497910384246,-1.6963701924687982,19.752197265625,17.07088623046875,18.303414481026785,13.1988525390625,4.56884765625,1204.0069580078125,-4.0150146484375,0
2022-11-28,1204.0069580078125,1255.76416015625,1154.672607421875,1249.533935546875,31527484,1189.1835693359376,1195.095361328125,3.436358264191729,3.43635826419173,4.980420104972394,5.885695961602111,6.140969208674862,1204.111601047211,1189.2422866801219,14.869314367089146,64.00724389792072,15.562422399328398,13.881682808173077,1.6807395911553211,101.091552734375,25.47940673828125,24.32763671875,45.5269775390625,-4.0150146484375,1247.8724365234375,-1.6614990234375,0
2022-11-29,1247.8724365234375,1260.656005859375,1243.280517578125,1251.6798095703125,11058913,1203.854638671875,1198.8635009765626,0.17173395314776543,0.17173395314775686,3.6139936112309146,5.160707130449804,5.736727560713151,1213.6252427518314,1194.9184251246847,18.70681762714662,64.9282365576523,18.531342115702955,14.811614669679052,3.719727446023903,17.37548828125,25.53709716796875,24.517177036830358,3.807373046875,-1.6614990234375,1251.818359375,0.1385498046875,1
2022-11-30,1251.818359375,1267.0247802734375,1245.2188720703125,1260.517578125,26164986,1216.5458984375,1203.5938842773437,0.7060726303255948,0.7060726303256049,0.8790191499135069,4.345583661307129,6.8164515061238,1223.0037098264652,1200.8819844883496,22.12172533811554,72.68960176346772,21.351242608783878,16.11954025750002,5.231702351283857,21.805908203125,26.1208984375,24.72320556640625,8.69921875,0.1385498046875,1265.3402099609375,4.8226318359375,1
2022-12-01,1265.3402099609375,1271.4320068359375,1253.43359375,1256.802490234375,9485801,1232.772216796875,1210.8325073242188,-0.29472717835090684,-0.29472717835090645,0.40926446403422023,0.5817012632248986,5.59109253486183,1229.7634659080472,1205.9656668288974,23.797799079149854,65.31121946238585,23.020887065264333,17.499809619052883,5.52107744621145,17.9984130859375,26.39779052734375,23.915579659598215,-8.5377197265625,4.8226318359375,1259.89453125,3.092041015625,1
2022-12-02,1259.89453125,1268.2015380859375,1246.326416015625,1256.271728515625,11589592,1245.7864990234375,1216.5204956054688,-0.042231116096135425,-0.04223111609613639,-0.33683382787018656,0.36686051098713257,3.994112437647246,1235.0651184295627,1210.5389451640544,24.526173265508305,67.94913584307233,24.024326806421413,18.80471305652659,5.2196137498948225,21.8751220703125,26.83621826171875,24.263349260602677,-3.622802734375,3.092041015625,1251.5875244140625,-4.6842041015625,0
2022-12-05,1251.5875244140625,1253.7796630859375,1235.8966064453125,1237.9501953125,14828536,1255.3026123046875,1222.2430908203125,-1.4584052786711361,-1.4584052786711377,-1.500020493940879,-1.790326704215317,-0.9270448688778687,1235.6421338061502,1213.0308769957314,22.61125681041881,61.92286500924955,23.07516923350113,19.6588042919215,3.41636494157963,17.883056640625,26.552392578125,24.518816266741073,-13.6373291015625,-4.6842041015625,1229.9432373046875,-8.0069580078125,0
2022-12-06,1229.9432373046875,1244.6650390625,1228.051025390625,1241.52685546875,8594245,1251.7167724609376,1227.7857055664062,0.28891793626213946,0.28891793626213413,-1.17370093684247,-1.215436385933344,-0.8111462711096973,1236.8190781386702,1215.6214204932785,21.1976576453917,65.88729490320529,22.35387998816759,20.197819431170718,2.1560605569968736,16.614013671875,26.73699951171875,24.564967564174108,11.5836181640625,-8.0069580078125,1239.1270751953125,-2.3997802734375,0
2022-12-07,1239.1270751953125,1243.7420654296875,1219.351806640625,1223.205322265625,8462111,1249.178515625,1232.86220703125,-1.4757258872348382,-1.4757258872348356,-1.1910715877509803,-2.6321062155136077,-2.9600742192644747,1234.0963269640613,1216.3108661089464,17.785460855114934,57.54508028737813,20.0724754522505,20.172750635386677,-0.10027518313617634,24.3902587890625,27.99227294921875,25.219308035714285,-15.9217529296875,-2.3997802734375,1227.589599609375,4.38427734375,1
2022-12-08,1227.589599609375,1229.8970947265625,1218.40576171875,1222.62841796875,7757008,1241.6283935546876,1237.2003051757813,-0.047163324617199666,-0.0471633246171943,-1.5221932104613867,-1.2376731634088256,-2.7191283062505733,1231.8027451649991,1216.885189005292,14.917556159707146,57.57040415619112,18.01028323145647,19.740257154600638,-1.7299739231441684,11.4913330078125,27.027734375,24.790771484375,-4.961181640625,4.38427734375,1221.1285400390625,-1.4998779296875,0
2022-12-09,1221.1285400390625,1227.589599609375,1200.7532958984375,1204.0992431640625,12655763,1233.8751953125,1239.8308471679688,-1.515519722293998,-1.515519722294001,-1.56196827742493,-3.01464379443942,-4.152961828824086,1226.262044764812,1215.7228302924527,10.539214472359163,58.707341607555335,14.711249362010676,18.734455596082647,-4.023206234071971,26.8363037109375,27.73614501953125,24.909449986049108,-17.029296875,-1.4998779296875,1193.2078857421875,-10.891357421875,0
2022-12-12,1193.2078857421875,1210.5140380859375,1192.97705078125,1205.9451904296875,9479842,1222.199267578125,1238.7509399414062,0.15330524257903577,0.15330524257903821,-1.3645378509015593,-1.4110576141026177,-2.585322495525222,1222.198673897787,1214.8339539412923,7.36471995649481,57.413965334678906,12.106141703583262,17.40879281758277,-5.302651113999509,17.5369873046875,19.3806884765625,25.10723876953125,12.7373046875,-10.891357421875,1205.9451904296875,0.0,0
2022-12-13,1205.9451904296875,1215.1290283203125,1202.9915771484375,1211.4371337890625,8333348,1217.399658203125,1234.5582153320313,0.4554057185151324,0.4554057185151228,0.6094091219356557,-0.9153463157907327,-2.4236061867809466,1220.0463658760423,1214.5251521092714,5.52121376677087,60.35982797727473,10.365244954809896,16.000083245028197,-5.634838290218301,12.137451171875,18.856884765625,25.128662109375,5.491943359375,0.0,1217.2750244140625,5.837890625,1
2022-12-14,1217.2750244140625,1217.875,1204.97607421875,1207.0528564453125,7268947,1213.029248046875,1231.1038818359375,-0.36190712843984835,-0.3619071284398534,0.09185044431665457,0.24529649844216017,-1.3205032324740795,1217.4476639898965,1213.8458525034569,3.601811486439601,55.77043821037164,8.533429138978136,14.506752423818186,-5.973323284840051,12.89892578125,17.9661865234375,24.540248325892858,-10.22216796875,5.837890625,1201.0533447265625,-5.99951171875,0
2022-12-15,1201.0533447265625,1206.822021484375,1186.51611328125,1189.9080810546875,8688551,1207.7219970703125,1224.6751953125,-1.4203831505038795,-1.4203831505038789,-1.7771498110708994,-1.3298373344219572,-2.6762290515399134,1211.9397474028547,1211.6696914626596,0.2700559401951068,43.750990677415736,5.633324361635914,12.732066811381733,-7.098742449745819,20.305908203125,18.19693603515625,24.497401646205358,-11.145263671875,-5.99951171875,1186.51611328125,-3.3919677734375,0
2022-12-16,1186.51611328125,1208.5758056640625,1180.5858154296875,1184.02392578125,15837349,1200.79951171875,1217.337353515625,-0.4945050266590355,-0.4945050266590312,-1.9078643110858606,-2.262866742582925,-1.6672477369938155,1206.3565830785337,1209.1564400370767,-2.7998569585429323,20.033768616439275,2.827573766559226,10.751168202417233,-7.923594435858007,27.989990234375,18.8084228515625,19.275861467633927,-2.4921875,-3.3919677734375,1191.131103515625,7.107177734375,1
2022-12-19,1191.131103515625,1201.74560546875,1184.5316162109375,1199.5765380859375,7729933,1200.3841552734375,1211.2917114257812,1.3135386849911397,1.3135386849911335,0.8125381435077017,-0.6193861618779661,-0.5281046265030342,1205.0005740800145,1208.2855398597003,-3.2849657796857628,28.770292340925394,1.8377772874109723,8.968490019415981,-7.1307127320050085,17.2139892578125,18.74151611328125,19.300589425223215,8.4454345703125,7.107177734375,1192.469482421875,-7.1070556640625,0
2022-12-20,1192.469482421875,1211.8985595703125,1184.2086181640625,1209.9603271484375,7467588,1197.689013671875,1207.5443359375,0.8656212198905232,0.8656212198905333,2.1905301744704175,1.6851928659881388,-0.12190534691683963,1205.9925246936991,1208.4377932495854,-2.4452685558862868,29.65652544106861,1.869688833948203,7.548729782322425,-5.679040948374222,27.68994140625,19.84910888671875,19.720877511160715,17.4908447265625,-7.1070556640625,1209.591064453125,-0.3692626953125,0
2022-12-21,1209.591064453125,1215.1290283203125,1188.8697509765625,1192.746337890625,8527550,1196.1522216796875,1204.5907348632813,-1.422690386748581,-1.4226903867485818,-0.5693842767390933,0.7366753255108272,-1.1852437511990277,1203.3432873330844,1207.0112973078617,-3.6680099747773056,26.750485091049256,0.5001880383449588,6.139021433526932,-5.638833395181973,26.25927734375,20.0360107421875,20.310939243861608,-16.8447265625,-0.3692626953125,1198.9765625,6.230224609375,1
2022-12-22,1198.9765625,1202.0455322265625,1184.5546875,1189.654296875,7451122,1195.736865234375,1201.7294311523438,-0.25923709990954846,-0.25923709990954835,-1.678239345358834,-0.8271453213622881,-0.02132804909288355,1200.6054892414675,1205.4333881776015,-4.827898936134034,26.262202728883338,-0.8251413616035279,4.74618887450084,-5.571330236104368,17.4908447265625,20.6359619140625,19.997776576450892,-9.322265625,6.230224609375,1182.9625244140625,-6.6917724609375,0
2022-12-23,1182.9625244140625,1195.515380859375,1150.1729736328125,1154.764892578125,10257115,1195.0261474609374,1197.9128295898438,-2.9327346934754877,-2.9327346934754916,-3.184369057017633,-4.561755731313422,-2.4711521926230606,1191.4373699087992,1200.8271613049217,-9.389791396122519,23.488816938823362,-4.637301874001878,2.8694907248002965,-7.506792598802175,45.3424072265625,22.486572265625,21.781154087611608,-28.1976318359375,-6.6917724609375,1160.5567626953125,5.7918701171875,1
2022-12-26,1160.5567626953125,1173.132568359375,1150.2421875,1164.8486328125,5990242,1188.911279296875,1194.6477172851562,0.8732288536987013,0.8732288536986932,-2.0851153253226506,-2.338947032733063,-2.895013712826522,1186.1196224895393,1197.5563859874287,-11.436763497889388,26.535828931719564,-6.766789642808135,0.9422346512786102,-7.7090242940867455,22.890380859375,23.02191162109375,22.229466029575892,4.2918701171875,5.7918701171875,1167.5946044921875,2.7459716796875,1
2022-12-27,1167.5946044921875,1176.270751953125,1160.7874755859375,1174.378662109375,5763271,1183.9363037109374,1190.8126586914063,0.8181345651636269,0.8181345651636196,1.6985076059474302,-1.2840398093590055,-2.9407298934271076,1183.7714304135066,1195.449320180333,-11.67788976682641,34.20899393815655,-7.597847071691376,-0.7657816933153873,-6.832065378375989,15.4832763671875,23.356494140625,21.593252999441965,6.7840576171875,2.7459716796875,1171.28662109375,-3.092041015625,0
2022-12-28,1171.28662109375,1176.7322998046875,1163.671875,1174.2633056640625,7459393,1176.2754150390624,1186.213818359375,-0.009822764073838081,-0.009822764073841306,0.808231437661644,1.6885180014786672,-1.54961970030022,1181.869805463618,1193.523318860672,-11.653513397053985,34.311426529839125,-8.17157751364266,-2.246940857380842,-5.924636656261818,13.0604248046875,23.37264404296875,21.705330984933035,2.9766845703125,-3.092041015625,1166.2100830078125,-8.05322265625,0
2022-12-29,1166.2100830078125,1176.31689453125,1165.517822265625,1173.7325439453125,6930648,1169.722119140625,1182.7294921875,-0.04519954904405761,-0.04519954904406154,-0.05501787327283347,0.7626665716525372,-1.3383512312367563,1180.2423531599568,1191.72415750473,-11.481804344773309,38.84748031857429,-8.57029799685347,-3.5116122852753673,-5.058685711578102,10.799072265625,22.42196044921875,20.559814453125,7.5224609375,-8.05322265625,1174.563232421875,0.8306884765625,1
2022-12-30,1174.563232421875,1189.2850341796875,1172.71728515625,1175.5323486328125,7289476,1168.0422607421874,1181.5342041015624,0.15334027302763942,0.15334027302764675,0.10807141487167993,0.09823803519772856,1.7984142216449062,1179.300352254528,1190.2521748800102,-10.951822625482237,38.82674700874518,-8.641444463080234,-4.537578720836341,-4.103865742243893,16.5677490234375,21.279736328125,20.490583147321427,0.9691162109375,0.8306884765625,1176.8245849609375,1.292236328125,1
2023-01-02,1176.8245849609375,1190.2081298828125,1175.993896484375,1188.7774658203125,5316175,1171.2958251953125,1180.1035522460938,1.1267335350579302,1.1267335350579222,1.2818015443645248,1.2360226268027796,2.054243987910853,1181.1957749676849,1190.1181104200377,-8.922335452352854,42.12384329575809,-7.54211745199791,-5.138486467068655,-2.403630984929255,14.2142333984375,20.9797607421875,20.671892438616073,11.952880859375,1.292236328125,1183.7701416015625,-5.00732421875,0
2023-01-03,1183.7701416015625,1187.4390869140625,1175.809326171875,1180.078125,7658932,1174.5309326171875,1179.2336181640626,-0.7317888394115499,-0.7317888394115513,0.38669938538691273,0.5406326243079018,0.48531730646297344,1180.972244974148,1189.2053844727616,-8.233139498613582,40.897054632065796,-7.28883581414334,-5.568556336483593,-1.720279477659747,11.6297607421875,19.37374267578125,20.676836286272323,-3.6920166015625,-5.00732421875,1180.0550537109375,-0.0230712890625,0
2023-01-04,1180.0550537109375,1181.9241943359375,1160.2105712890625,1162.3104248046875,9264891,1176.284619140625,1176.2800170898438,-1.5056376199933796,-1.505637619993383,-2.2264083713398386,-1.1247605260291338,-1.0179046557718618,1177.239880940256,1186.7603881393004,-9.52050719904446,40.72583239331161,-8.424698525830536,-6.139784774352982,-2.2849137514775535,21.713623046875,18.91917724609375,20.760899135044642,-17.74462890625,-0.0230712890625,1164.5948486328125,2.284423828125,1
2023-01-05,1164.5948486328125,1170.5482177734375,1155.5955810546875,1160.233642578125,13637099,1175.961572265625,1172.841845703125,-0.17867707130919683,-0.17867707130919674,-1.681624462098641,-2.4011073613757428,-1.150083248251188,1173.83863326783,1184.3488658155572,-10.510232547727355,41.79534487957656,-9.384280730828777,-6.788683965648142,-2.5955967651806358,14.95263671875,18.6653564453125,19.829659598214285,-4.3612060546875,2.284423828125,1166.048583984375,5.81494140625,1
2023-01-06,1166.048583984375,1175.8785400390625,1162.195068359375,1170.7789306640625,6349597,1174.258642578125,1171.1504516601562,0.9088934934264696,0.9088934934264659,0.7285924378418906,-0.7880151439920602,-0.40436300832370486,1173.2266927470764,1183.1152353472396,-9.888542600163191,39.71316296493884,-9.187927218136338,-7.268532616145782,-1.9193946019905557,13.6834716796875,15.499462890625,19.681318010602677,4.7303466796875,5.81494140625,1174.655517578125,3.8765869140625,1
2023-01-09,1174.655517578125,1200.8226318359375,1173.755615234375,1198.4227294921875,10722753,1173.8248291015625,1172.5603271484374,2.3611459092832763,2.3611459092832687,3.291499704249534,3.106941477666636,0.8113599011754014,1178.2659000960987,1184.5068257240532,-6.240925627954539,46.3310503180647,-6.724179947337234,-7.159662082384072,0.4354821350468381,27.0670166015625,15.91712646484375,19.849443708147323,23.7672119140625,3.8765869140625,1202.6685791015625,4.245849609375,1
2023-01-10,1202.6685791015625,1202.6685791015625,1174.9786376953125,1180.701171875,8047142,1177.6045166015624,1176.067724609375,-1.478740112405639,-1.478740112405641,0.8474905852046355,1.7640868654174469,0.05279708705725472,1178.752954451879,1184.160857192321,-5.407902740441841,46.18196913779033,-6.130950300676659,-6.9539197260425905,0.8229694253659314,27.68994140625,17.13779296875,19.951633998325892,-21.9674072265625,4.245849609375,1177.9783935546875,-2.7227783203125,0
2023-01-11,1177.9783935546875,1180.5166015625,1163.4871826171875,1165.81787109375,11509553,1177.1891845703126,1176.7369018554687,-1.2605476420095978,-1.2605476420096018,-2.7206475307968603,-0.42374007939300906,0.30176502027432495,1176.1659377802534,1182.4933130015418,-6.327375221288321,42.96992889709923,-6.783572716177105,-6.919850324069494,0.13627760789238952,17.0294189453125,17.5346923828125,19.931858607700892,-12.1605224609375,-2.7227783203125,1165.2178955078125,-0.5999755859375,0
2023-01-12,1165.2178955078125,1168.748291015625,1137.5970458984375,1140.6429443359375,17688773,1177.3137939453125,1176.6376831054688,-2.1594219287609495,-2.1594219287609517,-3.3927490285665107,-4.821319200173491,-1.6885132031385974,1169.0613390913902,1178.6887340319413,-9.627394940551085,45.58184786595813,-9.225837168076623,-7.38104769287092,-1.8447894752057028,31.1512451171875,19.56990966796875,18.918204171316965,-24.574951171875,-0.5999755859375,1134.5511474609375,-6.091796875,0
2023-01-13,1134.5511474609375,1141.242919921875,1123.5675048828125,1138.7969970703125,20618583,1171.014306640625,1172.636474609375,-0.16183392662808066,-0.1618339266280855,-2.3177611780892504,-3.549092336221027,-2.7316799744260822,1163.0084706871748,1175.062212489975,-12.053741802800232,41.40661800742489,-11.181409530006704,-8.141120060298078,-3.0402894697086253,17.6754150390625,19.68067626953125,18.545706612723215,4.245849609375,-6.091796875,1141.150634765625,2.3536376953125,1
2023-01-16,1141.150634765625,1144.3580322265625,1120.06005859375,1127.9517822265625,13623855,1164.313330078125,1169.0690795898438,-0.9523396067649084,-0.952339606764907,-1.1126323248125236,-3.24802782716499,-5.880307969082487,1155.9971329950524,1170.779446102392,-14.782313107339633,34.81738422842348,-13.451274991647324,-9.203151046567928,-4.248123945079396,24.2979736328125,20.68905029296875,19.175327845982142,-13.1988525390625,2.3536376953125,1134.3665771484375,6.414794921875,1
2023-01-17,1134.3665771484375,1145.904052734375,1130.9515380859375,1143.9658203125,10751000,1150.6529296875,1164.1287231445312,1.4197449162521816,1.4197449162521858,0.45388451633476823,0.2913160505715551,-3.1113166004707926,1153.590870458542,1168.3418437578564,-14.75097329931441,41.025281589529115,-13.79889560583024,-10.122299958420392,-3.6765956474098473,14.9525146484375,21.02132568359375,19.524745396205358,9.5992431640625,6.414794921875,1141.5198974609375,-2.4459228515625,0
2023-01-18,1141.5198974609375,1149.6422119140625,1135.451171875,1142.0736083984375,13448286,1143.36123046875,1160.2752075195312,-0.1654080812961352,-0.1654080812961367,1.2519884621307709,0.2877256733688771,-2.0367042986771167,1151.2874180465212,1165.9538223615455,-14.666404315024238,40.69702874112328,-14.064941247057504,-10.910828216147817,-3.154113030909688,14.1910400390625,20.2690673828125,19.76702880859375,0.5537109375,-2.4459228515625,1141.242919921875,-0.8306884765625,0
2023-01-19,1141.242919921875,1145.05029296875,1133.7435302734375,1140.8507080078125,11940054,1138.5662353515625,1157.9400146484375,-0.10707719551806369,-0.10707719551806827,-0.2723081624795842,1.143570672479255,0.018214610707634193,1149.2000760387796,1163.6717210566605,-14.471645017880974,39.77413750689882,-14.210650641037091,-11.570792701125672,-2.639857939911419,11.3067626953125,19.90447998046875,19.391244070870535,-0.3922119140625,-0.8306884765625,1142.2120361328125,1.361328125,1
2023-01-20,1142.2120361328125,1142.2120361328125,1124.79052734375,1127.2825927734375,14930286,1140.0984130859374,1155.5563598632812,-1.1892980509314885,-1.1892980509314866,-1.2951017794502584,-1.4583676577421767,-1.0111024463971274,1144.8165793857113,1160.3636184854586,-15.54703909974728,31.90274411468218,-15.24522245682806,-12.305678652266149,-2.939543804561911,17.4215087890625,20.27828369140625,19.587367466517858,-14.929443359375,1.361328125,1130.213134765625,2.9305419921875,1
2023-01-23,1130.213134765625,1138.15087890625,1119.1370849609375,1121.5830078125,10954118,1137.9109130859374,1151.1121215820312,-0.5056039184384895,-0.5056039184384908,-1.6888888318225548,-1.7941576125440895,-0.5646317967148096,1140.1698650710691,1156.8381084242806,-16.668243353211437,32.47613927119467,-16.33671743808577,-13.111886409430074,-3.2248310286556965,19.0137939453125,19.47296142578125,20.019199916294642,-8.630126953125,2.9305419921875,1126.0595703125,4.4765625,1
2023-01-24,1126.0595703125,1127.7440185546875,1101.7615966796875,1114.9605712890625,16488755,1136.24951171875,1143.451220703125,-0.5904544271184787,-0.5904544271184808,-1.0930729848368625,-2.2693711400644245,-2.5354996196926605,1135.1280063146678,1153.031059593806,-17.90305327913825,34.799997499014765,-17.533989440222058,-13.996307015588473,-3.5376824246335854,25.982421875,19.30220947265625,20.324114118303573,-11.0989990234375,4.4765625,1113.3453369140625,-1.615234375,0
2023-01-25,1113.3453369140625,1114.3836669921875,1098.36962890625,1099.54638671875,12385018,1130.614599609375,1136.9879150390625,-1.3824869656593666,-1.3824869656593686,-1.9647784372847754,-2.4604483589557136,-3.7236848279266876,1128.0116823954843,1148.1688166051645,-20.15713420968018,32.05511662722351,-19.501827077815733,-15.097411028033926,-4.404416049781807,16.0140380859375,19.20067138671875,20.441135951450892,-13.7989501953125,-1.615234375,1100.4002685546875,0.8538818359375,1
2023-01-27,1100.4002685546875,1101.7615966796875,1066.8260498046875,1078.6866455078125,25830975,1122.4460693359374,1130.50615234375,-1.897122437297696,-1.8971224372976936,-3.2533819325388236,-3.824626622005556,-5.448921761950142,1118.14667501795,1141.8522555963143,-23.705580578364334,24.33439060027993,-22.48536210896441,-16.575001244220022,-5.910360864744387,34.935546875,19.5791015625,21.819039481026785,-21.713623046875,0.8538818359375,1076.0792236328125,-2.607421875,0
2023-01-30,1076.0792236328125,1094.6314697265625,1061.9111328125,1089.0242919921875,21772103,1109.2195068359374,1124.6589599609374,0.9583549149723971,0.9583549149724035,-0.9569486884461909,-2.3262059632197407,-3.393851819100979,1112.3221984127974,1137.0497134504847,-24.727515037687226,16.25625453568064,-23.741990552176958,-18.00839910581141,-5.733591446365548,32.7203369140625,21.08359375,22.010227748325892,12.945068359375,-2.607421875,1099.2926025390625,10.268310546875,1
2023-01-31,1099.2926025390625,1101.900146484375,1080.37109375,1086.3013916015625,22691594,1103.035400390625,1120.4731567382812,-0.25003118944609676,-0.25003118944609826,0.7059275393332731,-1.2045872077041664,-3.1456981752736812,1107.1180370505504,1132.4362296460372,-25.318192595486835,17.9137443129883,-24.673175938536588,-19.341354472356446,-5.331821466180141,21.529052734375,20.80670166015625,21.570164271763392,-12.9912109375,10.268310546875,1098.3465576171875,12.045166015625,1
2023-02-01,1098.3465576171875,1098.3465576171875,1063.757080078125,1079.863525390625,19347800,1097.4927978515625,1116.8711547851562,-0.5926408877600705,-0.5926408877600653,-0.841190290145355,0.10910303633715479,-3.147828434673705,1101.6671347185654,1127.656892895545,-25.98975817697965,19.004843646334038,-25.635123321445462,-20.60010824217425,-5.035015079271211,34.5894775390625,22.77039794921875,22.811270577566965,-18.4830322265625,12.045166015625,1069.756591796875,-10.10693359375,0
2023-02-02,1069.756591796875,1083.6015625,1066.526123046875,1073.8870849609375,13662663,1088.775048828125,1109.69482421875,-0.5534440500271189,-0.5534440500271187,-1.1428050020558578,-1.3899788225622656,-2.33362612689626,1096.1111247670399,1122.7687285378533,-26.657603770813466,22.05914252877149,-26.573400726133286,-21.794766738966057,-4.778633987167229,17.075439453125,23.058837890625,21.805855887276785,4.1304931640625,-10.10693359375,1084.0631103515625,10.176025390625,1
2023-02-03,1084.0631103515625,1084.0631103515625,1058.2191162109375,1074.8331298828125,24699575,1085.5076171875,1103.9768432617188,0.08809538126714805,0.08809538126715033,-0.4658362274059469,-1.0557163792124014,-0.3572414325372364,1091.8555257901944,1118.4109468419406,-26.55542105174618,23.024528858387782,-26.930219602407078,-22.821857311654263,-4.108362290752815,25.843994140625,24.51256103515625,22.389325823102677,-9.22998046875,10.176025390625,1068.3720703125,-6.4610595703125,0
2023-02-06,1068.3720703125,1071.14111328125,1064.1263427734375,1066.7337646484375,14837879,1083.9661865234375,1096.5928466796875,-0.7535462956243322,-0.75354629562433,-0.6661147538393419,-1.2158722313949766,-2.046834722389268,1086.8311735618431,1113.7130211879858,-26.881847626142644,23.57042289253512,-27.548984671148446,-23.767282783553103,-3.781701887595343,7.0147705078125,23.47188720703125,21.418526785714285,-1.6383056640625,-6.4610595703125,1066.9876708984375,0.25390625,1
2023-02-07,1066.9876708984375,1074.0947265625,1058.2191162109375,1064.1724853515625,15135435,1077.5052001953125,1090.2703002929688,-0.24010483044184117,-0.24010483044184516,-0.9918418250107641,-0.9046202105809309,-2.037087167620655,1082.299435919787,1109.2093361119473,-26.90990019216042,11.023457150760734,-27.924142151295655,-24.598654657101612,-3.325487494194043,15.8756103515625,23.15806884765625,21.270193917410715,-2.815185546875,0.25390625,1067.4490966796875,3.276611328125,1
2023-02-08,1067.4490966796875,1089.093505859375,1064.68017578125,1085.424560546875,21160332,1071.3257080078124,1084.4092529296875,1.997051745637984,1.9970517456379788,1.752151897488452,0.9854023261468781,0.5149757377200359,1082.9244608452045,1107.04708378785,-24.12262294264542,26.72987803497395,-26.20452287199805,-24.9198283000809,-1.28469457191715,24.413330078125,23.00115966796875,22.03662109375,17.9754638671875,3.276611328125,1086.1168212890625,0.6922607421875,1
2023-02-09,1086.1168212890625,1094.1468505859375,1077.140625,1087.316650390625,13172763,1074.59775390625,1081.6864013671875,0.17431795009288334,0.17431795009288376,2.1748509153961537,1.929524162851548,1.2505565638845528,1083.8028987542887,1105.253408024466,-21.450509270177236,28.129681397645456,-24.407679826642607,-24.817398605393244,0.4097187787506371,17.0062255859375,23.10037841796875,22.4437255859375,1.1998291015625,0.6922607421875,1086.7860107421875,-0.5306396484375,0
2023-02-10,1086.7860107421875,1086.7860107421875,1071.279541015625,1078.3636474609375,10790445,1075.142333984375,1080.3249755859374,-0.8234034608474984,-0.8234034608474938,-0.6505208507885607,1.3335396568430191,0.3284712277625834,1082.7150484956185,1102.8088843368723,-20.09383584125385,29.23196965977121,-23.4359462803518,-24.541108140384956,1.1051618600331565,15.5064697265625,21.157470703125,22.344839913504465,-8.42236328125,-0.5306396484375,1080.001953125,1.6383056640625,1
2023-02-13,1080.001953125,1084.524658203125,1067.7030029296875,1072.2257080078125,10352493,1077.468310546875,1080.7172485351562,-0.569190130581376,-0.5691901305813762,-1.3879068601948652,-1.2160082808898687,0.514837304431337,1080.6171803980574,1100.028595579685,-19.411415181627717,29.123572424931126,-22.897176463645565,-24.212321805037078,1.3151453413915135,16.8216552734375,19.5676025390625,22.188258579799108,-7.7762451171875,1.6383056640625,1075.2716064453125,3.0458984375,1
2023-02-14,1075.2716064453125,1099.2464599609375,1072.3641357421875,1097.4927978515625,14321920,1079.12509765625,1078.3151489257812,2.3565084902409277,2.3565084902409383,1.7739053459067788,0.9358954870489322,3.1311007340123265,1083.9923038887584,1099.7980685134921,-15.805764624733683,43.61826554581894,-20.198518568848385,-23.409561157799338,3.211042588950953,26.88232421875,20.1029296875,22.262425013950892,22.22119140625,3.0458984375,1096.5235595703125,-0.96923828125,0
2023-02-15,1096.5235595703125,1124.7674560546875,1095.13916015625,1122.344482421875,33503591,1084.939990234375,1078.1328491210938,2.264405253406841,2.2644052534068315,4.674274645697762,4.07847900515681,3.401426798044671,1091.662739595382,1101.8477425051633,-10.18500290978136,57.791808896468794,-15.871532348582377,-21.901955395955948,6.030423047373571,29.6282958984375,19.6068115234375,23.19366455078125,25.8209228515625,-0.96923828125,1130.4207763671875,8.0762939453125,1
2023-02-16,1130.4207763671875,1137.0433349609375,1119.16015625,1121.4676513671875,17264487,1093.80078125,1084.199267578125,-0.07812494901702652,-0.07812494901702216,2.1845112389400567,4.592497921996874,3.1408514680883126,1097.6237219497432,1103.6313705835291,-6.007648633785948,66.93461447055128,-12.370517902895017,-19.995667897343765,7.625149994448748,17.8831787109375,19.68758544921875,21.975638253348215,-8.953125,8.0762939453125,1116.82958984375,-4.6380615234375,0
2023-02-17,1116.82958984375,1129.5208740234375,1112.491455078125,1126.15185546875,11809520,1099.8094970703125,1087.4759155273437,0.41768517316143366,0.4176851731614306,0.33923390781582796,2.6113207916525827,4.431548496681281,1103.3293486535445,1105.6786873912765,-2.3493387377320687,65.38534322479404,-9.112914600845443,-17.8191172380441,8.706202637198658,17.0294189453125,18.8061279296875,20.8548583984375,9.322265625,-4.6380615234375,1128.3670654296875,2.2152099609375,1
2023-02-20,1128.3670654296875,1130.5592041015625,1112.2607421875,1114.2452392578125,8836937,1109.48251953125,1093.4754150390625,-1.0572833630844114,-1.0572833630844158,-0.6440143057688807,-0.7216361189378628,3.9189072726181884,1105.512526774398,1106.4574648336888,-0.9449380592907346,60.760661700979846,-7.406625961071313,-15.736618982649544,8.32999302157823,18.2984619140625,19.9344970703125,20.624101911272323,-14.121826171875,2.2152099609375,1118.6756591796875,4.430419921875,1
2023-02-21,1118.6756591796875,1129.19775390625,1113.299072265625,1123.3367919921875,13311592,1118.163330078125,1098.6442138671875,0.8159382166560382,0.8159382166560425,-0.24997192544612412,0.16666915204566202,2.3548212973439897,1109.0773798179562,1107.991949120825,1.0854306971311871,66.40546778595876,-5.260132068351595,-13.641321599789954,8.381189531438359,15.898681640625,19.93680419921875,19.289045061383927,4.6611328125,4.430419921875,1119.5755615234375,-3.76123046875,0
2023-02-22,1119.5755615234375,1121.444580078125,1096.085205078125,1097.8619384765625,11024335,1122.77373046875,1103.8568603515625,-2.2677841318137983,-2.2677841318137992,-1.470349632560486,-2.5120872336006683,-2.181375177475131,1106.8342915496773,1107.0710390622555,-0.2367475125781766,57.88673832748587,-5.550643605861751,-12.023186001004314,6.472542395142563,25.359375,20.03140869140625,20.015912737165177,-21.713623046875,-3.76123046875,1097.4466552734375,-0.415283203125,0
2023-02-23,1097.4466552734375,1105.1767578125,1089.7626953125,1092.600830078125,9851910,1116.17890625,1104.98984375,-0.47921402628622195,-0.4792140262862232,-2.73613061845448,-1.9425175371720393,-2.5740217521094566,1103.987599255367,1105.7555655182437,-1.7679662628765982,55.68348780330963,-6.134686721383787,-10.84548614508021,4.7107994236964235,15.4140625,19.8721923828125,19.270917619977677,-4.8458251953125,-0.415283203125,1094.6776123046875,2.0767822265625,1
2023-02-24,1094.6776123046875,1105.8228759765625,1092.8316650390625,1100.0771484375,9434053,1111.7485107421876,1105.77900390625,0.6842680468072146,0.6842680468072126,0.20177491206330167,-2.070585039188255,-2.315381083343915,1103.2055090917936,1105.2393457836306,-2.0338366918369957,60.708486486406144,-5.925957934547569,-9.861580502973682,3.9356225684261137,12.9912109375,19.62066650390625,19.450578962053573,5.3995361328125,2.0767822265625,1099.2926025390625,-0.7845458984375,0
2023-02-27,1099.2926025390625,1102.8231201171875,1085.3092041015625,1092.7623291015625,11199715,1105.9336181640624,1107.7080688476562,-0.6649369406797642,-0.6649369406797612,0.014781155110954458,-0.46450370454379497,-1.9280235085913033,1101.1168730937475,1104.1050715398062,-2.988198446058732,58.909808710892015,-6.278410052177151,-9.144946412814376,2.866536360637225,17.513916015625,19.689892578125,19.567600795200892,-6.5302734375,-0.7845458984375,1087.3397216796875,-5.422607421875,0
2023-02-28,1087.3397216796875,1092.3701171875,1067.7491455078125,1071.8564453125,21994038,1099.6664306640625,1108.9148803710937,-1.9131226646740935,-1.913122664674094,-2.5653385460359224,-1.898624291191664,-4.5828060690854215,1095.264787537498,1101.1733782464146,-5.908590708916563,45.76244939084263,-8.150704747998134,-8.946098079851128,0.7953933318529938,24.6209716796875,19.46375732421875,19.574183872767858,-15.4832763671875,-5.422607421875,1081.755615234375,9.899169921875,1
2023-03-01,1081.755615234375,1082.4478759765625,1072.179443359375,1081.70947265625,11551145,1092.10244140625,1107.4380859375,0.9192487843721784,0.9192487843721731,-1.0114602371404824,-1.6696716050632054,-1.4712656714127692,1092.5537245612486,1099.4039322836722,-6.850207722423647,48.331738553423584,-8.738720294248424,-8.904622522730588,0.16590222848216385,10.2684326171875,17.52777099609375,19.115984235491073,-0.046142578125,9.899169921875,1078.525146484375,-3.184326171875,0
2023-03-02,1078.525146484375,1085.2861328125,1071.41796875,1073.4716796875,9333535,1088.3181396484374,1102.2485229492188,-0.7615531875228237,-0.7615531875228232,0.15069502843070293,-1.7653106169868371,-1.7507903951763604,1088.7373155864989,1097.0464547749293,-8.309139188430436,48.538308383968804,-9.756975556832003,-9.07509312955087,-0.681882427281133,13.8681640625,17.12626953125,18.9610595703125,-5.053466796875,-3.184326171875,1084.13232421875,10.66064453125,1
2023-03-03,1084.13232421875,1104.5767822265625,1080.625,1100.8616943359375,14643807,1086.20908203125,1098.9787963867188,2.5515358408347626,2.551535840834762,1.7705513507852766,2.706075906926242,0.07131735256493688,1091.1621913363867,1097.3932947350208,-6.2311033986341045,57.592050841249176,-8.258604858333001,-8.911795475307297,0.653190616974296,23.9517822265625,17.818505859375,19.981305803571427,16.7293701171875,10.66064453125,1107.599609375,6.7379150390625,1
2023-03-06,1107.599609375,1118.9525146484375,1107.599609375,1111.6146240234375,10171916,1087.8704833984375,1096.90205078125,0.9767738983766157,0.9767738983766261,3.5532324753123845,2.76461953261371,1.7251962681926303,1095.252677873797,1098.6861428521495,-3.4334649783525037,54.056181857225035,-6.1327689814941095,-8.35599017654466,2.2232211950505505,11.3529052734375,17.1239501953125,19.343453543526785,4.0150146484375,6.7379150390625,1111.6146240234375,0.0,0
2023-03-08,1111.6146240234375,1116.3681640625,1100.6771240234375,1115.606689453125,15782657,1092.7254638671875,1096.195947265625,0.3591231478440257,0.35912314784403154,1.3394048673918135,3.9251161034719706,4.081726086730719,1099.3234801896626,1100.224374361329,-0.900894171666323,47.801235631553446,-4.078883585232006,-7.50056885828213,3.421685273050124,15.6910400390625,17.10318603515625,18.347935267857142,3.9920654296875,0.0,1114.983642578125,-0.623046875,0
2023-03-09,1114.983642578125,1115.39892578125,1086.8782958984375,1088.79345703125,16235128,1099.3710693359376,1095.7367553710938,-2.403466443448717,-2.4034664434487207,-2.05297469995378,-1.0962537225865931,0.6548878931053936,1097.2174755579802,1099.1852000585945,-1.9677245006143949,40.880993621321274,-4.562178427110894,-6.912890772047883,2.3507123449369898,28.5206298828125,17.4193115234375,19.122593470982142,-26.190185546875,-0.623046875,1080.6019287109375,-8.1915283203125,0
2023-03-10,1080.6019287109375,1081.755615234375,1068.3951416015625,1071.9256591796875,13334091,1099.78642578125,1094.0522827148438,-1.5492192520659471,-1.5492192520659476,-3.9154507306558117,-3.570388872728003,-0.14402061433633762,1092.1591122823215,1096.707059978694,-4.5479476963723755,35.829735148410265,-6.234416910450136,-6.777195999728335,0.5427790892781985,13.3604736328125,17.21395263671875,19.363228934151785,-8.67626953125,-8.1915283203125,1074.8331298828125,2.907470703125,1
2023-03-13,1074.8331298828125,1081.755615234375,1049.912109375,1054.29638671875,12771592,1097.9265869140625,1092.0678344726562,-1.6446357366264235,-1.6446357366264208,-3.1683759752341945,-5.495691565315875,-4.229896258246746,1084.5865671696074,1092.8515442277899,-8.264977058182467,34.78923709106924,-8.879851509261243,-7.197727101634917,-1.6821244076263264,31.843505859375,19.09918212890625,20.330732073102677,-20.5367431640625,2.907470703125,1052.2196044921875,-2.0767822265625,0
2023-03-14,1052.2196044921875,1063.7340087890625,1047.166259765625,1050.3505859375,16027522,1086.8505859375,1087.3605346679688,-0.3742591581415145,-0.37425915814151,-2.012739694905541,-3.5307771961240464,-5.511265933529663,1077.739370923186,1088.9878207468544,-11.248449823668352,30.984746815332826,-11.166055299890786,-7.9913927412860915,-3.1746625586046946,16.5677490234375,19.0045654296875,20.378522600446427,-1.8690185546875,-2.0767822265625,1054.11181640625,3.76123046875,1
2023-03-15,1054.11181640625,1060.6650390625,1027.9447021484375,1032.398193359375,21728555,1075.3500244140625,1084.037744140625,-1.7091809933253315,-1.7091809933253321,-2.0770433850701098,-3.6875193239204407,-7.458587052264731,1068.6711354104239,1083.8433091661745,-15.172173755750691,32.24879814838097,-14.26209180533533,-9.24553255409594,-5.016559251239391,32.7203369140625,19.814501953125,20.769147600446427,-21.713623046875,3.76123046875,1035.1441650390625,2.7459716796875,1
2023-03-16,1035.1441650390625,1040.2205810546875,1016.31494140625,1027.25244140625,18363159,1059.38212890625,1079.3765991210937,-0.49842705907697943,-0.49842705907697793,-2.199089031842971,-2.565117897887137,-5.652221293908244,1060.3873966095891,1078.6986848243632,-18.311288214774095,32.26898571615395,-16.935717806655703,-10.783569604607893,-6.15214820204781,23.9056396484375,21.17822265625,21.375688825334823,-7.8917236328125,2.7459716796875,1035.9517822265625,8.6993408203125,1
2023-03-17,1035.9517822265625,1039.2745361328125,1021.1607055664062,1025.9603271484375,34014213,1050.452099609375,1075.1192626953125,-0.1257835178316704,-0.12578351783166797,-0.6235836378199133,-2.3221064581301465,-4.288108194594942,1053.501982717359,1073.9042886720063,-20.402305954647318,29.191525509382743,-18.94051404128595,-12.414958491943505,-6.525555549342446,18.11383056640625,21.602789306640624,21.725102015904017,-9.991455078125,8.6993408203125,1022.22216796875,-3.7381591796875,0
2023-03-20,1022.22216796875,1024.5296630859375,1006.0696411132812,1015.8765258789062,19524589,1039.9299072265626,1068.9282470703124,-0.9828646393723868,-0.9828646393723828,-1.1074118754851314,-1.6003192941192568,-3.644123353150863,1045.9768913496684,1068.629037508997,-22.652146159328595,28.744605452839437,-21.099782827340277,-14.15192335902286,-6.947859468317418,18.46002197265625,21.05361328125,21.894871303013392,-6.34564208984375,-3.7381591796875,1024.0450439453125,8.16851806640625,1
2023-03-21,1024.0450439453125,1049.45068359375,1023.1451416015624,1047.4661865234375,21400360,1034.2949951171875,1060.5727905273438,3.1095964755363172,3.109596475536325,2.0961687119787076,1.9677485594014277,-0.27461301518558745,1046.2747503844223,1066.7051419648553,-20.430391580433025,43.63330087129398,-20.03109133676685,-15.327756954571658,-4.703334382195191,26.305541992187614,22.54887695312501,22.50636945452009,23.421142578125,8.16851806640625,1054.527099609375,7.0609130859375,1
2023-03-22,1054.527099609375,1057.5037841796875,1047.6046142578125,1050.6505126953125,10920094,1034.3780517578125,1054.8640380859374,0.3040027652294769,0.304002765229483,3.4230525000388923,2.4065438880564782,1.767953436313685,1047.1499028466005,1065.2456302130788,-18.095727366478286,41.60009641981585,-18.711502567344496,-16.004506077126226,-2.7069964902182697,9.899169921875,21.969689941406262,22.466809953962052,-3.8765869140625,7.0609130859375,1046.681640625,-3.9688720703125,0
2023-03-23,1046.681640625,1047.5584716796875,1035.167236328125,1037.359375,16249370,1036.685546875,1048.033837890625,-1.2650389006345935,-1.2650389006345963,-0.9648818886442756,2.1147106536896665,0.9838802212934317,1045.1917972772806,1062.710516102799,-17.518718825518363,40.49327136478271,-18.524661922353516,-16.508537246171684,-2.016124676181832,12.3912353515625,20.35675048828126,22.58217511858259,-9.322265625,-3.9688720703125,1036.1824951171875,-1.1768798828125,0
2023-03-24,1036.1824951171875,1038.3746337890625,1014.3766479492188,1016.8225708007812,12375945,1036.731689453125,1043.59189453125,-1.9797193426066788,-1.9797193426066784,-3.219714023433906,-2.925499277868149,-0.8906539664212731,1039.5179519819808,1058.5388847117065,-19.0209327297257,27.048157062945393,-19.80543312610348,-17.167916422158044,-2.637516703945437,23.99798583984375,21.420501708984386,22.07452392578125,-19.35992431640625,-1.1768798828125,1023.3759155273438,6.5533447265625,1
2023-03-27,1023.3759155273438,1040.2205810546875,1015.3919677734376,1032.62890625,14054323,1036.9624389648438,1038.4461730957032,1.5544831422035352,1.5544831422035443,-0.4560106038469125,-1.7152807929518232,1.649056745021249,1038.1401428355848,1056.1834321242786,-18.043289288693813,29.007729005759657,-19.322279154447415,-17.59878896861592,-1.7234901858314942,24.828613281249886,20.719012451171874,22.555794852120528,9.25299072265625,6.5533447265625,1036.067138671875,3.438232421875,1
2023-03-28,1036.067138671875,1041.3743896484375,1032.3751220703125,1037.45166015625,12576424,1039.3668579101563,1036.8309265136718,0.4670365004369158,0.4670365004369126,2.028779646307677,0.008896160624183302,-0.9560715654627461,1038.002446299718,1054.4805437635487,-16.478097463830636,29.31981668725419,-18.33882169519302,-17.746795513931342,-0.5920261812616765,8.999267578125,19.962164306640624,22.077811104910705,1.384521484375,3.438232421875,1033.298095703125,-4.153564453125,0
2023-03-29,1033.298095703125,1035.974853515625,1020.4223022460938,1031.313720703125,18804065,1035.1210571289062,1034.7495544433593,-0.5916361878683165,-0.5916361878683163,-0.1273628443785424,1.4251404638796927,-1.8404590069233784,1036.6647011803996,1052.3744689398739,-15.709767759474289,32.92199482680394,-17.848953366451724,-17.76722708443542,-0.08172628201630516,15.55255126953125,18.2453857421875,21.242165701729903,-1.984375,-4.153564453125,1040.68212890625,9.368408203125,1
2023-03-31,1040.68212890625,1081.5018310546875,1040.543701171875,1075.7791748046875,28171201,1033.9211547851562,1035.3033508300782,4.311535201068305,4.311535201068306,3.69439041069779,4.17868106282131,3.7036152302269976,1044.4875959052572,1054.5021694730387,-10.014573567781554,50.983620485100765,-13.714644766128686,-16.956710620774075,3.2420658546453893,40.9581298828125,19.950634765625,23.370008196149545,35.0970458984375,9.368408203125,1082.2171630859375,6.43798828125,1
2023-04-03,1082.2171630859375,1084.0631103515625,1068.3720703125,1075.9637451171875,10293043,1043.1280883789063,1039.9298889160157,0.01715689584096193,0.017156895840964026,4.329431822512864,3.7121811492534684,5.816272771151287,1050.7828257476433,1056.453221804325,-5.670396056681739,56.07136382462603,-10.304498290620359,-15.626268154743332,5.321769864122974,15.6910400390625,19.708355712890626,22.216260637555795,-6.25341796875,6.43798828125,1083.6015625,7.6378173828125,1
2023-04-05,1083.6015625,1083.6015625,1065.3955078125,1073.37939453125,16262928,1055.1732177734375,1046.0678283691407,-0.24018937419271763,-0.24018937419272302,-0.22307368739250544,4.078843613119543,3.9462858374975873,1055.3021395043647,1057.9919647795,-2.689825275135263,56.50246551459119,-7.721459950104872,-14.04530651381564,6.323846563710768,18.2060546875,19.682958984375,22.333282470703118,-10.22216796875,7.6378173828125,1069.8258056640625,-3.5535888671875,0
2023-04-06,1069.8258056640625,1086.37060546875,1069.8258056640625,1080.5787353515625,18435046,1061.924951171875,1050.6459045410156,0.6707172558922175,0.6707172558922281,0.42891689011996803,0.4461473747850109,4.157020211314433,1060.3574586738043,1060.0453075587784,0.31215111502592663,64.483906474262,-5.0354117267118,-12.243327556394872,7.207915829683072,16.5447998046875,18.706884765624988,21.177886962890618,10.7529296875,-3.5535888671875,1084.524658203125,3.9459228515625,1
2023-04-10,1084.524658203125,1084.709228515625,1071.3948974609375,1072.9178466796875,12961408,1072.170263671875,1053.6456604003906,-0.7089616352095396,-0.7089616352095374,-0.04299950734232283,-0.2830856012874583,4.034090223118314,1062.869536274981,1061.215538387952,1.6539978870291634,63.52331461590324,-3.4846994032718612,-10.491601925770272,7.006902522498411,13.3143310546875,19.04840087890624,20.421364920479903,-11.6068115234375,3.9459228515625,1077.140625,4.2227783203125,1
2023-04-11,1077.140625,1080.37109375,1072.5487060546875,1078.22509765625,10542367,1079.461962890625,1056.6915588378906,0.49465585766763226,0.4946558576676363,-0.2178126977990913,0.45144365074347714,0.22736291135274644,1065.940648551235,1062.7618619577972,3.178786593437735,65.11812470241168,-1.8066717283350044,-8.754615886283219,6.947944157948214,7.8223876953125,18.591516113281237,19.68626185825892,1.08447265625,4.2227783203125,1078.22509765625,0.0,0
2023-04-12,1078.22509765625,1092.7392578125,1075.3177490234375,1082.9786376953125,18179087,1078.6635498046876,1060.895819091797,0.44086712963696756,0.44086712963695707,0.9377037623858886,0.22209416724909836,0.6519636567643872,1069.3482463800506,1064.5997506612077,4.7484957188428325,70.02756345453126,-0.092189054219034,-7.022130519870382,6.929941465651348,17.4215087890625,17.933868408203114,19.50989205496651,4.7535400390625,0.0,1085.9090576171875,2.930419921875,1
2023-04-13,1085.9090576171875,1091.8162841796875,1080.8326416015625,1087.0628662109375,12378208,1079.125048828125,1067.1491333007812,0.37712918551345104,0.3771291855134473,0.8196589537656118,1.3183693024609422,1.2748029028136099,1072.8911703462281,1066.6418520748196,6.249318271408583,64.1397539255035,1.577924592608042,-5.302119497374697,6.880044089982739,10.983642578125,16.549371337890626,17.89628383091517,1.15380859375,2.930419921875,1119.114013671875,32.0511474609375,1
2023-04-17,1119.114013671875,1119.114013671875,1084.086181640625,1092.5777587890625,17929479,1088.9826904296874,1075.4538208007812,0.5073204825170499,0.5073204825170485,0.886362921634154,1.3311377340418984,1.1104256492328712,1076.828488034795,1068.9996617761144,7.828826258680692,64.72686300600667,3.308370594586677,-3.580021478982423,6.8883920735691,35.02783203125,19.152227783203124,19.6813005719866,-26.5362548828125,32.0511474609375,1096.985107421875,4.4073486328125,1
2023-04-18,1096.985107421875,1096.985107421875,1073.4486083984375,1080.0711669921875,10405576,1091.4747802734375,1081.8225219726562,-1.144686654681351,-1.1446866546813483,-0.6431734020241442,-0.26846981112318424,0.6667164997429254,1077.4770238262736,1070.0061622503029,7.47086157597073,65.0855760416189,3.6287540642540534,-2.1382663703351277,5.767020434589181,23.5364990234375,19.95062255859375,20.256530761718743,-16.9139404296875,4.4073486328125,1079.47119140625,-0.5999755859375,0
2023-04-19,1079.47119140625,1088.17041015625,1076.3099365234375,1085.4476318359375,12273475,1091.9408935546876,1085.7014282226562,0.4977880169435992,0.4977880169436011,-0.6525967507363117,-0.14858702520398337,0.6698540217054072,1079.0711454282064,1071.4099322126333,7.661213215573071,77.14499247701013,4.267305213902318,-0.8571520534876386,5.124457267389957,11.8604736328125,17.04085693359375,19.389565604073653,5.9764404296875,-0.5999755859375,1086.416748046875,0.9691162109375,1
2023-04-20,1086.416748046875,1088.6781005859375,1076.2637939453125,1082.70166015625,7007330,1093.5792236328125,1086.12138671875,-0.25298057678221975,-0.25298057678222463,0.24354813316496138,-0.9039263844944578,-0.025575531171317945,1079.7972483738151,1072.4364529347802,7.360795439034973,72.08878655002309,4.499912445430482,0.21426084629598552,4.285651599134496,12.414306640625,16.71318359375,18.50282941545759,-3.715087890625,0.9691162109375,1084.8245849609375,2.1229248046875,1
2023-04-21,1084.8245849609375,1089.60107421875,1078.2481689453125,1084.0631103515625,7647317,1093.3623291015624,1086.2436889648438,0.12574564586111583,0.12574564586111947,-0.12755304298127657,0.36960003019910204,-0.2759505409131391,1080.6504207693647,1073.4934217908512,7.156998978513457,71.20958565536058,4.739479238471176,1.1193045247310236,3.6201747137401528,11.3529052734375,16.02786865234375,18.670946393694198,-0.761474609375,2.1229248046875,1096.0621337890625,11.9990234375,1
2023-04-24,1096.0621337890625,1098.784912109375,1083.6015625,1088.2166748046875,12936186,1088.751953125,1088.8673217773437,0.38314784568012794,0.3831478456801207,0.5093752832743936,0.25510608596255313,-0.39915547880167157,1082.1636715764294,1074.8318993375635,7.331772238865824,76.36871749953278,5.2045013348240445,1.9363438867496279,3.2681574480744167,15.183349609375,15.8917236328125,18.539088657924108,-7.845458984375,11.9990234375,1091.9085693359375,3.69189453125,1
2023-04-25,1091.9085693359375,1098.646484375,1084.75537109375,1096.546630859375,9236126,1087.7366455078125,1089.605712890625,0.7654685181315161,0.7654685181315068,1.1515492399482241,1.278742908838515,1.5254053964859349,1085.0402634330185,1076.8059658395464,8.234297593472093,64.46944818293423,6.174022248467963,2.783879559093295,3.3901426893746684,13.89111328125,15.94940185546875,15.946446010044642,4.6380615234375,3.69189453125,1097.9080810546875,1.3614501953125,1
2023-04-26,1097.9080810546875,1101.184814453125,1086.3936767578125,1090.1087646484375,8617834,1091.4240234375,1091.6824584960937,-0.5871037336453332,-0.5871037336453333,0.17387069023635515,0.557684717720397,0.42942033091142306,1086.0539636761023,1078.0153111858092,8.038652490293089,59.06540849917296,6.349697201037543,3.4970430874821448,2.852654113555398,14.7911376953125,16.64627685546875,15.882167271205358,-7.79931640625,1.3614501953125,1096.0621337890625,5.953369140625,1
2023-04-27,1096.0621337890625,1100.215576171875,1090.985595703125,1097.0081787109375,9167125,1093.3531005859375,1093.466162109375,0.632910612797896,0.6329106127978879,0.04209103731418473,0.8078817490853041,1.3213721823076119,1088.2448066830693,1079.7419355062752,8.502871176794088,64.3497864508468,6.9653536594491925,4.190705201875555,2.7746484575736376,9.22998046875,15.8271240234375,15.30364990234375,0.946044921875,5.953369140625,1099.2926025390625,2.284423828125,1
2023-04-28,1099.2926025390625,1118.6295166015625,1099.17724609375,1117.060302734375,15565210,1096.2467041015625,1094.8045166015625,1.8278919348623426,1.8278919348623468,2.472371469706469,1.8707523508529,3.04384422527868,1094.0079058933304,1083.1345143451933,10.873391548137079,69.16365659687739,8.967927973072165,5.146149756114877,3.821778216957288,19.4522705078125,16.67398681640625,15.666259765625,17.7677001953125,2.284423828125,1124.305908203125,7.24560546875,1
2023-05-02,1124.305908203125,1128.736328125,1120.5677490234375,1126.544189453125,12981805,1101.895458984375,1095.3237060546876,0.8490040059193802,0.8490040059193849,2.6924148165325734,3.3423660084448636,3.5220480935303167,1100.5151626052893,1087.0808484459144,13.434314159374935,77.64038125338021,11.191247210904066,6.355169247072715,4.836077963831351,8.1685791015625,13.9880615234375,15.549237932477679,2.23828125,7.24560546875,1128.3670654296875,1.8228759765625,1
2023-05-03,1128.3670654296875,1128.3670654296875,1113.6221923828125,1116.875732421875,7061872,1109.187158203125,1098.4619018554688,-0.858240371018513,-0.8582403710185149,-0.01652286022949534,1.8110670546032992,1.8539203888272349,1103.7872765686066,1089.7894742619108,13.997802306695803,69.06442851018029,12.034355486360482,7.49100649493027,4.5433489914302125,14.744873046875,13.10889892578125,16.043701171875,-11.4913330078125,1.8228759765625,1117.3603515625,0.484619140625,1
2023-05-04,1117.3603515625,1131.9898681640625,1114.3375244140625,1129.7515869140625,8635233,1113.0776123046876,1102.2508178710937,1.1528457569999322,1.1528457569999429,0.28471119827926383,1.1361324136773376,3.636593297037649,1108.9801386376978,1093.4223935939244,15.557745043773366,71.35931159436586,13.584900442446951,8.709785284433607,4.875115158013344,17.65234375,13.6880859375,16.060189383370535,12.3912353515625,0.484619140625,1126.5211181640625,-3.23046875,0
2023-05-05,1126.5211181640625,1135.91259765625,1124.213623046875,1126.8671875,8746585,1119.1694091796876,1106.2612548828124,-0.25531271188043125,-0.2553127118804288,0.8945896833534972,0.028671582517492133,2.7218583569859067,1112.5575484101582,1096.4628294035676,16.094719006590594,68.37841615140269,14.414806646322177,9.850789556811321,4.564017089510855,11.698974609375,13.616552734375,16.111284528459823,0.3460693359375,-3.23046875,1130.674560546875,3.807373046875,1
2023-05-08,1130.674560546875,1146.2041015625,1127.974853515625,1140.781494140625,9153782,1125.44580078125,1110.8462524414062,1.2347778686762942,1.2347778686762956,0.9763126119336496,2.1404137474553053,2.1235372296539934,1118.2023375562517,1100.4917989251182,17.71053863113343,70.65454987333864,16.01071993811115,11.082775633071288,4.927944305039864,18.229248046875,14.30418701171875,14.990504673549108,10.10693359375,3.807373046875,1142.2120361328125,1.4305419921875,1
2023-05-09,1142.2120361328125,1147.6578369140625,1136.7894287109375,1144.3118896484375,6464721,1129.0270263671875,1115.4612426757812,0.30947166709362006,0.3094716670936304,1.5480708234250073,1.288805689943473,1.5771862623460642,1123.4242479746888,1104.475443536329,18.94880443835973,79.82000200092432,17.36024799995812,12.338270106448656,5.021977893509463,10.868408203125,13.87269287109375,14.085641043526786,2.099853515625,1.4305419921875,1149.1346435546875,4.82275390625,1
2023-05-10,1149.1346435546875,1153.680419921875,1145.0733642578125,1152.1805419921875,10872255,1133.1805419921875,1121.1838500976562,0.6876317912040095,0.6876317912040131,0.9992314838653371,2.246347641761237,3.161032919370199,1129.1755067781885,1108.8122706686797,20.36323610950876,80.2763491690013,18.84743173395509,13.640102431949943,5.207329302005148,8.6070556640625,13.344287109375,13.907645089285714,3.0458984375,4.82275390625,1153.2650146484375,1.08447265625,1
2023-05-11,1153.2650146484375,1158.1337890625,1142.9273681640625,1144.6580810546875,10557860,1140.361474609375,1126.7195434570312,-0.6528890797351278,-0.6528890797351306,0.030253238595334686,0.3398185308907786,1.3194488339991928,1132.2720216334883,1112.0709807037713,20.20104092971701,76.94159725387959,19.197736274306862,14.751629200421327,4.4461070738855355,15.2064208984375,13.3858154296875,14.107081821986608,-8.60693359375,1.08447265625,1139.812255859375,-4.8458251953125,0
2023-05-12,1139.812255859375,1147.9346923828125,1133.67431640625,1146.527099609375,6955341,1143.0197021484375,1131.0945556640625,0.16328182062589267,0.16328182062588237,-0.4906733082852943,0.19358445725998763,1.7446521051865282,1135.1230372286657,1115.2033551497352,19.919682078930464,77.04293657426214,19.40250927439456,15.681805215215974,3.720704059178587,14.2603759765625,13.88885498046875,14.31475830078125,6.71484375,-4.8458251953125,1149.0885009765625,2.5614013671875,1
2023-05-15,1149.0885009765625,1155.849365234375,1141.3582763671875,1148.7884521484375,6833343,1146.702490234375,1136.0741455078125,0.19723498378999932,0.1972349837900067,0.36083885328832555,-0.2944061039153567,0.7018835814692315,1137.8561202126202,1118.256545785981,19.599574426639265,76.6605392758577,19.52222553940942,16.449889280054663,3.0723362593547563,14.4910888671875,13.39273681640625,14.265311104910714,-0.300048828125,2.5614013671875,1150.9805908203125,2.192138671875,1
2023-05-16,1150.9805908203125,1153.56494140625,1130.7437744140625,1132.4283447265625,8717229,1148.456201171875,1138.7416137695313,-1.424118373690013,-1.4241183736900087,-1.2296922495435125,-1.0684182928107688,-1.0384882853507693,1136.7705651154088,1119.5448911442156,17.225673971193146,64.75055433112142,18.088465034876663,16.777604431019064,1.3108606038575985,22.8211669921875,14.85799560546875,14.903172084263392,-18.55224609375,2.192138671875,1136.674072265625,4.2457275390625,1
2023-05-17,1136.674072265625,1137.5970458984375,1120.983154296875,1125.736572265625,8798967,1145.9640869140626,1139.572314453125,-0.5909223742146179,-0.5909223742146197,-2.006625313799193,-1.813348097121592,-2.295123790308018,1134.5637665454522,1120.107771246162,14.45599529929018,64.61566532963154,16.22519544002671,16.667122632820593,-0.4419271927938837,16.6138916015625,15.0448974609375,15.033368791852679,-10.9375,4.2457275390625,1130.4669189453125,4.7303466796875,1
2023-05-18,1130.4669189453125,1133.9051513671875,1120.1292724609375,1123.313720703125,10525531,1141.4044677734375,1140.8829711914063,-0.21522366974574156,-0.21522366974574547,-0.8048742391412289,-2.2175302509065298,-1.8646931083468932,1132.3137573769868,1120.399221196795,11.914536180191817,61.20283699069444,14.38719041411855,16.211136189080186,-1.8239457749616363,13.77587890625,14.6572509765625,15.295445033482142,-7.1531982421875,4.7303466796875,1123.313720703125,0.0,0
2023-05-19,1123.313720703125,1128.8055419921875,1116.298828125,1126.95947265625,8050447,1138.1047607421874,1140.5622314453126,0.32455331809202725,0.3245533180920246,0.10863113278480885,-0.48293316709879797,-1.706686824916026,1131.2429004328394,1120.9956076931092,10.247292739730256,54.900607097000886,13.074030616130585,15.583715074490266,-2.509684458359681,12.5067138671875,14.73802490234375,14.644400460379464,3.645751953125,0.0,1123.7520751953125,-3.2073974609375,0
2023-05-22,1123.7520751953125,1138.05859375,1122.5291748046875,1132.9820556640625,7434906,1133.0374755859375,1139.8699829101563,0.534409901504021,0.5344099015040182,0.86069766466359,0.6436215698185421,-1.3759188173257053,1131.590731479084,1122.0852847813776,9.505446697706475,53.3001771985183,12.37664388481312,14.942300836554839,-2.565656951741719,15.5294189453125,14.4680419921875,14.919642857142858,9.22998046875,-3.2073974609375,1135.589599609375,2.6075439453125,1
2023-05-23,1135.589599609375,1138.9815673828125,1131.34375,1132.7744140625,6092034,1129.95927734375,1139.2077392578126,-0.018326998254248366,-0.018326998254247773,0.5159849619564616,0.8422129263633726,0.030559932339113693,1131.8274679957674,1123.057023806934,8.77044418883338,59.025419984384015,11.672649891948822,14.288370647633638,-2.6157207556848157,7.6378173828125,14.14498291015625,14.411996023995536,-2.815185546875,2.6075439453125,1128.782470703125,-3.991943359375,0
2023-05-24,1128.782470703125,1137.1356201171875,1123.0367431640625,1126.1749267578125,8112254,1128.38095703125,1137.1725219726563,-0.5825950182807871,-0.5825950182807849,-0.6008152443562009,-0.06961615900776819,0.03893934895491391,1130.6969597481766,1123.340469529741,7.3564902184355105,47.81379010722393,10.461611167912906,13.523018751689493,-3.061407583776587,14.098876953125,14.6941650390625,14.158176967075892,-2.6075439453125,-3.991943359375,1123.2445068359375,-2.930419921875,0
2023-05-25,1123.2445068359375,1130.213134765625,1115.0067138671875,1126.0364990234375,11487863,1126.936474609375,1134.1704711914062,-0.01229185014565409,-0.012291850145651484,-0.5948152567198384,-0.6130332431923735,0.24238805866345636,1129.7648676032288,1123.585563120077,6.179304483151782,49.474603547863424,9.382528346420031,12.694920670635602,-3.312392324215571,15.2064208984375,14.6941650390625,14.408708844866071,2.7919921875,-2.930419921875,1134.3665771484375,8.330078125,1
2023-05-26,1134.3665771484375,1157.903076171875,1131.020751953125,1156.7493896484375,12626260,1129.1470458984375,1133.6259033203125,2.7275217678677337,2.7275217678677244,2.714894654833677,2.1164827955422627,2.643388490446119,1135.1617720122706,1126.600456440837,8.561315571433624,58.329323868169375,10.880200848425147,12.331976706193512,-1.4517758577683644,26.88232421875,15.95635986328125,15.303684779575892,22.3828125,8.330078125,1163.4410400390625,6.691650390625,1
2023-05-29,1163.4410400390625,1167.5946044921875,1157.0723876953125,1163.2564697265625,10010304,1137.0848388671875,1135.0611572265625,0.5625315333084074,0.562531533308408,3.305396471198252,3.292698326671628,2.672100048818127,1140.780711555129,1129.932821284994,10.847890270135167,59.58441182780846,12.448683403539235,12.355318045662656,0.09336535787657851,10.522216796875,15.55947265625,15.302028111049108,-0.1845703125,6.691650390625,1163.2564697265625,0.0,0
2023-05-30,1163.2564697265625,1171.148193359375,1160.3720703125,1162.95654296875,11342504,1142.618212890625,1136.2887451171875,-0.025783373281646257,-0.025783373281651478,0.536603120421697,3.2787608552059977,2.664443028688024,1145.2158778378534,1132.934977801699,12.280900036154435,55.90391497805924,13.511760383093588,12.586606513148844,0.9251538699447437,10.776123046875,14.35496826171875,15.402570452008929,-0.2999267578125,0.0,1153.7496337890625,-9.2069091796875,0
2023-05-31,1153.7496337890625,1158.29541015625,1135.7510986328125,1139.8583984375,27107927,1147.6116455078125,1137.9963012695312,-1.9861571501447475,-1.9861571501447517,-2.0114284251144143,-1.4602118109672046,1.2150396314612788,1144.1443819577828,1133.564379677681,10.58000228010178,47.753730278390854,12.348088249105103,12.538902860340098,-0.19081461123499466,22.5443115234375,14.94801025390625,16.2596435546875,-13.8912353515625,-9.2069091796875,1144.5888671875,4.73046875,1
2023-06-01,1144.5888671875,1146.781005859375,1134.3665771484375,1136.7894287109375,14592692,1151.880517578125,1139.40849609375,-0.2692413137254062,-0.26924131372541016,-2.2500509082664544,-2.2752541425233974,0.9549361585371008,1142.6733913084138,1133.8575659534317,8.815825354982053,45.49335654412735,11.050842259968476,12.241290740265775,-1.1904484802972988,12.4144287109375,14.811865234375,16.127790178571427,-7.7994384765625,4.73046875,1140.3660888671875,3.57666015625,1
2023-06-02,1140.3660888671875,1145.8348388671875,1131.1361083984375,1133.0743408203125,15800644,1153.080419921875,1141.1137329101562,-0.32680528132969394,-0.32680528132968956,-0.5951667002223271,-2.5695029043953266,-2.0466878167379354,1140.7535812107935,1133.7863636686027,6.967217542190838,42.82399323996694,9.612185630367321,11.715469718286085,-2.103284087918764,14.69873046875,15.03106689453125,16.142621721540177,-7.291748046875,3.57666015625,1138.6124267578125,5.5380859375,1
2023-06-05,1138.6124267578125,1146.250244140625,1134.57421875,1143.25048828125,10908682,1148.114697265625,1142.5997680664063,0.8981006006693496,0.8981006006693493,0.5683602791450193,0.29758870473735044,-1.7198255041740884,1141.252962624885,1134.6467386333888,6.606223991496108,55.23786042933355,9.187264870379977,11.209828748704865,-2.0225638783248883,11.676025390625,14.6457275390625,15.45367431640625,4.6380615234375,5.5380859375,1146.11181640625,2.861328125,1
2023-06-06,1146.11181640625,1148.0731201171875,1136.212646484375,1144.2196044921875,7493309,1144.6857666015626,1143.6519897460937,0.08476849307053072,0.08476849307053058,0.9836304000853335,0.6536105626593791,-1.61114691600871,1141.8462909983455,1135.5169991660068,6.32929183233864,59.47030015857992,8.82695998556028,10.73325499607595,-1.9062950105156702,11.8604736328125,15.0679931640625,15.114144461495536,-1.8922119140625,2.861328125,1147.7501220703125,3.530517578125,1
2023-06-07,1147.7501220703125,1153.7496337890625,1141.1044921875,1152.8958740234375,10312545,1143.4858642578124,1145.5487548828125,0.7582696098884434,0.7582696098884512,0.8436808766806969,1.7493585803712408,1.1437802804110664,1144.0562076033639,1137.0968968803186,6.9593107230452915,64.24443403230092,9.136201762219116,10.413844349304583,-1.2776425870854666,12.6451416015625,14.92261962890625,15.033377511160714,5.145751953125,3.530517578125,1156.5185546875,3.6226806640625,1
2023-06-08,1156.5185546875,1161.52587890625,1149.5960693359375,1153.5880126953125,12071109,1145.8718017578126,1148.8761596679688,0.060034794769412925,0.060034794769414646,0.8187596302619449,0.9042221735329203,1.4777216923475223,1145.9625686217537,1138.5960892271362,7.3664793946175,63.19760606261421,9.329582287418134,10.196991936927294,-0.8674096495091597,11.9298095703125,14.59495849609375,14.992170061383929,-2.9305419921875,3.6226806640625,1156.9801025390625,3.39208984375,1
2023-06-09,1156.9801025390625,1157.6954345703125,1143.5965576171875,1145.4195556640625,5877018,1149.1946044921874,1151.1375122070312,-0.708091358557439,-0.7080913585574389,-0.6484816649819147,0.10487070551528088,1.0895326457408316,1145.8539660302156,1139.216404357766,6.637561672449692,56.035868312786825,8.723156413928109,9.902224832327457,-1.179068418399348,14.098876953125,13.31661376953125,14.889988490513392,-11.560546875,3.39208984375,1142.44287109375,-2.9766845703125,0
2023-06-12,1142.44287109375,1148.765380859375,1137.5970458984375,1146.434814453125,6391969,1149.960693359375,1149.0376953125,0.08863641135181238,0.08863641135181677,-0.6200825739749449,-0.5604200445062157,0.2785326754298767,1145.9701357147976,1139.872623457344,6.097512257453673,56.57777652392794,8.229616542783788,9.567703174418725,-1.338086631634937,11.1683349609375,13.3812255859375,15.142168317522321,3.991943359375,-2.9766845703125,1151.442138671875,5.00732421875,1
2023-06-13,1151.442138671875,1164.57177734375,1147.4039306640625,1163.371826171875,11248016,1151.0267578125,1147.8562622070312,1.4773636935327485,1.4773636935327517,1.5673095870451181,0.8481202447399694,1.67382394118194,1149.450473806213,1142.0089146132102,7.441559193002831,66.28942619421385,9.100255851584734,9.474213709851927,-0.3739578582671932,17.1678466796875,14.02039794921875,15.43060302734375,11.9296875,5.00732421875,1163.4410400390625,0.0692138671875,1
2023-06-14,1163.4410400390625,1179.132080078125,1161.5950927734375,1177.6783447265625,13277380,1154.16494140625,1148.8254028320312,1.2297460049177669,1.2297460049177644,2.7252775194498424,2.816329518994265,2.149584473456212,1155.0960479902828,1145.2515900780604,9.844457912222424,70.11867378701024,10.819934786186423,9.743357925118826,1.076576861067597,17.5369873046875,13.51966552734375,15.597072056361608,14.2373046875,0.0692138671875,1177.6552734375,-0.0230712890625,0
2023-06-15,1177.6552734375,1182.616455078125,1170.1328125,1178.00146484375,11813494,1158.39228515625,1152.1320434570312,0.027437043283879282,0.027437043283873308,1.257520454145289,2.7534622983063306,2.1163059844386156,1159.6771313609763,1148.2288514203958,11.448279940580505,60.84806210793605,12.06973345043707,10.208633030182476,1.8611004202545942,12.483642578125,13.5265869140625,14.212576729910714,0.34619140625,-0.0230712890625,1181.5318603515625,3.5303955078125,1
2023-06-16,1181.5318603515625,1191.7772216796875,1181.5318603515625,1189.4697265625,24171579,1163.30263671875,1156.2486206054687,0.9735354378588271,0.9735354378588301,1.0012395904821725,2.243298299263552,3.845767315619053,1165.635650401281,1151.9780218878598,13.657628513421287,62.73545390979007,13.826220706825097,10.932150565511002,2.8940701413140957,10.245361328125,13.08125,14.421901157924108,7.9378662109375,3.5303955078125,1192.515625,3.0458984375,1
2023-06-19,1192.515625,1192.515625,1173.4326171875,1177.6552734375,6798554,1173.3171875,1161.6389404296874,-0.9932537887402229,-0.9932537887402226,-0.029388028502652652,-0.0019590484248821483,2.7232650815186332,1168.039575008525,1154.3123174832815,13.72725752524343,56.42263781067302,14.102358670299282,11.566192186468658,2.5361664838306233,19.0830078125,13.8219482421875,15.015250069754464,-14.8603515625,3.0458984375,1175.6939697265625,-1.9613037109375,0
2023-06-20,1175.6939697265625,1183.2855224609375,1169.902099609375,1180.1011962890625,6921096,1178.1675537109375,1164.5971557617188,0.20769429787572796,0.2076942978757268,-0.7876224223471451,0.1782452321136052,1.4380071565112784,1170.4518992646326,1156.6567610110797,13.795138253552977,71.4566963389013,14.35311179029327,12.12357610723358,2.229535683059689,13.3834228515625,13.9742431640625,14.027962820870536,4.4072265625,-1.9613037109375,1180.0550537109375,-0.046142578125,0
2023-06-21,1180.0550537109375,1185.9853515625,1175.901611328125,1183.424072265625,6961603,1181.4903564453125,1167.8276489257812,0.28157551123679825,0.2815755112367979,0.48985462539357094,-0.5082646629726795,0.4878859804793745,1173.046333864831,1159.090152943311,13.956180921519945,74.7975674661613,14.65107528938438,12.62907594366374,2.0219993457206407,10.083740234375,13.71810302734375,13.861485072544642,3.3690185546875,-0.046142578125,1179.5936279296875,-3.8304443359375,0
2023-06-22,1179.5936279296875,1187.5775146484375,1168.517578125,1170.1328125,7619166,1181.87802734375,1170.13515625,-1.123118928971872,-1.1231189289718668,-0.8447058456011236,-0.6387659536005286,-0.6679662613826798,1172.463629591865,1160.0940310848282,12.369598507036699,67.88417775202672,13.65728722002541,12.834718198936075,0.8225690210893344,19.0599365234375,14.43111572265625,14.172999790736608,-9.4608154296875,-3.8304443359375,1167.0869140625,-3.0458984375,0
2023-06-23,1167.0869140625,1169.1636962890625,1159.28759765625,1160.5567626953125,6628570,1178.9890380859374,1171.1458374023437,-0.8183728977079258,-0.8183728977079308,-1.93230052575607,-1.6561658996032902,-2.4307439879738935,1170.0822562125545,1160.1360975948724,9.946158617682158,58.40054857211678,11.95913832405654,12.659602223960169,-0.7004638999036299,9.8760986328125,14.008837890625,14.006522042410714,-6.5301513671875,-3.0458984375,1156.9801025390625,-3.57666015625,0
2023-06-26,1156.9801025390625,1160.856689453125,1148.53466796875,1151.6959228515625,12641159,1171.88193359375,1172.599560546875,-0.7634990487816654,-0.7634990487816684,-1.5756236772000998,-2.681046478403981,-2.2043250831938144,1166.4049895403562,1159.368808981844,7.036180558512115,53.370788436741606,9.785545687838294,12.084790916735795,-2.299245228897501,12.322021484375,14.12420654296875,14.03948974609375,-5.2841796875,-3.57666015625,1152.157470703125,0.4615478515625,1
2023-06-27,1152.157470703125,1158.1337890625,1147.588623046875,1152.111328125,9689466,1167.1746337890625,1172.67109375,0.03606900616692032,0.036069006166927764,-0.7277054291337293,-1.5401229828344798,-2.3718193195701565,1163.546257257285,1158.7090379948581,4.83721926242697,49.61780088585567,8.004210046655317,11.2686747427197,-3.2644646960643833,10.545166015625,13.4619384765625,13.889491489955358,-0.046142578125,0.4615478515625,1159.7491455078125,7.6378173828125,1
2023-06-28,1159.7491455078125,1171.2174072265625,1152.75732421875,1167.3638916015625,11354006,1163.1134521484375,1172.301904296875,1.323879307860399,1.3238793078603983,1.360425824136513,0.5865399371281832,-1.3570943029167726,1164.3097841261406,1159.4958428681948,4.813941257945771,55.87717516093197,7.73408935101952,10.561757664379664,-2.827668313360144,18.4600830078125,13.554248046875,14.402082170758929,7.61474609375,7.6378173828125,1175.1632080078125,7.79931640625,1
2023-06-30,1175.1632080078125,1179.8935546875,1169.186767578125,1176.93994140625,11151555,1162.2273681640625,1172.0526977539062,0.8203140317754438,0.8203140317754487,2.155053307361987,2.191899619839255,0.5817398532484974,1166.8358155821625,1161.0816700080181,5.7541455741443315,63.28789300891002,8.19821996591213,10.089050124686159,-1.890830158774028,10.706787109375,13.3765625,14.289995465959821,1.7767333984375,7.79931640625,1180.5396728515625,3.5997314453125,1
2023-07-03,1180.5396728515625,1210.0526123046875,1179.2935791015625,1207.1451416015625,12154387,1164.917919921875,1171.9534790039063,2.566418143581927,2.5664181435819167,3.4077848635031938,4.776779130027919,4.014312819827248,1174.8976807860424,1165.2692583347039,9.628422451338565,70.53861388196769,10.877959694403899,10.246832038629707,0.6311276557741916,30.759033203125,15.4279296875,15.857448032924108,26.60546875,3.5997314453125,1211.4371337890625,4.2919921875,1
2023-07-04,1211.4371337890625,1211.4371337890625,1187.554443359375,1194.707763671875,8061643,1175.809326171875,1173.8456298828125,-1.0303133816358145,-1.0303133816358168,1.509662612384055,2.3423606184013623,3.734652521284998,1178.8596973632089,1167.9454860926285,10.914211270580381,60.9339907073998,11.861350020689542,10.569735635041674,1.2916143856478683,23.8826904296875,15.90789794921875,16.267857142857142,-16.7293701171875,4.2919921875,1204.0531005859375,9.3453369140625,1
2023-07-05,1204.0531005859375,1204.0531005859375,1188.7313232421875,1192.746337890625,10248062,1186.1884521484376,1176.68154296875,-0.16417619780268736,-0.1641761978026901,-1.1927980501030833,1.3430079079047141,3.5270037516041297,1181.6370254686922,1170.2001089833552,11.436916485336951,55.753297002156025,12.340173433142127,10.923823194661765,1.4163502384803621,15.32177734375,16.1017333984375,16.109627859933035,-11.3067626953125,9.3453369140625,1188.8466796875,-3.899658203125,0
2023-07-06,1188.8466796875,1220.4132080078125,1188.8466796875,1217.78271484375,19117987,1192.007958984375,1177.5607055664063,2.099052930013761,2.099052930013756,1.9314305869207127,0.8812174174908538,4.319032274761847,1188.8661633437036,1174.5258004252094,14.340362918494293,62.77791154338683,14.571895083795653,11.653437572488544,2.9184575113071087,31.5665283203125,18.25001220703125,17.472691127232142,28.93603515625,-3.899658203125,1216.0521240234375,-1.7305908203125,0
2023-07-07,1216.0521240234375,1229.8740234375,1212.821533203125,1215.406005859375,13375267,1200.1857421875,1181.2065551757812,-0.19516691733302755,-0.19516691733302283,1.8997893557840317,1.7324941560507678,3.2683115849704514,1194.174131846838,1178.2421827374062,15.931949109431798,58.84758774378071,15.964738451408266,12.51569774827249,3.4490407031357755,17.052490234375,18.049267578125,17.706743512834823,-0.6461181640625,-1.7305908203125,1240.9268798828125,25.5208740234375,1
2023-07-10,1240.9268798828125,1271.8935546875,1234.5120849609375,1262.22509765625,33240016,1212.26318359375,1188.5905517578126,3.8521359587795274,3.8521359587795345,3.649450946444266,5.825107783478778,4.562827961317972,1207.7843250087205,1185.8769931845738,21.907331824146695,73.28756796380146,20.60891948445783,14.13434209550956,6.474577388948269,37.3814697265625,20.7998046875,20.378496442522323,21.2982177734375,25.5208740234375,1270.462890625,8.23779296875,1
2023-07-11,1270.462890625,1278.3544921875,1263.4019775390625,1275.9085693359375,20069348,1224.0683349609376,1199.9388305664063,1.084075392344481,1.0840753923444746,4.9779714091327865,4.773089138454845,6.796708628936665,1221.409173874164,1194.0616819256068,27.347491948557263,74.84441109757675,25.10422237101625,16.328318150610897,8.775904220405351,14.9525146484375,21.06285400390625,20.574637276785715,5.4456787109375,8.23779296875,1276.64697265625,0.7384033203125,1
2023-07-12,1276.64697265625,1293.12255859375,1274.5009765625,1277.316162109375,18733835,1238.587109375,1212.3877807617187,0.11032081822054844,0.11032081822055506,1.1955921714079887,5.093783966142684,7.090344487522127,1232.5905715212064,1201.630271033222,30.96030048798434,74.59202649182636,28.452381920804555,18.75313090464963,9.699251016154925,18.62158203125,21.87049560546875,21.184483119419642,0.669189453125,0.7384033203125,1284.7694091796875,7.4532470703125,1
2023-07-13,1284.7694091796875,1291.738037109375,1263.240478515625,1265.89404296875,14682934,1257.7716552734375,1224.8898071289063,-0.8942280290075072,-0.8942280290075044,-0.7848937304653192,0.29067282209114254,3.9507317305922607,1239.2512658107153,1207.47243211827,31.778833692445232,75.32959605756616,29.840173979411702,20.970539519602045,8.869634459809657,28.49755859375,22.8742431640625,21.858598981584823,-18.8753662109375,7.4532470703125,1269.12451171875,3.23046875,1
2023-07-14,1269.12451171875,1274.1549072265625,1257.6331787109375,1264.8326416015625,15124144,1268.3861328125,1234.2859375,-0.08384598798635012,-0.0838459879863529,-0.9773242426680873,-0.8680816165487104,4.0666769379043455,1244.367540968885,1212.686996616751,31.680544352133893,78.88277865671517,30.502746292568872,22.87698087419541,7.625765418373462,16.521728515625,23.4557373046875,22.264064243861608,-4.2918701171875,3.23046875,1267.7401123046875,2.907470703125,1
2023-07-17,1267.7401123046875,1299.1451416015625,1258.9715576171875,1290.6766357421875,22220040,1273.748779296875,1243.0059814453125,2.04327381272361,2.0432738127236005,1.957714621621709,1.04598015973969,2.2540779880520168,1253.6293599235455,1219.7769638099726,33.85239611357292,85.18520203860508,32.7358751725842,24.84875973387317,7.887115438711032,40.173583984375,24.3971923828125,24.253461565290177,22.9365234375,2.907470703125,1300.0450439453125,9.368408203125,1
2023-07-18,1300.0450439453125,1309.482666015625,1288.968994140625,1301.63720703125,25867313,1279.6652099609375,1251.8667724609375,0.8492112575323532,0.8492112575323452,2.9098367814958337,2.8235510121112473,2.016495406775376,1263.2309293450865,1227.218804102816,36.012125242270486,85.93612268300691,34.986766732150045,26.876361133528547,8.110405598621497,20.513671875,24.06029052734375,24.965497698102677,1.5921630859375,9.368408203125,1306.0445556640625,4.4073486328125,1
2023-07-19,1306.0445556640625,1318.0435791015625,1290.8150634765625,1311.5133056640625,39122156,1285.5447265625,1262.06591796875,0.7587443397794169,0.7587443397794269,1.6143989396610658,3.6906593431516477,2.677265392008654,1272.8874046088818,1234.8819406083837,38.00546400049802,85.56302909856294,37.13941309588449,28.92897152599974,8.210441569884754,27.228515625,25.25096435546875,25.545671735491073,5.46875,4.4073486328125,1290.0,-21.5133056640625,0
2023-07-20,1290.0,1315.4749755859375,1290.0,1309.925048828125,38717624,1286.5908447265624,1272.18125,-0.12110108445551096,-0.12110108445551049,0.6367244077001954,1.491342800582185,3.4782536582693924,1280.2949334527304,1241.7040413556329,38.590892097097594,84.154843159618,38.27601966636098,30.79838115407199,7.477638512288991,25.4749755859375,24.64180908203125,26.4703369140625,19.925048828125,-21.5133056640625,1304.5,-5.425048828125,0
2023-07-21,1304.5,1307.449951171875,1261.800048828125,1269.375,30249238,1293.6659423828125,1281.0260375976563,-3.0956006883295784,-3.0956006883295806,-3.212952966781113,-2.478586725776921,0.35912722751096915,1278.1109467621843,1244.2195830505752,33.891363711609074,65.17619337736036,35.495567703477946,31.737818463953182,3.757749239524763,45.64990234375,27.50155029296875,27.542646135602677,-35.125,-5.425048828125,1240.5,-28.875,0
2023-07-24,1240.5,1257.4749755859375,1234.6500244140625,1243.699951171875,23727866,1288.217919921875,1280.983349609375,-2.0226527880354506,-2.0226527880354506,-5.055640222736091,-5.170618872055699,-3.639694348639011,1271.2287476441224,1244.1723437888752,27.056403855247254,61.22323718427329,30.86449098611547,31.56315296838564,-0.6986619822701705,22.824951171875,26.0458984375,28.317095075334823,3.199951171875,-28.875,1247.0,3.300048828125,1
2023-07-25,1247.0,1252.5999755859375,1240.0,1242.9000244140625,12026020,1277.6089111328124,1278.637060546875,-0.06431830740676397,-0.06431830740676325,-2.0856701594042293,-5.116706827923013,-4.512561741466669,1265.5630029981105,1244.056678391165,21.506324606945554,61.55078436856435,26.820610614497582,30.61464449760803,-3.7940338831104476,12.5999755859375,25.81064453125,28.1226806640625,-4.0999755859375,3.300048828125,1242.5,-0.4000244140625,0
2023-07-26,1242.5,1273.5,1242.5,1263.0999755859375,12911012,1264.9,1275.22236328125,1.6252273533744452,1.6252273533744477,1.5598637272424831,-0.494339687961598,-3.691409753072361,1265.070397515676,1245.7878872270533,19.28251028862269,60.674721926342635,24.958072404125915,29.48333007891161,-4.525257674785696,31.0,27.048486328125,28.08221435546875,20.5999755859375,-0.4000244140625,1267.0250244140625,3.925048828125,1
2023-07-27,1267.0250244140625,1268.824951171875,1245.175048828125,1251.3499755859375,17226898,1260.3050048828125,1273.4479248046875,-0.9302509878166462,-0.9302509878166498,0.679857672048767,0.6151020916945749,-4.471635479800118,1262.3263131297283,1246.2935316233154,16.032781506412903,58.10872293228988,22.277074405639496,28.04207894425719,-5.765004538617696,23.64990234375,26.563720703125,28.553458077566965,-15.675048828125,3.925048828125,1256.0250244140625,4.675048828125,1
2023-07-28,1256.0250244140625,1271.425048828125,1250.2750244140625,1263.925048828125,20827852,1250.610009765625,1272.1379760742188,1.004920564792379,1.0049205647923776,0.06532129349496874,1.6916102663988797,-0.42934130354504996,1262.6460602694078,1247.8963968237526,14.749663445655187,50.45357404306383,20.925847350297545,26.618832625465263,-5.692985275167718,21.1500244140625,27.02655029296875,26.029349190848215,7.9000244140625,4.675048828125,1263.925048828125,0.0,0
2023-07-31,1263.925048828125,1276.949951171875,1258.9749755859375,1274.625,8551174,1255.29501953125,1271.7564697265625,0.8465653229830113,0.8465653229830172,1.859993196800458,0.9124396038972415,2.486536145553919,1265.0418482155262,1250.326269839775,14.715578375751193,49.65197576037538,20.482279838024624,25.391522067977135,-4.909242229952511,17.9749755859375,24.806689453125,26.161176409040177,10.699951171875,0.0,1277.5,2.875,1
2023-08-01,1277.5,1279.5,1252.6500244140625,1256.5999755859375,9536632,1261.39501953125,1269.5019653320312,-1.414143329533196,-1.4141433295331907,-0.5795496535952904,0.41954689754493124,1.1022568913644948,1263.3534736896086,1250.8966067257898,12.456866963818811,44.84742072527732,18.463445453919803,24.00590674516567,-5.542461291245868,26.8499755859375,25.44031982421875,26.748918805803573,-20.9000244140625,2.875,1254.5999755859375,-2.0,0
2023-08-02,1254.5999755859375,1256.0,1231.800048828125,1243.175048828125,12748214,1263.8150146484375,1264.3575073242187,-1.068353256298021,-1.0683532562980158,-2.4673885395214312,-1.6417112722972638,-1.5774623658407982,1259.317788717312,1250.194646916911,9.123141800400845,44.40501995358237,15.600393640064112,22.32480412414536,-6.724410484081247,24.199951171875,25.13746337890625,26.48480224609375,-11.4249267578125,-2.0,1237.6500244140625,-5.5250244140625,0
2023-08-03,1237.6500244140625,1250.449951171875,1229.0250244140625,1237.949951171875,10168350,1257.9400146484375,1259.122509765625,-0.42030264854297245,-0.4203026485429695,-1.4841655878089832,-2.8773206886829494,-1.070845460942138,1255.0442212082246,1249.0814927582715,5.962728449953147,43.51267253368586,12.76266270631595,20.41237584057948,-7.6497131342635285,21.4249267578125,24.73245849609375,26.835030691964285,0.2999267578125,-5.5250244140625,1249.4000244140625,11.4500732421875,1
2023-08-04,1249.4000244140625,1258.0,1235.800048828125,1254.7750244140625,22885610,1256.6150146484374,1253.6125122070312,1.3591077107972303,1.359107710797236,0.9330926965492203,-0.14522928595666063,-0.7239372637282693,1254.9903818493922,1249.5990865451615,5.391295304230653,40.94194173177529,11.73609687490648,18.67712004744488,-6.941023172538401,22.199951171875,22.38746337890625,25.551199776785715,5.375,11.4500732421875,1260.5,5.7249755859375,1
2023-08-07,1260.5,1264.199951171875,1252.5,1261.925048828125,5982870,1255.9300048828125,1255.6125122070312,0.5698252096945682,0.5698252096945744,1.9366774588548186,1.5082349036585452,-0.9963676510248098,1256.3773152451388,1250.7196285708853,5.657686674253455,39.78409921986419,11.368435030053206,17.215383043966547,-5.846948013913341,11.699951171875,21.27496337890625,24.921648297991073,1.425048828125,5.7249755859375,1264.0,2.074951171875,1
2023-08-08,1264.0,1267.2249755859375,1249.7750244140625,1254.324951171875,9844072,1253.2300048828124,1257.3125122070312,-0.6022622075144447,-0.6022622075144479,-0.03586883970675414,1.322751374924236,-0.1810460336036268,1255.966842430486,1251.0473851709753,4.9194572595106365,35.11405835503355,10.344550466435294,15.841216528460297,-5.496666062025003,17.449951171875,21.7599609375,24.223179408482142,-9.675048828125,2.074951171875,1252.425048828125,-1.89990234375,0
2023-08-09,1252.425048828125,1264.5,1240.550048828125,1262.5999755859375,11486586,1252.79501953125,1258.3050170898437,0.6597193499444792,0.6597193499444876,0.05348390210966336,0.6236138765615795,1.5625254686476575,1257.2934690615764,1252.0976206632447,5.195848398331691,38.09583197821205,10.08459099843867,14.689891422455972,-4.605300424017301,23.949951171875,21.0549560546875,24.114249093191965,10.1749267578125,-1.89990234375,1262.4749755859375,-0.125,0
2023-08-10,1262.4749755859375,1275.0,1254.2249755859375,1268.2249755859375,15470598,1257.760009765625,1257.8500122070313,0.44550927520726386,0.44550927520725647,1.1081677360460729,0.499231453061566,2.4455774149353404,1259.4797703664487,1253.5637438380347,5.916026528414022,49.64905804895533,10.214712885353492,13.794855715035476,-3.580142829681984,20.7750244140625,20.76746826171875,22.160679408482142,5.75,-0.125,1266.2249755859375,-2.0,0
2023-08-11,1266.2249755859375,1279.425048828125,1256.175048828125,1273.574951171875,22179330,1261.125,1258.8700073242187,0.4218475182974328,0.4218475182974357,0.8692361633259482,1.534690032436603,1.4982707172221055,1262.298806527534,1255.3829445047475,6.915862022786541,60.40757798116253,10.627031927423104,13.161290957513003,-2.534259030089899,23.25,20.9774658203125,21.341038295200892,7.3499755859375,-2.0,1269.5,-4.074951171875,0
2023-08-14,1269.5,1291.1500244140625,1262.5,1288.625,9575812,1262.925,1259.4275024414062,1.1817167740521872,1.1817167740521883,1.6085493352342661,2.0612248469262795,2.115811172515336,1267.5640452220273,1258.4049495497704,9.159095672256854,64.4905338927498,12.029541830690732,12.934941132148548,-0.9053993014578161,28.6500244140625,22.044970703125,22.487470354352677,19.125,-4.074951171875,1275.5,-13.125,0
2023-08-16,1275.5,1291.4000244140625,1275.5,1287.574951171875,10203112,1265.225,1259.2275024414062,-0.08148598918420798,-0.08148598918420458,1.0992678512652843,1.5257526037127267,2.6508282378450376,1271.566226411997,1261.0567678790526,10.509458532944336,58.827734700779715,12.907521001312716,12.929457105981383,-0.0219361046686668,15.9000244140625,20.9499755859375,21.408900669642858,12.074951171875,-13.125,1283.550048828125,-4.02490234375,0
2023-08-17,1283.550048828125,1289.050048828125,1266.425048828125,1269.0,13673744,1271.45,1262.122509765625,-1.442630672099451,-1.4426306720994542,-1.522941119410226,-0.3592211960250502,0.5068924867587254,1271.0529811295976,1261.7788798900476,9.274101239549964,56.067366862028386,11.966539676820958,12.736873620149298,-0.7703339433283407,22.625,20.79248046875,21.335693359375,-14.550048828125,-4.02490234375,1265.625,-3.375,0
2023-08-18,1265.625,1288.800048828125,1254.2750244140625,1278.4000244140625,18639978,1272.0800048828125,1264.9200073242187,0.7407426646227344,0.74074266462274,-0.7125741883578951,-0.7934795294160413,0.802306296122568,1272.5223897864905,1263.2898930285944,9.232496757896115,55.08695583871838,11.842792271268536,12.558057350373145,-0.7152650791046096,34.5250244140625,22.102490234375,22.291050502232142,12.7750244140625,-3.375,1269.9749755859375,-8.425048828125,0
2023-08-21,1269.9749755859375,1277.7249755859375,1257.824951171875,1260.0,9221746,1272.8300048828125,1266.9775024414062,-1.4393010061538372,-1.439301006153837,-0.7092198581560294,-2.1416191070490975,-1.0658933861241615,1270.0179118291926,1262.9908118441767,7.027099985015866,45.12419426435368,10.143070364699724,12.075059953238462,-1.9319895885387375,19.9000244140625,21.87249755859375,22.476771763392858,-9.9749755859375,-8.425048828125,1258.449951171875,-1.550048828125,0
2023-08-22,1258.449951171875,1268.9749755859375,1249.5,1259.699951171875,7713044,1270.6199951171875,1266.7724975585938,-0.02381339905753968,-0.02381339905753732,-1.462771658719142,-0.7328643678585545,-2.2446443944611483,1267.954319697729,1262.6916426921491,5.262677005579917,51.17200479159043,8.671853347740125,11.394418632138795,-2.7225652843986694,19.4749755859375,22.65,21.949986049107142,1.25,-1.550048828125,1262.0999755859375,2.4000244140625,1
2023-08-23,1262.0999755859375,1271.425048828125,1258.4749755859375,1261.0999755859375,9517952,1267.939990234375,1266.5824951171876,0.11113951483129644,0.11113951483130435,0.08729964967757464,-1.3532578612124313,-2.0561890833494023,1266.5834508753708,1262.5469456824935,4.036505192877257,57.45470638828073,7.532048762381237,10.621944658187283,-3.0898958958060465,12.9500732421875,22.20001220703125,21.103567940848215,-1.0,2.4000244140625,1269.949951171875,8.8499755859375,1
2023-08-24,1269.949951171875,1269.949951171875,1235.5,1239.9000244140625,14140020,1265.219970703125,1268.3349853515624,-1.681068240606776,-1.6810682406067756,-1.5717970568620676,-1.5952361576140883,-2.2931422841558358,1261.2467655831092,1260.4881346580905,0.7586309250186787,50.71587903729343,4.862039962279141,9.469963719005655,-4.607923756726514,34.449951171875,23.25001220703125,22.033926827566965,-30.0499267578125,8.8499755859375,1228.0,-11.9000244140625,0
2023-08-25,1228.0,1252.5,1221.300048828125,1234.175048828125,22222400,1257.694970703125,1264.8874877929688,-0.4617288066143028,-0.46172880661430327,-2.1350350708953525,-2.0262684236833306,-3.459400402171253,1255.8324222321123,1258.0960359462754,-2.263613714163057,41.7666062755071,2.258051653779603,8.027581305960444,-5.769529652180841,31.199951171875,24.2925048828125,22.676783970424108,6.175048828125,-11.9000244140625,1236.0,1.824951171875,1
2023-08-28,1236.0,1242.0,1215.550048828125,1221.875,12580826,1250.8999755859375,1261.864990234375,-0.9966210903229775,-0.99662109032298,-1.4537482102704669,-3.110377951415999,-3.025793650793651,1249.04093778569,1254.803214496614,-5.76227671092397,34.62572612144659,-0.7890433850809586,6.264256367752164,-7.053299752833123,26.449951171875,24.6125,23.730355398995535,-14.125,1.824951171875,1226.0250244140625,4.1500244140625,1
2023-08-29,1226.0250244140625,1226.7249755859375,1204.074951171875,1210.175048828125,16876644,1244.414990234375,1257.5174926757813,-0.9575407608695652,-0.9575407608695685,-1.9446187980212803,-2.397368739466277,-3.931484025039289,1241.2677599941771,1250.7461085267512,-9.478348532574046,33.56908088892676,-4.100706048781149,4.191263884445502,-8.29196993322665,22.6500244140625,24.0125,24.101789202008927,-15.8499755859375,4.1500244140625,1216.0,5.824951171875,1
2023-08-30,1216.0,1221.5,1207.5,1209.0250244140625,12168946,1235.1949951171875,1251.5674926757813,-0.09502959222106984,-0.09502959222107421,-1.0516604060102352,-2.037800426928338,-4.1293277440339065,1234.8192128781543,1246.9532826983248,-12.134069820170453,28.944815031237937,-6.740321695266175,2.0049467685031663,-8.745268463769342,14.0,23.82249755859375,23.391078404017858,-6.9749755859375,5.824951171875,1211.5,2.4749755859375,1
2023-08-31,1211.5,1212.5,1199.949951171875,1203.5,21638600,1223.5050048828125,1244.3624877929688,-0.4569818078612664,-0.4569818078612675,-0.5515771321337959,-1.503836317135554,-2.9357225338602633,1228.5553703025234,1243.0029842712045,-14.447613968681026,24.542804205873836,-9.172326537420076,-0.2305078926814823,-8.941818644738595,12.550048828125,22.81500244140625,22.803580147879465,-8.0,2.4749755859375,1203.2750244140625,-0.2249755859375,0
2023-09-01,1203.2750244140625,1212.824951171875,1200.824951171875,1206.324951171875,18112842,1218.560009765625,1238.127490234375,0.23472797439759038,0.23472797439758608,-0.22332649760463674,-0.3181438635657119,-2.256575976211339,1224.109286476394,1239.6686176258108,-15.559331149416948,23.01366222466514,-10.747863268560195,-2.333978967857225,-8.41388430070297,12.0,20.5625,22.000008719308035,3.0499267578125,-0.2249755859375,1206.324951171875,0.0,0
2023-09-04,1206.324951171875,1211.824951171875,1202.6500244140625,1205.3499755859375,9347626,1212.625,1231.7624877929688,-0.08082196965173999,-0.08082196965174537,0.15371629297362688,-0.3039679703822573,-1.3524316656010282,1220.3574242983027,1236.5487410767314,-16.1913167784287,12.327523424109884,-11.93755120131118,-4.254693414548017,-7.682857786763163,9.1749267578125,19.489990234375,20.608930315290177,-0.9749755859375,0.0,1210.0,4.6500244140625,1
2023-09-05,1210.0,1216.9749755859375,1206.2249755859375,1211.800048828125,8675876,1209.4199951171875,1226.9174926757812,0.5351203694223355,0.5351203694223372,0.45386590494802537,0.6896592295907666,0.13427809485691,1218.6459492042673,1234.2988599632217,-15.652910758954476,17.31728476347827,-12.21906665977258,-5.847568063592929,-6.37149859617965,10.75,18.61749267578125,20.303571428571427,1.800048828125,4.6500244140625,1210.550048828125,-1.25,0
2023-09-06,1210.550048828125,1218.074951171875,1208.625,1214.3499755859375,8200370,1208.3300048828125,1221.7625,0.2104247115915216,0.210424711591517,0.746671106507879,0.6652456625610315,0.44043349511775354,1217.7867544806013,1232.485325019832,-14.698570539230786,22.647638939060883,-12.096965620510673,-7.097447574976478,-4.999518045534195,9.449951171875,18.26748046875,19.362496512276785,3.7999267578125,-1.25,1210.8499755859375,-3.5,0
2023-09-07,1210.8499755859375,1219.125,1205.5,1216.0,13652572,1208.2,1215.8525024414062,0.13587717274555425,0.13587717274554656,0.34658780348595375,0.8835628348426772,1.0386373078520972,1217.4294035844812,1230.9866591089383,-13.557255524457105,16.142152793427385,-11.731819375858777,-8.024321935152939,-3.707497440705838,13.625,16.1849853515625,17.869637625558035,5.1500244140625,-3.5,1220.0,4.0,1
2023-09-08,1220.0,1228.0,1211.4749755859375,1224.0999755859375,23109288,1211.5449951171875,1215.0525024414062,0.6661164133172286,0.6661164133172193,0.8028986862123944,1.0150128950487503,1.4734855974582128,1218.7635179847725,1230.3605969704836,-11.59707898571105,28.069613328191295,-10.665888289850272,-8.552635206092406,-2.1132530837578667,16.5250244140625,14.71749267578125,17.580348423549108,4.0999755859375,4.0,1226.0,1.9000244140625,1
2023-09-11,1226.0,1238.425048828125,1226.0,1237.300048828125,13271074,1215.4800048828124,1214.0525024414062,1.0783492774655965,1.0783492774655956,1.7516487523129065,1.8899060158595438,2.6506885045280093,1222.4708241534431,1230.9914562302693,-8.520632076826132,38.179465417414086,-8.656211216935844,-8.573350408261094,-0.08286080867475043,12.425048828125,13.31500244140625,17.212498256138392,11.300048828125,1.9000244140625,1241.5,4.199951171875,1
2023-09-12,1241.5,1241.5,1217.9749755859375,1219.425048828125,16255666,1221.7800048828126,1215.6,-1.4446778707339274,-1.4446778707339236,-0.38190726664909525,0.28166519968133574,0.6292292203960326,1221.8616690883796,1229.9399646482561,-8.078295559876551,31.265477788328965,-8.408957541952077,-8.540471834999291,0.13151429304721418,23.5250244140625,13.40250244140625,17.967851911272323,-22.074951171875,4.199951171875,1220.0,0.574951171875,1
2023-09-13,1220.0,1231.324951171875,1213.125,1225.5250244140625,12803338,1223.6699951171875,1216.0,0.5002337447307331,0.5002337447307381,-0.9516708922152617,0.11641604906027503,0.9202494382011261,1222.5943401535162,1229.5386064451475,-6.944266291631266,42.52275063387767,-7.632803960201272,-8.358938260039688,0.7261342998384155,18.199951171875,13.82249755859375,16.807137625558035,5.5250244140625,0.574951171875,1230.0,4.4749755859375,1
2023-09-14,1230.0,1232.9000244140625,1222.5,1226.6500244140625,9209636,1227.5,1217.85,0.09179739112531589,0.09179739112532559,0.5924903373832446,-0.8607471101411024,0.8758243761564533,1223.4054770056255,1229.276008078685,-5.87053107305951,45.88908207827296,-6.8479793139840694,-8.056746470828564,1.2087671568444947,10.4000244140625,13.6074951171875,15.321428571428571,-3.3499755859375,4.4749755859375,1234.0,7.3499755859375,1
2023-09-15,1234.0,1234.0,1224.75,1228.925048828125,25468592,1230.3,1220.9224975585937,0.18546646303204678,0.18546646303203573,0.2774341075318487,0.7790556712878427,0.3941731344188515,1224.5093913701255,1229.2441026922704,-4.7347113221449035,54.3251739982063,-5.973565130054112,-7.640110202673673,1.6665450726195612,9.25,13.3324951171875,14.092860630580358,-5.074951171875,7.3499755859375,1220.0250244140625,-8.9000244140625,0
2023-09-18,1220.0250244140625,1225.5,1216.0250244140625,1218.2249755859375,7516300,1229.1050048828124,1222.2925048828124,-0.870685584315402,-0.8706855843154004,-0.6868339510407107,-0.5956670555638199,-1.5416691577967656,1223.252508213288,1228.2423638644218,-4.989855651133894,54.99993736083958,-6.0739750721631935,-7.326883176571577,1.2529081044083838,9.4749755859375,13.3625,13.396432059151786,-1.800048828125,-8.9000244140625,1211.5250244140625,-6.699951171875,0
2023-09-20,1211.5250244140625,1213.800048828125,1177.5,1191.074951171875,57081884,1223.110009765625,1222.4450073242188,-2.228654391279737,-2.2286543912797385,-3.0799354030860537,-2.9001811873097805,-2.324874143227962,1216.8169968050054,1224.8635081650993,-8.046511360093973,41.5727397614137,-8.249238654456576,-7.511354272148578,-0.7378843823079979,36.300048828125,15.9175048828125,15.30535888671875,-20.4500732421875,-6.699951171875,1187.4749755859375,-3.5999755859375,0
2023-09-21,1187.4749755859375,1195.050048828125,1180.0,1182.4000244140625,12226182,1216.6050048828124,1220.1375,-0.7283275287820814,-0.7283275287820801,-2.9407500166087175,-3.7858309144587543,-3.5188999931371145,1209.933602326817,1221.0031914604594,-11.069589133642467,40.378485091697215,-10.55151352548728,-8.11938612281632,-2.432127402670961,15.050048828125,16.4775146484375,15.483930315290179,-5.074951171875,-3.5999755859375,1188.0,5.5999755859375,1
2023-09-22,1188.0,1191.2249755859375,1175.0,1177.4749755859375,19176786,1208.2050048828125,1217.8525024414062,-0.4165298313965787,-0.4165298313965837,-1.1418236587510067,-3.3450307469193197,-4.008889891117439,1203.4418769786412,1217.0460809264118,-13.604203947770657,37.091742972113586,-12.627926353461362,-9.021094168945329,-3.6068321845160334,16.2249755859375,16.73751220703125,15.785714285714286,-10.5250244140625,5.5999755859375,1175.199951171875,-2.2750244140625,0
2023-09-25,1175.199951171875,1180.3499755859375,1167.550048828125,1170.2249755859375,14254884,1196.4449951171875,1213.3724975585938,-0.6157243381238093,-0.6157243381238131,-1.0296894939729295,-1.7505175107094373,-4.7765381052459315,1196.7984967001005,1212.7896168045506,-15.991120104450147,35.1196923368513,-14.689185106393097,-10.154712356434883,-4.534472749958214,12.7999267578125,16.36500244140625,16.044642857142858,-4.9749755859375,-2.2750244140625,1169.2750244140625,-0.949951171875,0
2023-09-26,1169.2750244140625,1175.0999755859375,1167.800048828125,1171.25,10087782,1186.2949951171875,1207.7,0.0875920814755526,0.08759208147555153,-0.5286715824121657,-0.9429993389578839,-3.8560181023495788,1191.6887973600806,1209.013288004137,-17.324490644056368,31.993773260226504,-16.054964972595144,-11.334762879666936,-4.720202092928208,7.2999267578125,15.852490234375,15.735709054129464,1.9749755859375,-0.949951171875,1171.75,0.5,1
2023-09-27,1171.75,1185.9000244140625,1169.25,1184.449951171875,11722778,1178.339990234375,1200.725,1.1269968983457845,1.126996898345789,1.2155761398627618,0.5923672035973881,-0.5562202440309694,1190.2410281224395,1206.7802573830222,-16.539229260582715,37.870180363531226,-15.889070301662741,-12.2456243640661,-3.643445937596642,16.6500244140625,15.164990234375,16.25,12.699951171875,0.5,1191.5,7.050048828125,1
2023-09-28,1191.5,1191.5,1162.5,1167.050048828125,14518346,1179.1449951171876,1197.875,-1.4690280772551705,-1.4690280772551745,-0.358587079775885,-0.2713090921874106,-1.2982049449418942,1185.6028322635766,1203.168420241668,-17.565587978091344,32.39210063249526,-16.96605021594155,-13.18970953444119,-3.7763406815003595,29.0,16.2449951171875,17.348214285714285,-24.449951171875,7.050048828125,1170.9000244140625,3.8499755859375,1
2023-09-29,1170.9000244140625,1184.550048828125,1167.050048828125,1172.5,12342014,1175.725,1191.9650024414063,0.4669852143314233,0.4669852143314168,-1.0089030068389016,0.10672358591248265,-0.42251221377013204,1182.9822658108615,1200.3803820378798,-17.398116227018363,31.078110184447254,-17.181738656826155,-13.988115358918185,-3.193623297907971,17.5,16.95499267578125,17.417855398995535,1.5999755859375,3.8499755859375,1164.9749755859375,-7.5250244140625,0
2023-10-03,1164.9749755859375,1167.800048828125,1158.0,1159.074951171875,8859056,1173.6800048828125,1185.0625,-1.1449935034648189,-1.1449935034648195,-0.6833552394996278,-2.142344636419158,-0.9528103267903321,1178.2008028830642,1196.6253428682428,-18.424539985178626,21.361840891628148,-18.22586610355961,-14.835665507846471,-3.3902005957131394,9.800048828125,17.00999755859375,17.430350167410715,-5.9000244140625,-7.5250244140625,1154.5,-4.574951171875,0
2023-10-04,1154.5,1159.5,1147.550048828125,1157.074951171875,10286386,1170.725,1178.5099975585938,-0.17255139522926566,-0.1725513952292701,-1.3155691964285676,-0.8547274957287687,-1.2102496331376722,1173.9756325408264,1193.0298527140276,-19.0542201732012,24.17144587926586,-18.99575665466341,-15.66768373720986,-3.32807291745355,11.949951171875,17.2574951171875,16.603559221540177,2.574951171875,-4.574951171875,1159.625,2.550048828125,1
2023-10-05,1159.625,1164.699951171875,1154.5,1157.050048828125,10953682,1168.3,1173.3199951171875,-0.002152180697091328,-0.0021521806970903334,-0.17469986230853607,-1.3176930636993656,-2.313301825597691,1170.590515798286,1189.7589614516726,-19.16844565338647,20.130837886442237,-19.384457909819957,-16.41103857173188,-2.9734193380880782,10.199951171875,14.6474853515625,16.032130650111608,-2.574951171875,2.550048828125,1158.5250244140625,1.4749755859375,1
2023-10-06,1158.5250244140625,1162.4000244140625,1156.0250244140625,1159.0,5431026,1161.7050048828125,1170.425,0.16852781552966833,0.16852781552967322,0.1663720078094677,-0.006466464640553227,-0.6897775152152508,1168.272412638629,1186.962692228793,-18.690279590163982,20.701545971548,-19.312538766561374,-16.991338610697778,-2.321200155863597,6.375,13.77998046875,15.74462890625,0.4749755859375,1.4749755859375,1154.050048828125,-4.949951171875,0
2023-10-09,1154.050048828125,1155.9749755859375,1147.5,1149.125,7576878,1158.335009765625,1167.0300048828126,-0.8520276100086281,-0.8520276100086321,-0.6849356979978127,-0.6870731376410255,-1.9936034115138557,1164.4429301109033,1183.5229020261754,-19.079971915272154,17.57408353815336,-19.823855235329574,-17.55784193562414,-2.2660132997054347,8.4749755859375,13.00498046875,15.905343191964286,-4.925048828125,-4.949951171875,1153.2750244140625,4.1500244140625,1
2023-10-10,1153.2750244140625,1158.949951171875,1151.875,1154.199951171875,10236032,1155.99501953125,1164.8375122070313,0.44163612939192864,0.4416361293919202,-0.414154342374895,-0.24632449211134944,-0.42059402587133476,1162.3943343230976,1180.857179221239,-18.462844898141384,22.737831027663432,-19.593707016404778,-17.96501495178027,-1.6286920646245093,7.074951171875,12.43248291015625,15.685695103236608,0.9249267578125,4.1500244140625,1157.2249755859375,3.0250244140625,1
2023-10-11,1157.2249755859375,1174.8499755859375,1156.5,1172.5250244140625,9814118,1156.5400146484376,1163.6325073242188,1.5876861910782272,1.5876861910782303,2.0363341163113224,1.1669563773996972,1.3352698739645064,1164.4204723412906,1180.0997106024047,-15.679238261114051,41.45949160297356,-17.72827214731319,-17.917666390886854,0.18939424357366264,18.3499755859375,13.53748779296875,14.25177001953125,15.300048828125,3.0250244140625,1171.925048828125,-0.5999755859375,0
2023-10-12,1171.925048828125,1179.675048828125,1169.074951171875,1174.699951171875,12554450,1159.0000244140624,1163.6500122070313,0.18549086053829517,0.18549086053829544,1.7761220643949915,2.225602190525411,1.5254225486292627,1166.4763681074076,1179.6088233814476,-13.132455274040012,46.22913494612389,-15.891219079483562,-17.512376928606198,1.6211578491226355,10.60009765625,12.9324951171875,13.933916364397321,2.77490234375,-0.5999755859375,1170.0,-4.699951171875,0
2023-10-13,1170.0,1178.75,1164.574951171875,1174.6500244140625,10150316,1161.29501953125,1161.5000122070312,-0.004250171097963639,-0.004250171097963662,0.18123280576138878,1.7717964050703916,1.350304090945853,1168.1110993687387,1179.1580234753214,-11.046924106582765,48.547196649464524,-14.274818735459803,-16.86486528997692,2.590046554517116,14.175048828125,11.45,13.787493024553571,4.6500244140625,-4.699951171875,1172.5,-2.1500244140625,0
2023-10-16,1172.5,1177.2750244140625,1168.0,1172.0250244140625,5929036,1164.985009765625,1161.660009765625,-0.22347081645100203,-0.2234708164509991,-0.22771148965691212,-0.04264301312032481,1.992822748966594,1168.8938843778035,1178.509569015207,-9.615684637403547,50.97194500502201,-13.055133921931656,-16.102919016367867,3.047785094436211,9.2750244140625,10.62750244140625,13.535714285714286,-0.4749755859375,-2.1500244140625,1178.0,5.9749755859375,1
2023-10-17,1178.0,1179.8499755859375,1170.6500244140625,1177.625,7928180,1169.9300048828125,1162.9625122070313,0.4778034145420341,0.477803414542044,0.2532648468995147,0.24900391161224444,2.0295485894225918,1170.640107502243,1178.4291536501883,-7.789046147945328,53.280171809203466,-11.50404225294551,-15.183143663683396,3.6791014107378857,9.199951171875,10.56749267578125,13.671430315290179,-0.375,5.9749755859375,1177.625,0.0,0
2023-10-18,1177.625,1183.5,1160.5,1162.0,8918320,1174.010009765625,1165.2750122070313,-1.3268230548774014,-1.3268230548774018,-0.8553592461965076,-1.0769185843564455,-0.8976375083612487,1168.9120860017945,1176.935594227444,-8.023508225649493,38.729894546212684,-11.404138042167688,-14.427342539380255,3.023204497212568,23.0,11.67249755859375,14.125,-15.625,0.0,1156.0,-6.0,0
2023-10-19,1156.0,1160.9000244140625,1150.5,1153.074951171875,12032556,1170.825,1164.9125122070313,-0.7680764912327883,-0.7680764912327831,-2.0847085301454182,-1.6168659241436734,-1.8408956243189611,1165.7446590358106,1174.766444858756,-9.021785822945276,42.3318809595807,-11.907873532352596,-13.923448737974725,2.015575205622129,10.4000244140625,11.6925048828125,12.875,-2.925048828125,-6.0,1150.0,-3.074951171875,0
2023-10-20,1150.0,1157.3499755859375,1148.1500244140625,1149.550048828125,8913312,1166.825,1164.060009765625,-0.30569585612519173,-0.3056958561251877,-1.071424369352414,-2.384031518681673,-2.136804585557972,1162.5057369942735,1172.4740452196077,-9.968308225334113,37.135629514001074,-12.448024618667205,-13.628363914113223,1.180339295446018,9.199951171875,11.975,12.282139369419642,-0.449951171875,-3.074951171875,1145.0,-4.550048828125,0
2023-10-23,1145.0,1153.125,1127.625,1131.5999755859375,7853962,1161.325,1163.1550048828126,-1.561486884410659,-1.5614868844106566,-1.8624093398362684,-2.616181102759252,-3.4491626019960586,1156.3245847126063,1168.7582207074558,-12.43363599484951,35.34272381568168,-14.161276758391296,-13.734946482968839,-0.4263302754224565,25.5,13.67750244140625,13.067853655133929,-13.4000244140625,-4.550048828125,1125.0250244140625,-6.574951171875,0
2023-10-25,1125.0250244140625,1140.5999755859375,1121.5,1128.9749755859375,11620688,1150.7300048828124,1160.3300048828125,-0.2319724334246991,-0.23197243342469864,-1.7898370987119883,-2.0900614969950215,-4.1311983368273015,1150.8546628872725,1165.141562060045,-14.286899172772564,35.10860339192702,-15.551587958934078,-14.098274778161887,-1.4533131807721915,19.0999755859375,14.8800048828125,13.578569684709821,3.949951171875,-6.574951171875,1125.5,-3.4749755859375,0
2023-10-26,1125.5,1129.0,1110.1500244140625,1113.25,15222534,1140.3050048828125,1157.1575073242188,-1.3928542196230917,-1.3928542196230964,-1.6215956152204725,-3.157761496781286,-4.195352839931155,1143.333730309818,1160.4241473273137,-17.09041701749561,30.099893234490168,-17.718051049303995,-14.822230032390308,-2.895821016913686,18.8499755859375,14.9300048828125,14.196428571428571,-12.25,-3.4749755859375,1120.0,6.75,1
2023-10-27,1120.0,1136.75,1117.9749755859375,1132.9000244140625,11771084,1133.1050048828124,1151.9650024414063,1.7651043713507748,1.7651043713507786,0.3476648210105626,0.11488590104040686,-1.749663084546993,1141.246989130667,1157.9219543351999,-16.674965204532782,39.78473124646449,-17.64598398964813,-15.386980823841874,-2.2590031658062557,18.7750244140625,15.74749755859375,15.419642857142858,12.9000244140625,6.75,1137.0,4.0999755859375,1
2023-10-30,1137.0,1162.5,1134.9749755859375,1156.25,16813304,1130.5050048828125,1148.6650024414062,2.0610799790576526,2.061079979057645,3.862564563215809,2.41591045008831,0.5828324898689674,1144.2475913045337,1157.7699584865452,-13.522367182011521,52.52256777624936,-15.525751243863851,-15.41473490784627,-0.1110163360175811,27.5250244140625,17.0824951171875,16.712498256138392,19.25,4.0999755859375,1164.0,7.75,1
2023-10-31,1164.0,1164.0,1141.449951171875,1143.949951171875,12808438,1134.3050048828125,1147.8150024414062,-1.0637880067567567,-1.0637880067567607,0.9753664506740201,2.75768705788233,1.0913729102497216,1144.188063278002,1156.5135941852113,-12.32553090720944,46.54765361913943,-14.668869070420442,-15.265561740361104,0.5966926699406621,22.550048828125,18.40999755859375,17.621433803013392,-20.050048828125,7.75,1144.574951171875,0.625,1
2023-11-01,1144.574951171875,1158.75,1137.5999755859375,1148.699951171875,10309190,1138.214990234375,1144.4724975585937,0.41522795600752005,0.4152279560075245,-0.6529771959459474,1.3946444008582581,1.7471579098288004,1145.0904408567767,1155.8032630021808,-10.712822145404061,41.16770849588227,-13.451438660224767,-14.902737124333838,1.4512984641090707,21.1500244140625,19.6050048828125,17.657148088727677,4.125,0.625,1156.9749755859375,8.2750244140625,1
2023-11-02,1156.9749755859375,1162.1500244140625,1153.9749755859375,1160.0999755859375,10562104,1144.5099853515626,1142.4074951171874,0.9924283884954012,0.9924283884954033,1.4117771846153149,0.33297086148649235,4.208396639203915,1148.0923478026089,1156.1938732370677,-8.101525434458836,44.93407680739961,-11.434915010542682,-14.209172701575607,2.7742576910329255,8.175048828125,18.122509765625,17.8607177734375,3.125,8.2750244140625,1163.5999755859375,3.5,1
2023-11-03,1163.5999755859375,1167.4749755859375,1157.875,1159.8499755859375,8850156,1153.22998046875,1143.1674926757812,-0.02154986684434083,-0.02154986684433924,0.970664654654807,1.3899230816675434,2.378846375770327,1150.4438733592747,1156.5262461778739,-6.082372818599197,44.87177533465343,-9.744648162381054,-13.316267793736698,3.5716196313556434,9.5999755859375,18.0425048828125,17.533926827566965,-3.75,3.5,1166.1500244140625,6.300048828125,1
2023-11-06,1166.1500244140625,1170.0,1162.800048828125,1169.5,10647304,1159.0599853515625,1144.7824951171874,0.8320062609121031,0.8320062609121104,0.8102770978263951,1.810746906266103,1.1459459459459476,1154.2550986874198,1157.7056783435216,-3.4505796561018087,49.16569074563911,-7.53951238036484,-12.160916711062328,4.621404330697487,7.199951171875,17.8425048828125,17.596426827566965,3.3499755859375,6.300048828125,1167.0250244140625,-2.4749755859375,0
2023-11-07,1167.0250244140625,1169.550048828125,1159.7750244140625,1161.9000244140625,6960204,1159.664990234375,1146.9849975585937,-0.6498482758390337,-0.6498482758390378,0.17675120673166234,0.15516325023761102,1.5691309942186926,1155.7840838327484,1158.0869825317527,-2.302898699004345,44.87201022716563,-6.332187385579118,-10.995170845965687,4.6629834603865685,9.7750244140625,16.27000732421875,17.637503487723215,-5.125,-2.4749755859375,1166.0,4.0999755859375,1
2023-11-08,1166.0,1170.5,1160.875,1167.949951171875,7884494,1163.95,1151.0824951171876,0.5206925407255614,0.5206925407255536,-0.13253944661180128,0.6983640778063238,1.675807505725202,1158.2172573005737,1158.983616044491,-0.766358743917408,52.069543162574924,-4.8315005698327695,-9.762436790739104,4.930936220906334,9.625,15.322509765625,16.682146344866073,1.949951171875,4.0999755859375,1167.925048828125,-0.02490234375,0
2023-11-09,1167.925048828125,1167.949951171875,1152.0999755859375,1155.2750244140625,14513610,1166.1400146484375,1155.325,-1.0852285875002587,-1.0852285875002532,-0.5701867510796377,-1.2163296781477095,-0.41590822113740655,1157.6288107232715,1158.6464713508158,-1.0176606275442737,50.745783340382474,-4.611794223989591,-8.732308277389201,4.12051405339961,15.8499755859375,15.022509765625,16.99285888671875,-12.6500244140625,-0.02490234375,1152.7750244140625,-2.5,0
2023-11-10,1152.7750244140625,1158.175048828125,1149.0250244140625,1157.449951171875,7734954,1163.9750244140625,1158.6025024414062,0.1882605190842405,0.188260519084249,-0.8990111253880939,-0.38299966853272416,-0.20692541833697842,1157.5930388129923,1158.5376967890938,-0.9446579761015528,52.70266605051253,-4.213605132190196,-7.8285676483494,3.6149625161592045,9.1500244140625,14.060009765625,16.989292689732142,4.6749267578125,-2.5,1161.449951171875,4.0,1
2023-11-13,1161.449951171875,1162.300048828125,1155.8499755859375,1157.300048828125,3854810,1163.035009765625,1161.0474975585937,-0.012951086446392734,-0.01295108644638887,0.17528505085526724,-0.9118457801264745,-1.043176671387347,1157.5344408160188,1158.4251833380965,-0.8907425220777441,60.011729728415325,-3.8655733511400285,-7.035968788907526,3.170395437767498,6.4500732421875,11.9525146484375,15.628583635602679,-4.14990234375,4.0,1170.0,12.699951171875,1
2023-11-15,1170.0,1180.9749755859375,1163.5,1178.2249755859375,12220648,1163.6300048828125,1161.6474975585938,1.8080813855491455,1.808081385549154,1.794896132919499,1.986535732780581,1.405022018147184,1161.6725477700027,1160.2251644515366,1.447383318466109,66.79171363294412,-1.8796218342968132,-6.004699397985385,4.1250775636885715,17.4749755859375,11.44500732421875,15.955365862165179,8.2249755859375,12.699951171875,1175.550048828125,-2.6749267578125,0
2023-11-16,1175.550048828125,1187.074951171875,1173.4749755859375,1180.3499755859375,13134910,1165.5400146484376,1164.7450073242187,0.18035604778647865,0.1803560477864785,1.9916984174633612,1.9784893844331686,1.0616914193644078,1165.4080333331897,1162.0546927364821,3.3533405967075396,75.21612724116105,-0.13274105233358569,-4.830307728855025,4.697566676521439,13.5999755859375,10.69000244140625,15.580365862165179,4.7999267578125,-2.6749267578125,1176.449951171875,-3.9000244140625,0
2023-11-17,1176.449951171875,1186.625,1176.0250244140625,1177.7750244140625,7758634,1167.2449951171875,1166.6925048828125,-0.21815149956662377,-0.21815149956662117,-0.038188901202951264,1.7692019979322016,1.9475881954092777,1167.8814315493644,1163.4838137980803,4.397617751284088,69.3468987844428,1.0320012452068568,-3.6578459340426486,4.689847179249505,10.5999755859375,10.9324951171875,14.658935546875,1.3250732421875,-3.9000244140625,1174.2750244140625,-3.5,0
2023-11-20,1174.2750244140625,1179.199951171875,1168.199951171875,1174.675048828125,4490186,1171.5449951171875,1167.760009765625,-0.26320608959081326,-0.26320608959081726,-0.48078340112603923,-0.3012944752802449,1.4881937347537288,1169.2401550051165,1164.5011988008116,4.738956204304941,59.62397875202139,1.685496431636011,-2.589177460906917,4.274673892542928,11.0,11.07249755859375,13.330365862165179,0.4000244140625,-3.5,1183.0,8.324951171875,1
2023-11-21,1183.0,1194.0,1180.0999755859375,1189.449951171875,8214450,1175.8550048828124,1169.4450073242188,1.2577863434223517,1.2577863434223513,0.9912696835816082,0.7709557143354973,2.7780092445606197,1173.2821142384682,1166.769267198181,6.51284704028717,73.16712239245331,3.3569108366687033,-1.3999598013917929,4.756870638060496,13.9000244140625,11.7425048828125,13.100001743861608,6.449951171875,8.324951171875,1187.5,-1.949951171875,0
2023-11-22,1187.5,1197.2249755859375,1186.0999755859375,1194.0999755859375,8534814,1179.3550048828124,1171.4925048828125,0.39093905628237513,0.39093905628238,1.653642577765746,1.386084000210186,1.3473657687578022,1177.4456865079621,1169.2538770516135,8.191809456348665,73.13977635475153,4.999110271514837,-0.12014578681046695,5.119256058325304,11.125,11.87750244140625,12.383928571428571,6.5999755859375,-1.949951171875,1194.0999755859375,0.0,0
2023-11-23,1194.0999755859375,1200.0,1194.0999755859375,1197.75,8531542,1183.064990234375,1174.3025024414062,0.30567159272166095,0.3056715927216569,0.6978056386439446,1.9643688860927933,1.474141125425521,1181.5065492063698,1171.844433683285,9.662115523084822,70.8357599490752,6.51993388145911,1.2078701468434485,5.312063734615662,5.9000244140625,11.5050048828125,11.844639369419642,3.6500244140625,0.0,1195.800048828125,-1.949951171875,0
2023-11-24,1195.800048828125,1201.300048828125,1195.5250244140625,1196.949951171875,6749486,1186.935009765625,1177.0900024414063,-0.06679597813608851,-0.06679597813609162,0.23867143825533343,0.6305435544060378,1.6280636250842528,1184.595229599471,1174.126753454975,10.46847614449598,70.40712056975589,7.573339551035588,2.4809640276818765,5.092375523353711,5.7750244140625,10.497509765625,11.571428571428571,1.14990234375,-1.949951171875,1196.949951171875,0.0,0
2023-11-28,1196.949951171875,1199.8499755859375,1187.625,1197.199951171875,13792174,1191.4699951171874,1181.5074951171875,0.020886420501979825,0.020886420501975422,-0.0459235089229848,0.2596077086775228,1.9175432700491157,1187.1161739139518,1176.224316883784,10.891857030167785,66.99392538029352,8.332294539438408,3.6512301300331833,4.6810644094052245,12.2249755859375,10.8050048828125,11.719639369419642,0.25,0.0,1204.0,6.800048828125,1
2023-11-29,1204.0,1205.9749755859375,1199.0250244140625,1200.3499755859375,12531306,1195.6699951171875,1185.7625,0.26311598250393425,0.2631159825039253,0.2840573585164208,0.21707164148925262,0.9163920182874152,1189.762934248349,1178.4175585839796,11.345375664369385,74.9514273102722,9.083246468916286,4.7376333978098035,4.345613071106483,6.949951171875,10.85499267578125,11.648210797991071,-3.6500244140625,6.800048828125,1197.3499755859375,-3.0,0
2023-11-30,1197.3499755859375,1200.3499755859375,1184.949951171875,1188.7249755859375,28439984,1197.639990234375,1188.4974975585938,-0.9684675500014389,-0.9684675500014395,-0.707899760406927,-0.6871611948256362,-0.45012981407712704,1189.5553425158669,1179.3545964932484,10.200746022618432,62.571920710089,8.640735912593755,5.518253900766594,3.1224820118271603,15.4000244140625,10.64749755859375,12.060712541852679,-8.625,-3.0,1189.0,0.2750244140625,1
2023-12-01,1189.0,1198.199951171875,1188.800048828125,1197.1500244140625,14342842,1196.6199951171875,1189.8424926757812,0.7087466824672534,0.7087466824672539,-0.26658484916559644,-0.004170294006744513,-0.050091887784387,1191.074278895506,1180.9723626678679,10.101916227638185,76.71458306999483,8.867653350053843,6.188133790624044,2.6795195594297985,9.39990234375,10.227490234375,11.605355398995536,8.1500244140625,0.2750244140625,1225.0,27.8499755859375,1
2023-12-04,1225.0,1225.0,1199.300048828125,1210.0999755859375,15590990,1202.4599853515624,1194.6974975585938,1.0817316884083323,1.0817316884083272,1.7981451083303845,0.8122631064528152,1.0986277580936399,1194.8794182335923,1183.6203274786014,11.259090754990893,79.5289578866419,9.977426326445993,6.945992297788434,3.031434028657559,25.699951171875,11.73748779296875,12.941066196986608,-14.9000244140625,27.8499755859375,1219.5,9.4000244140625,1
2023-12-05,1219.5,1220.425048828125,1210.824951171875,1218.875,12693624,1206.9699951171874,1199.2199951171874,0.7251487142468193,0.725148714246826,1.8147245660852462,2.5363330487105484,1.8104785927286704,1199.6785345868739,1186.8252977078196,12.853236879054293,81.48810526996223,11.43320566204693,7.843434970640134,3.5897706914067964,9.60009765625,11.59749755859375,13.217851911272321,-0.625,9.4000244140625,1223.550048828125,4.675048828125,1
2023-12-06,1223.550048828125,1236.4749755859375,1217.5,1230.550048828125,16422442,1210.8800048828125,1203.275,0.9578544828735513,0.9578544828735547,1.6899490665872818,2.7899614695668484,2.515939005825829,1205.852837435124,1190.8002750823928,15.052562352731229,79.55381899832956,13.374823502017307,8.949712676915569,4.425110825101738,18.9749755859375,12.10499267578125,12.88214111328125,7.0,4.675048828125,1230.0,-0.550048828125,0
2023-12-07,1230.0,1230.4749755859375,1221.0,1228.5250244140625,8142096,1217.410009765625,1207.525,-0.1645625398163177,-0.1645625398163153,0.791715673392468,1.5226055036653863,3.3481292683790853,1210.3872748309118,1194.2297977489084,16.157477082003425,77.24059971648794,14.582074010250835,10.076184943582621,4.505889066668214,9.4749755859375,11.939990234375,12.592860630580358,-1.4749755859375,-0.550048828125,1231.925048828125,3.4000244140625,1
2023-12-08,1231.925048828125,1238.3499755859375,1222.5,1227.875,10204894,1225.99501953125,1211.3075073242187,-0.052910962426062524,-0.052910962426067076,-0.21738643061877116,0.738385806583941,2.566510041293757,1213.8848198647295,1197.2884524990075,16.596367365722017,78.95946981240195,15.309894267030131,11.122926808272124,4.186967458758007,15.8499755859375,12.9349853515625,12.967860630580358,-4.050048828125,3.4000244140625,1228.0,0.125,1
2023-12-11,1228.0,1233.800048828125,1226.199951171875,1229.675048828125,7066138,1226.59501953125,1214.5275024414063,0.14659870329838134,0.14659870329838398,0.0936101740875106,-0.0711064130088257,1.6176409914155254,1217.0428656574086,1200.2326885289272,16.810177128481428,82.27690779389363,15.849245722111846,12.068190591040068,3.7810551310717777,7.60009765625,13.11749267578125,12.725010463169642,1.675048828125,0.125,1230.0,0.324951171875,1
2023-12-12,1230.0,1232.4749755859375,1210.074951171875,1212.0250244140625,9197124,1228.69501953125,1217.8325073242188,-1.435340534142162,-1.43534053414216,-1.2908460214547501,-1.3430739848274253,-0.5619916386780832,1216.0392974087395,1201.3047190639395,14.734578344799957,62.81576741622849,14.683217185545573,12.59119590994117,2.0920212756044023,22.4000244140625,14.13499755859375,12.944658551897321,-17.9749755859375,0.324951171875,1211.0,-1.0250244140625,0
2023-12-13,1211.0,1219.175048828125,1203.1500244140625,1216.9749755859375,10031182,1226.185009765625,1218.5325073242188,0.4084033804721143,0.4084033804721221,-1.0327991329327713,-0.8877144997709419,-1.1031711595245741,1216.2264330441792,1202.7292878386666,13.497145205512652,62.941962762700356,13.997199853678467,12.87239669868863,1.124803154989836,16.0250244140625,15.0425048828125,13.294660295758929,5.9749755859375,-1.0250244140625,1227.0,10.0250244140625,1
2023-12-14,1227.0,1237.4749755859375,1221.324951171875,1232.074951171875,16972354,1225.585009765625,1221.497509765625,1.240779464562721,1.2407794645627135,1.6542502303123152,0.1951655720783485,0.2889584409976109,1219.3961366697183,1205.3970754144127,13.999061255305605,67.19251950898584,14.504766095068817,13.198870577964668,1.3058955171041493,16.1500244140625,15.1175048828125,14.337515694754464,5.074951171875,10.0250244140625,1239.0,6.925048828125,1
2023-12-15,1239.0,1250.0,1235.0250244140625,1247.800048828125,15932152,1227.0,1226.497509765625,1.2763101499055103,1.2763101499055018,2.532925808712383,2.951673743812133,1.6227261592690612,1225.0769191013997,1209.2518911792956,15.825027922104027,72.15684935276306,15.991559218650082,13.75740830610175,2.2341509125483316,14.9749755859375,15.67501220703125,15.205374581473214,8.800048828125,6.925048828125,1247.800048828125,0.0,0
2023-12-18,1247.800048828125,1267.449951171875,1245.4749755859375,1260.5,14165188,1230.960009765625,1228.7775146484375,1.0177873597458338,1.0177873597458253,2.3070876330282264,3.576492967171041,2.5067558458839123,1232.1615352811198,1213.9108101629959,18.25072511812391,74.88204821762997,17.987287152903036,14.603384075462008,3.383903077441028,21.9749755859375,15.3025146484375,15.901803152901786,12.699951171875,0.0,1277.5,17.0,1
2023-12-19,1277.5,1286.949951171875,1262.5999755859375,1279.050048828125,16820604,1240.460009765625,1234.5775146484375,1.4716421125049584,1.4716421125049672,2.5044076596525633,3.812681818713237,5.530003346792678,1241.5392379905209,1219.8325591325531,21.706678857967745,77.59464595026391,20.825684305311825,15.847844121431972,4.977840183879852,24.3499755859375,16.77750244140625,17.164297921316965,1.550048828125,17.0,1285.5250244140625,6.4749755859375,1
2023-12-20,1285.5250244140625,1299.425048828125,1260.0,1263.574951171875,17736722,1255.3650146484374,1240.7750122070313,-1.2098899234184306,-1.209889923418428,0.24394693945855028,1.2642171603186814,3.8291646517629507,1245.9463806267918,1223.8091402270368,22.137240399755,75.55472591942592,21.577689277722357,16.993813152690052,4.583876125032305,39.425048828125,18.822509765625,18.88037109375,-21.9500732421875,6.4749755859375,1263.5,-0.074951171875,0
2023-12-21,1263.5,1286.75,1259.125,1281.2750244140625,13765454,1262.6650146484376,1244.1250122070312,1.4007932988677843,1.4007932988677751,0.17395531847843593,1.6481574307070535,3.9932694999919693,1253.0121093842458,1229.0333115167664,23.978797867479443,77.0106899321299,23.332939024398684,18.26163832703178,5.071300697366905,27.625,20.63751220703125,20.176801409040177,17.7750244140625,-0.074951171875,1279.800048828125,-1.4749755859375,0
2023-12-22,1279.800048828125,1290.449951171875,1273.824951171875,1282.5250244140625,16541784,1270.8250244140625,1248.9125122070313,0.09755907015916705,0.09755907015915888,1.499718969944186,0.271684097828806,2.78289583483744,1258.9146923902092,1233.8961945074295,25.018497882779684,75.14314575845094,24.541947355562115,19.517700132737847,5.024247222824268,16.625,20.7150146484375,19.375017438616073,2.7249755859375,-1.4749755859375,1284.0,1.4749755859375,1
2023-12-26,1284.0,1295.9749755859375,1281.3499755859375,1289.0250244140625,7465664,1278.0650146484375,1254.5125122070312,0.506812723047615,0.5068127230476227,0.6048662349868339,2.014132459541429,2.262992813491671,1264.9367587949798,1238.9079063171234,26.02885247785639,74.74420538049806,25.728014311823244,20.759762968554927,4.968251343268317,14.625,21.4175048828125,19.682155064174108,5.0250244140625,1.4749755859375,1291.0,1.9749755859375,1
2023-12-27,1291.0,1299.949951171875,1286.550048828125,1293.425048828125,9204156,1280.7650146484375,1260.6125122070312,0.34134515084860895,0.3413451508486043,0.8498878545502242,0.9482760673976909,1.1238809625292223,1270.634416801609,1243.86401018176,26.770406619848927,73.37788423291947,26.715071403898037,21.95082465562355,4.764246748274488,13.39990234375,20.51749267578125,19.283935546875,2.425048828125,1.9749755859375,1294.9000244140625,1.4749755859375,1
2023-12-28,1294.9000244140625,1306.0,1293.425048828125,1302.7750244140625,12302636,1282.6400146484375,1269.0025146484375,0.7228849939475664,0.7228849939475701,1.066697677669226,1.5789165602637212,3.1023148413817703,1277.0625383240997,1249.2195569301512,27.84298139394855,76.18117957119911,27.929828472590998,23.14662541901704,4.783203053573956,12.574951171875,20.1724853515625,19.5,7.875,1.4749755859375,1305.550048828125,2.7750244140625,1
2023-12-29,1305.550048828125,1307.0,1289.6500244140625,1292.4749755859375,10864584,1291.0500244140626,1276.85751953125,-0.7906237558367042,-0.7906237558367057,-0.07345406237866392,0.26764035658990437,0.8741254577249613,1280.1450257764673,1253.1518677170407,26.993158059426605,71.32711133614221,27.741616258382237,24.06562358689008,3.675992671492157,17.3499755859375,20.29248046875,19.607142857142858,-13.0750732421875,2.7750244140625,1290.2750244140625,-2.199951171875,0
2024-01-01,1290.2750244140625,1303.425048828125,1286.574951171875,1295.125,4030540,1293.14501953125,1281.9850219726563,0.20503487217314395,0.20503487217313765,-0.5872099380707096,0.13143020335157907,0.9824350672372972,1283.141020621174,1256.9676070154915,26.173413605682526,71.48713238815219,27.489410730327336,24.750381015577535,2.739029714749801,16.85009765625,20.47999267578125,20.267857142857142,4.8499755859375,-2.199951171875,1292.5,-2.625,0
2024-01-02,1292.5,1307.5,1286.5,1305.8499755859375,7448800,1294.84501953125,1286.4550170898438,0.8281035101582859,0.8281035101582956,1.0348362833049407,0.2360308659784094,1.3052462794136188,1287.6828116141266,1261.4114587037138,26.271352910412816,82.26991249126996,27.834097776680437,25.36712436779812,2.4669734088823176,21.0,20.3824951171875,20.167855398995535,13.3499755859375,-2.625,1305.0,-0.8499755859375,0
2024-01-03,1305.0,1317.0,1288.5999755859375,1291.6500244140625,9037536,1297.64501953125,1289.2050170898438,-1.0874106089792936,-1.087410608979289,-0.26831198424379643,-0.06382724520457295,-0.1372344238787293,1288.4762541741138,1264.1604192228365,24.31583495127734,74.14710110304594,26.654194397272704,25.624538373693035,1.029656023579669,28.4000244140625,20.7875,21.051783970424108,-13.3499755859375,-0.8499755859375,1294.0,2.3499755859375,1
2024-01-04,1294.0,1304.925048828125,1289.550048828125,1298.324951171875,9612778,1297.4650146484375,1290.0525146484374,0.5167751814846657,0.5167751814846744,-0.5762548956426694,0.2470766274973446,-0.34158416908467437,1290.445993573666,1267.266285763658,23.17970781000804,72.65728151537458,25.958489959359667,25.691328690826364,0.2671612685333038,15.375,18.3824951171875,20.685712541852677,4.324951171875,2.3499755859375,1301.449951171875,3.125,1
2024-01-05,1301.449951171875,1309.925048828125,1299.0,1303.8499755859375,8086406,1296.6449951171876,1293.847509765625,0.42555019905267816,0.4255501990526822,0.9445245183508089,-0.1531569504454433,0.8800944091658769,1293.1267899761206,1270.5920757475017,22.534714228618896,70.60656495550656,25.558341820699297,25.664731316800953,-0.10638949610165582,10.925048828125,16.7125,20.233930315290177,2.4000244140625,3.125,1305.0,1.1500244140625,1
2024-01-08,1305.0,1315.9749755859375,1284.4749755859375,1293.675048828125,7734652,1299.589990234375,1296.3675048828125,-0.7803755760504568,-0.7803755760504516,-0.35814626681501815,0.15677810364933542,-0.11195453503523023,1293.2364417465215,1272.6905278457402,20.545913900781215,62.427423516064756,24.14189722060496,25.360164497561755,-1.2182672769567944,31.5,18.2,20.914289202008927,-11.324951171875,1.1500244140625,1300.0,6.324951171875,1
2024-01-09,1300.0,1303.4000244140625,1288.5999755859375,1290.25,5403074,1301.089990234375,1297.9675048828126,-0.2647534117031614,-0.2647534117031669,-1.0430629167919259,-0.6219514740579024,-1.1946223438827897,1292.6391533972171,1274.2868434961274,18.35230990108971,54.731696918210524,22.483802573608045,24.78489211277101,-2.301089539162966,14.800048828125,18.2175048828125,20.0821533203125,-9.75,6.324951171875,1288.5,-1.75,0
2024-01-10,1288.5,1329.5,1287.5250244140625,1325.050048828125,11102740,1297.789990234375,1297.7175048828126,2.697155499176516,2.6971554991765068,2.4252612762703407,1.62595955356446,2.585841658557153,1299.1213324833986,1278.9016803444906,20.21965213890803,72.32615057274248,23.70457217181024,24.568828124578857,-0.864255952768616,41.9749755859375,21.07501220703125,20.264290945870535,36.550048828125,-1.75,1329.5,4.449951171875,1
2024-01-11,1329.5,1362.5,1328.5,1359.9000244140625,23725852,1304.889990234375,1301.1775024414062,2.6300874911675103,2.63008749116751,5.398180539745212,5.119135260893182,4.742655002248042,1311.2770708695316,1286.2651661689972,25.011904700534387,75.39157231933379,27.170933047093968,25.089249109081884,2.081683938012084,34.0,23.21751708984375,20.966073172433035,30.4000244140625,4.449951171875,1359.9000244140625,0.0,0
2024-01-12,1359.9000244140625,1373.324951171875,1345.75,1370.7249755859375,15012164,1316.5800048828125,1306.6125,0.7960108079664993,0.7960108079664963,3.447034079822675,6.237161448241624,5.129041013322633,1323.166651812813,1293.9433306614465,29.223321151366463,76.82481205995703,30.440631455433504,26.15952557835221,4.281105877081295,27.574951171875,24.2400146484375,21.748212541852677,10.824951171875,0.0,1375.0,4.2750244140625,1
2024-01-15,1375.0,1396.449951171875,1366.0,1394.125,8610594,1330.5800048828125,1315.0849975585938,1.7071276026075035,1.7071276026074944,2.516727330796531,5.213006952678123,7.764697267901055,1337.3583214502505,1303.0507551467695,34.30756630348105,78.98510643374509,34.52212780889613,27.832046024460997,6.690081784435133,30.449951171875,25.6,22.878566196986608,19.125,4.2750244140625,1389.9749755859375,-4.1500244140625,0
2024-01-16,1389.9749755859375,1396.300048828125,1370.5,1374.625,9069024,1348.575,1324.8324951171876,-1.398726799964135,-1.398726799964134,0.2845227513561088,1.0827983911745331,6.539430342956787,1344.8116571602004,1309.5575046788813,35.254152481319124,70.6720905699762,35.77091124469848,29.419819068508495,6.351092176189987,25.800048828125,26.0800048828125,23.764290945870535,-15.3499755859375,-4.1500244140625,1359.5,-15.125,0
2024-01-17,1359.5,1386.2750244140625,1355.0250244140625,1361.574951171875,12197382,1362.775,1330.2824951171874,-0.9493533747840319,-0.9493533747840344,-2.3348013146686997,-0.6675317497699451,2.756492283144518,1348.1643159625355,1314.2863634509715,33.87795251156399,64.692632638184,35.30062757711812,30.595980770230423,4.704646806887698,31.25,26.36500244140625,25.098223005022323,2.074951171875,-15.125,1351.4000244140625,-10.1749267578125,0
2024-01-18,1351.4000244140625,1371.0,1351.25,1367.949951171875,10279438,1367.1550048828126,1336.0224975585938,0.4682077908757935,0.46820779087579645,-0.48559053037191546,-1.8775252454496516,0.5919498943520507,1352.1214430044033,1319.1648714255991,32.95657157880419,69.23664696784974,35.03843236659645,31.48447108950363,3.5539612770928244,19.75,26.80250244140625,25.2696533203125,16.5499267578125,-10.1749267578125,1376.0,8.050048828125,1
2024-01-19,1376.0,1376.0,1359.0,1367.449951171875,10422704,1370.375,1343.4775024414062,-0.03655104483695967,-0.03655104483696325,0.431485611199256,-0.5219640867964004,-0.23892644202112567,1355.1871446378977,1323.554424129806,31.63272050809178,68.63805395069424,34.39382435417542,32.066341742437984,2.3274826117374374,17.0,27.40999755859375,25.280360630580358,-8.550048828125,8.050048828125,1371.75,4.300048828125,1
2024-01-23,1371.75,1371.75,1322.550048828125,1328.574951171875,20055420,1369.725,1350.1525024414063,-2.842882839454926,-2.84288283945493,-2.878394780910576,-2.4236638586511705,-4.7018774376849315,1349.8647059446935,1324.010835679085,25.85387026560852,55.114204488684756,30.395697571176697,31.73221290818573,-1.3365153370090326,49.199951171875,29.17999267578125,27.294642857142858,-43.175048828125,4.300048828125,1335.2249755859375,6.6500244140625,1
2024-01-24,1335.2249755859375,1349.5,1323.925048828125,1343.875,21919128,1358.775,1353.675,1.1516135250502448,1.1516135250502435,-1.724008337685179,-1.7599292394616328,-2.236973720105484,1348.666764755755,1325.8166687991682,22.850095956586756,61.69520828590936,28.13738905715445,31.013248137979474,-2.8758590808250233,25.574951171875,30.25748291015625,27.092851911272323,8.6500244140625,6.6500244140625,1342.949951171875,-0.925048828125,0
2024-01-25,1342.949951171875,1364.1500244140625,1335.199951171875,1353.074951171875,11808872,1355.464990234375,1359.1199951171875,0.6845838468514557,0.6845838468514609,1.8440811320723505,-1.0512267734318903,-0.6242770545010545,1349.548402038979,1328.2946944694143,21.253707569564767,62.12355419973348,26.781304257233842,30.16685936183035,-3.3855551045965093,28.9500732421875,28.95499267578125,28.0625,10.125,-0.925048828125,1364.5,11.425048828125,1
2024-01-29,1364.5,1452.5,1360.175048828125,1448.050048828125,23893438,1358.0849853515624,1362.6199951171875,7.019204484865653,7.01920448486566,7.7518406717979715,8.992725442464987,5.855484521756882,1369.2487313968081,1339.1815448656605,30.067186531147627,72.87073703435698,32.99000567423627,30.731488624311538,2.258517049924734,92.324951171875,34.78748779296875,34.33571079799107,83.550048828125,11.425048828125,1459.949951171875,11.89990234375,1
2024-01-30,1459.949951171875,1459.9749755859375,1404.425048828125,1407.625,14093978,1374.8749755859376,1372.6249877929688,-2.7916886478364544,-2.7916886478364544,4.031561502256786,4.743744767928559,2.9379538749257916,1376.9239851174466,1345.4036771506003,31.520307966846303,66.490571929688,34.25362818076405,31.43591653560204,2.8177116451620137,55.5499267578125,37.5849853515625,36.053562709263396,-52.324951171875,11.89990234375,1404.0,-3.625,0
2024-01-31,1404.0,1434.25,1402.5,1426.625,15130226,1381.3249755859374,1375.5249877929687,1.3497913151585117,1.3497913151585106,-1.479579303592704,5.435770484438018,7.380091634396657,1386.8641880939574,1352.7874337732728,34.076754320684586,68.88456787986952,36.36896059265041,32.422525347011714,3.946435245638696,31.75,37.714990234375,37.264273507254465,22.625,-3.625,1435.0,8.375,1
2024-02-01,1435.0,1443.3499755859375,1418.050048828125,1426.6500244140625,13349362,1401.27998046875,1380.027490234375,0.0017540989441864538,0.0017540989441844346,1.3515690907779154,-1.477851157933463,6.159428846735193,1394.8213553579785,1359.5022147406173,35.3191406173612,65.56848054155424,37.61380747154453,33.46078177191828,4.153025699626255,25.2999267578125,37.66497802734375,36.07319859095982,-8.3499755859375,8.375,1433.175048828125,6.5250244140625,1
2024-02-02,1433.175048828125,1474.9000244140625,1433.175048828125,1457.699951171875,19652588,1419.325,1387.3949951171876,2.1764221236084142,2.1764221236084236,2.1782143991500913,3.557407063093865,7.732387618984893,1407.3970745207578,1368.4292816889133,38.96779283184446,65.16277077422532,40.63738471094189,34.896102359723,5.741282351218885,41.7249755859375,38.7124755859375,36.844630650111604,24.52490234375,6.5250244140625,1460.75,3.050048828125,1
2024-02-05,1460.75,1470.5,1431.5250244140625,1439.0250244140625,8814432,1438.575,1398.3299926757813,-1.281122822484788,-1.2811228224847926,0.8674166605844746,0.8691859748751529,-0.6232536245115439,1413.7226644994187,1374.8470764821086,38.875588017310065,60.33752258864006,41.05344241114631,36.12757037000766,4.925872041138646,38.9749755859375,40.63497314453125,37.65891810825893,-21.7249755859375,3.050048828125,1441.8499755859375,2.824951171875,1
2024-02-06,1441.8499755859375,1441.8499755859375,1419.824951171875,1427.800048828125,9047984,1434.9550048828125,1404.914990234375,-0.7800403325514126,-0.7800403325514127,-2.0511698803112988,0.08061012822921931,1.433268720584313,1416.5381413651598,1379.6609830590191,36.8771583061407,55.29190354027146,40.016128398340925,36.90528197567431,3.1108464226666115,22.0250244140625,41.1374755859375,37.057137625558035,-14.0499267578125,2.824951171875,1435.925048828125,8.125,1
2024-02-07,1435.925048828125,1449.5,1429.25,1442.1500244140625,9296568,1441.3400146484375,1411.3324951171876,1.0050409787921861,1.0050409787921932,0.21716092124752784,-1.0667439993608863,1.0882344283930534,1421.6605179749404,1385.3418050003868,36.31871297455359,60.785880061891724,39.892121131365,37.50264980681245,2.3894713245525523,20.25,38.24248046875,36.764273507254465,6.2249755859375,8.125,1450.0,7.8499755859375,1
2024-02-08,1450.0,1459.4749755859375,1427.5250244140625,1450.125,14694634,1444.3400146484375,1422.8099975585938,0.5529920917331529,0.5529920917331621,1.563590867656739,0.7713538957015098,1.645461408489357,1427.3534143799525,1391.231186363988,36.12222801596454,64.37734126365348,39.976533762311874,37.99742659791234,1.9791071643995366,31.949951171875,38.87998046875,36.81427001953125,0.125,7.8499755859375,1454.0,3.875,1
2024-02-09,1454.0,1471.9749755859375,1450.949951171875,1460.75,12556798,1448.5050048828125,1433.9150024414062,0.7326954572881649,0.7326954572881572,1.2897392969566157,2.307742684202796,0.2092370810380384,1434.0327315039622,1397.5510785127162,36.48165299124594,64.86227501291295,40.43467432772832,38.48487614387553,1.949798183852785,21.0250244140625,38.0874755859375,36.964268275669646,6.75,3.875,1460.75,0.0,0
2024-02-12,1460.75,1461.0,1442.3499755859375,1452.3499755859375,6674430,1448.5050048828125,1443.5400024414062,-0.5750487362014376,-0.5750487362014334,0.1534333651193931,0.7072739312277365,0.9259707750600477,1437.6961803203571,1402.5327964284636,35.163383891893545,63.261482845389054,39.66273493908125,38.720447902916675,0.9422870361645721,18.6500244140625,30.71998291015625,37.082127162388396,-8.4000244140625,0.0,1455.5,3.1500244140625,1
2024-02-13,1455.5,1479.0,1454.0,1465.0999755859375,7715594,1451.235009765625,1443.0950073242188,0.8778875762955225,0.8778875762955218,0.2977905586813323,1.0326679138651818,2.612405482716329,1443.1769393734733,1408.220721806416,34.956217567057365,73.22051454213118,39.62303615949622,38.900965554232585,0.7220706052636388,25.0,27.664990234375,35.47141810825893,9.5999755859375,3.1500244140625,1457.5,-7.5999755859375,0
2024-02-14,1457.5,1483.6500244140625,1457.5,1481.375,7117888,1455.55,1448.4450073242188,1.110847360949114,1.1108473609491076,1.998486928218024,1.411945918192714,2.7198956365080296,1450.8165514987788,1414.8711107331053,35.94544076567354,73.3090358088151,40.43868110129097,39.20850866364427,1.2301724376467007,26.1500244140625,27.10499267578125,35.51249476841518,23.875,-7.5999755859375,1483.3499755859375,1.9749755859375,1
2024-02-15,1483.3499755859375,1484.7249755859375,1466.5250244140625,1470.5999755859375,10006782,1462.2199951171874,1453.2800048828126,-0.727366427411189,-0.7273664274111913,0.3754010027746002,1.256584177834763,1.4119455623437638,1454.7732363162106,1419.937371174272,34.83586514193871,69.81704665525623,39.757333383326795,39.31827360758078,0.43905977574601707,18.199951171875,26.3949951171875,34.74462890625,-12.75,1.9749755859375,1476.4749755859375,5.875,1
2024-02-16,1476.4749755859375,1477.0,1458.550048828125,1460.574951171875,9767498,1466.714990234375,1457.6099975585937,-0.6816962179037291,-0.6816962179037267,-1.4041042158889572,-0.3088543095670193,-0.011983489859657137,1455.9335792873435,1423.6316966285995,32.301882658744034,52.959917382847095,37.970721874588435,39.04876326098231,-1.0780413863938776,18.449951171875,24.06749267578125,28.960693359375,-15.9000244140625,5.875,1462.050048828125,1.47509765625,1
2024-02-19,1462.050048828125,1479.5,1453.5250244140625,1474.0,6729828,1466.975,1457.7400024414062,0.919161924374615,0.919161924374623,0.23119981439601034,-0.4978482828453257,1.4906892125176707,1459.5468634298747,1428.2106332987266,31.336230131148113,67.98049533375018,37.20918430987649,38.68084747076115,-1.4716631608846598,25.9749755859375,22.76749267578125,26.848196847098215,11.949951171875,1.47509765625,1475.0250244140625,1.0250244140625,1
2024-02-20,1475.0250244140625,1475.5,1461.800048828125,1471.0250244140625,7117496,1470.8800048828125,1461.0575073242187,-0.20183009402561058,-0.20183009402561236,0.7154766849727823,0.02890308956762233,0.40441259483028347,1461.8424956267124,1432.102850672848,29.7396449538644,63.17117354489622,35.951181791524505,38.13491433491382,-2.1837325433893184,13.699951171875,21.9349853515625,25.558907645089285,-4.0,1.0250244140625,1474.0,2.9749755859375,1
2024-02-21,1474.0,1488.5250244140625,1457.550048828125,1467.699951171875,12720292,1474.1800048828125,1464.8650024414062,-0.22603784347665604,-0.22603784347665634,-0.4274117251102494,0.4878215934268404,-0.9231321460214326,1463.013986735745,1435.3389507182142,27.67503601753083,61.943530766780924,34.29061919752394,37.36605530743584,-3.075436109911905,30.9749755859375,23.00748291015625,25.964268275669642,-6.300048828125,2.9749755859375,1468.1500244140625,0.4500732421875,1
2024-02-22,1468.1500244140625,1484.949951171875,1458.0,1481.75,18493728,1471.1400146484375,1466.6800048828125,0.9572834568064702,0.9572834568064792,0.7290817904480829,0.5257801899593018,0.7581956071786244,1466.761189388596,1439.5581370165582,27.203052372037746,57.76558523945833,33.71963394694649,36.63677103533797,-2.9171370883914847,26.949951171875,22.50748291015625,24.442836216517858,13.5999755859375,0.4500732421875,1489.5,7.75,1
2024-02-23,1489.5,1497.550048828125,1483.3499755859375,1493.625,14438584,1473.74501953125,1470.2300048828124,0.8014172431246837,0.8014172431246802,1.7663725346195758,1.536342020757897,2.2628108746906683,1472.133951510877,1444.4733063786894,27.66064513218771,68.43968030954946,33.83530494496176,36.076477817262735,-2.2411728723009716,14.2000732421875,21.82498779296875,22.787484305245535,4.125,7.75,1493.550048828125,-0.074951171875,0
2024-02-26,1493.550048828125,1494.5250244140625,1482.5,1487.324951171875,7513106,1480.04501953125,1473.510009765625,-0.42179588773119087,-0.42179588773119114,0.37624101041842106,1.3371261601753615,0.9039994010769936,1475.172151443077,1448.368910450797,26.803240992279825,70.79468331343199,33.037774852331495,35.46873722427649,-2.430962371944993,12.0250244140625,21.16248779296875,22.073198590959823,-6.22509765625,-0.074951171875,1483.0250244140625,-4.2999267578125,0
2024-02-27,1483.0250244140625,1499.949951171875,1478.050048828125,1485.6500244140625,10826044,1481.64501953125,1476.2625122070312,-0.11261337050069739,-0.11261337050070264,-0.5339342596660801,0.263203942234691,0.9942047046973546,1477.267726037274,1451.7581026292755,25.50962340799856,66.67302269166683,31.902818088510003,34.755553397123194,-2.852735308613191,21.89990234375,20.85247802734375,22.087480817522323,2.625,-4.2999267578125,1483.0,-2.6500244140625,0
2024-02-28,1483.0,1491.2750244140625,1450.175048828125,1455.625,8647950,1483.44501953125,1478.8125122070312,-2.0210025188068306,-2.021002518806836,-2.1313399702531988,-2.54414595363629,-0.8227125143823733,1472.9391808298194,1452.1096387538869,20.829542075932522,51.80327104591794,28.25488342754511,33.45541940320758,-5.2005359756624685,41.0999755859375,22.34747314453125,22.741053989955358,-27.375,-2.6500244140625,1465.0,9.375,1
2024-02-29,1465.0,1478.9749755859375,1454.5250244140625,1460.800048828125,23628976,1482.8150146484375,1476.9775146484376,0.35552074388149424,0.3555207438814989,-1.672666858114058,-1.7833965820885922,-1.4138654409903806,1470.5113544294807,1452.899676033363,17.611678396117668,50.017012826819744,25.487646395385582,31.86186480164318,-6.374218406257597,24.449951171875,22.97247314453125,22.926766531808035,-4.199951171875,9.375,1463.5,2.699951171875,1
2024-03-01,1463.5,1500.0,1462.5,1492.125,12132926,1477.6150146484374,1475.6800170898437,2.144369532093344,2.1443695320933376,2.507513954486895,0.43583451550046615,-0.10042681395933117,1474.8340835435845,1456.4656145757845,18.368468967800027,61.700237011601395,25.527982188511032,30.595088279016753,-5.067106090505721,37.5,24.87747802734375,24.394618443080358,28.625,2.699951171875,1490.4749755859375,-1.6500244140625,0
2024-03-04,1490.4749755859375,1512.449951171875,1487.2249755859375,1507.4000244140625,10024420,1477.0,1478.522509765625,1.0237094354737373,1.0237094354737408,3.190031080798539,3.556893046908538,1.3497435934474389,1481.34727171768,1461.0960154701734,20.251256247506717,62.26086131234694,26.487187595773776,29.773508142368158,-3.286320546594382,25.2249755859375,24.80247802734375,24.292829241071427,16.925048828125,-1.6500244140625,1505.7750244140625,-1.625,0
2024-03-05,1505.7750244140625,1507.4000244140625,1486.050048828125,1500.199951171875,7107668,1481.55,1481.597509765625,-0.4776484758905468,-0.4776484758905464,0.5411712270670943,2.697145470070139,0.9793643535630725,1485.1178076085191,1464.6509187157826,20.466888892736506,55.759492676209156,26.36248869501287,29.091304252897103,-2.728815557884232,21.3499755859375,25.56748046875,23.949968610491073,-5.5750732421875,-1.625,1493.449951171875,-6.75,0
2024-03-06,1493.449951171875,1509.0,1478.5,1503.0,7805676,1483.639990234375,1483.5425048828124,0.18664504194509227,0.18664504194509934,-0.29189494114363335,0.7288263382759563,3.2546157148990895,1488.6942460868154,1468.1371988325295,20.557047254285862,60.42133848343949,26.18772862292826,28.510589126903334,-2.322860503975072,30.5,25.51998291015625,24.828543526785715,9.550048828125,-6.75,1502.9749755859375,-0.0250244140625,0
2024-03-07,1502.9749755859375,1503.0999755859375,1475.550048828125,1478.925048828125,8315726,1491.2349853515625,1487.025,-1.6017931584747174,-1.601793158474718,-1.4181377840421283,-1.889012546421176,1.2407584470263577,1486.7404066350775,1469.1179124684927,17.62249416658483,55.412995784651244,23.83186375931723,27.574844053386116,-3.742980294068886,27.5499267578125,25.57998046875,25.478541782924108,-24.0499267578125,-0.0250244140625,1489.0,10.074951171875,1
2024-03-11,1489.0,1489.0,1463.5,1466.5999755859375,11277130,1496.3349853515624,1486.975,-0.833380518637755,-0.8333805186377496,-2.4218246449808745,-2.2396998186602457,-1.7106492025844022,1482.7123204252496,1468.889009115533,13.823311309716473,47.802842637256454,20.73131577267418,26.20613839724373,-5.474822624569551,25.5,26.70997314453125,25.444614955357142,-22.4000244140625,10.074951171875,1466.5999755859375,0.0,0
2024-03-12,1466.5999755859375,1488.0,1465.0250244140625,1475.425048828125,9432678,1491.5599853515625,1484.2799926757812,0.6017369009338555,0.601736900933858,-0.23665837580973959,-1.8346607566117723,-2.121200415819713,1481.2548661058247,1469.4831945439505,11.7716715618742,51.262554035387495,18.76985164550524,24.718881046896033,-5.949029401390792,22.9749755859375,27.80496826171875,26.10711669921875,8.8250732421875,0.0,1479.7750244140625,4.3499755859375,1
2024-03-13,1479.7750244140625,1483.0999755859375,1427.7750244140625,1432.175048828125,13522134,1486.3599853515625,1483.9549926757813,-2.9313586640237577,-2.9313586640237532,-2.347260829870057,-3.161079734030059,-4.534389051980215,1471.4389026502847,1466.091544933421,5.347357716863826,41.70657979985214,13.56904810831611,22.48891445918005,-8.919866350863941,55.324951171875,31.14747314453125,27.846400669642858,-47.5999755859375,4.3499755859375,1439.699951171875,7.52490234375,1
2024-03-14,1439.699951171875,1448.5250244140625,1425.5,1431.4749755859375,18571102,1475.6099853515625,1479.6249877929688,-0.04888182088916671,-0.04888182088916837,-2.9788075834211614,-2.39499526692456,-4.758817326284925,1463.4461172374154,1462.9445840836497,0.5015331537656493,37.48289419768754,9.283865156915681,19.847904598727176,-10.564039441811495,23.0250244140625,29.33997802734375,27.566048758370535,-8.2249755859375,7.52490234375,1425.949951171875,-5.5250244140625,0
2024-03-15,1425.949951171875,1433.2249755859375,1412.9000244140625,1418.2249755859375,19223818,1460.20498046875,1475.7199829101562,-0.9256186958194259,-0.9256186958194301,-0.9740480574355836,-3.876853879335951,-4.104337355722332,1454.4018889071199,1458.8791651293122,-4.4772762221923585,31.355115024190397,4.76374899662278,16.831073478306298,-12.067324481683517,20.324951171875,28.92747802734375,27.889256068638392,-7.7249755859375,-5.5250244140625,1420.0,1.7750244140625,1
2024-03-18,1420.0,1441.7249755859375,1416.5250244140625,1439.4749755859375,9169392,1446.40498046875,1471.3699829101563,1.4983518387991013,1.4983518387990946,0.5588641182306064,0.5097091143841492,-1.8495159178741338,1451.4165062428835,1457.1151478980964,-5.698641655212896,38.9822870541541,2.863216403839033,14.037502063412845,-11.174285659573812,25.199951171875,27.69747314453125,28.830322265625,19.4749755859375,1.7750244140625,1428.75,-10.7249755859375,0
2024-03-19,1428.75,1437.5999755859375,1417.25,1425.25,8275764,1438.8349853515624,1465.1974853515626,-0.9882058269298659,-0.9882058269298666,0.4953392116903155,-0.4348644364802423,-3.4007182450899287,1446.1832049943068,1454.2183162709966,-8.035111276689804,36.85242680094322,0.20681000772196967,11.27136365227467,-11.064553644552701,20.3499755859375,27.20997314453125,28.853541782924108,-3.5,-10.7249755859375,1427.949951171875,2.699951171875,1
2024-03-20,1427.949951171875,1445.0,1424.0250244140625,1443.75,8488806,1428.469970703125,1457.4149780273438,1.2980178915979654,1.2980178915979579,0.2969849762287424,1.7997866948801233,0.8082078501050693,1445.6965639954456,1453.2666511554514,-7.570087160005869,47.27856140894513,-0.40099340812685114,8.936892240194366,-9.337885648321217,20.9749755859375,27.17247314453125,27.416041782924108,15.800048828125,2.699951171875,1452.5250244140625,8.7750244140625,1
2024-03-21,1452.5250244140625,1457.9000244140625,1444.675048828125,1450.9749755859375,13006936,1431.0349853515625,1453.3224853515626,0.5004312094155844,0.500431209415586,1.8049447876469005,0.7989023911526338,1.362231288187088,1446.752246313544,1453.0583170127684,-6.306070699224392,47.769309384775916,-0.29627161131679713,7.090259469892134,-7.386531081208931,13.2249755859375,25.444970703125,26.680332728794642,-1.550048828125,8.7750244140625,1449.9749755859375,-1.0,0
2024-03-22,1449.9749755859375,1460.0,1447.3499755859375,1455.0250244140625,19527608,1435.839990234375,1448.0224853515624,0.27912602879243287,0.2791260287924313,0.7809540719696972,2.0891088871469954,2.5947962743302577,1448.4068019336478,1453.2371085947043,-4.830306661056511,40.38612960131919,0.11223251334263296,5.694654078582234,-5.582421565239601,12.6500244140625,23.95498046875,24.783909388950892,5.050048828125,-1.0,1445.0,-10.0250244140625,0
2024-03-26,1445.0,1452.4000244140625,1439.0,1441.574951171875,11415906,1440.839990234375,1443.6224853515625,-0.9243877607949619,-0.9243877607949647,-0.6478419388498802,-0.15065273268398682,0.14588482756241472,1447.0404317812934,1452.176912465356,-5.13648068406269,32.77960593994922,-0.6419337161539715,4.427336519634993,-5.069270235788965,13.4000244140625,22.74498291015625,24.12677001953125,-3.425048828125,-10.0250244140625,1448.0,6.425048828125,1
2024-03-27,1448.0,1500.0,1447.0,1492.8499755859375,16326644,1444.689990234375,1441.7624877929688,3.556875372479271,3.5568753724792623,2.5996082910743734,2.8859905032538435,4.743025826061209,1456.2023405422224,1455.874463658136,0.3278768840864359,48.437504415337195,2.8648261281389296,4.1148344413357805,-1.250008313196851,53.0,25.7474853515625,26.774989536830358,44.8499755859375,6.425048828125,1492.875,0.0250244140625,1
2024-03-28,1492.875,1505.949951171875,1478.6500244140625,1485.8499755859375,21854364,1457.675,1443.0724853515626,-0.46890177274863326,-0.4689017727486311,3.0712953480546146,2.118516908964385,2.9160156249999902,1462.1318675509654,1458.599510197027,3.5323573539383233,46.418124859534196,5.021235394999167,4.296114632068458,0.7251207629307084,27.2999267578125,22.94498291015625,26.546412876674108,-7.0250244140625,0.0250244140625,1492.4749755859375,6.625,1
2024-04-01,1492.4749755859375,1493.9749755859375,1482.5,1484.7750244140625,5013880,1465.664990234375,1448.3499877929687,-0.07234587539371856,-0.07234587539372006,-0.5409084170501233,2.9967275171554286,2.3294715206563676,1466.6604989235848,1460.9791023985758,5.6813965250089495,51.35165294538354,6.567756688429654,4.750443043340698,1.817313645088956,11.4749755859375,21.78997802734375,25.398202078683035,-7.699951171875,6.625,1484.0,-0.7750244140625,0
2024-04-02,1484.0,1494.0,1475.0,1486.949951171875,8910166,1472.4699951171874,1454.1549926757812,0.14648190615078485,0.14648190615078605,0.0740300571397734,-0.3952188438591575,2.1941153053823603,1470.7183893732429,1463.3400886506938,7.3783007225490564,54.933320766149706,7.878070871217005,5.37596860891596,2.5021022623010456,19.0,21.65748291015625,24.933916364397323,2.949951171875,-0.7750244140625,1482.074951171875,-4.875,0
2024-04-03,1482.074951171875,1484.449951171875,1468.9000244140625,1471.5999755859375,7008292,1479.8849853515626,1460.3624877929688,-1.0323128612257653,-1.0323128612257704,-0.887343106631544,-0.9590470258870276,2.0827931554758816,1470.8947066157818,1464.0909874629888,6.8037191527930645,49.10114286179946,7.590392239808125,5.818853335094393,1.771538904713732,15.5499267578125,20.69248046875,24.582127162388392,-10.4749755859375,-4.875,1479.75,8.1500244140625,1
2024-04-04,1479.75,1479.75,1450.0,1462.925048828125,14490272,1486.2349853515625,1465.4624877929687,-0.5894894605688248,-0.5894894605688261,-1.6157169462775678,-1.4716017731076891,-2.0045501723016113,1469.3007750582506,1463.9849930416374,5.315782016613184,58.62794388605561,6.586485852869373,5.972379838649389,0.6141060142199839,29.75,21.63248291015625,22.755344935825892,-16.824951171875,8.1500244140625,1460.875,-2.050048828125,0
2024-04-05,1460.875,1470.800048828125,1456.0,1460.0999755859375,7442298,1479.8349853515624,1468.7549926757813,-0.19311127692088687,-0.1931112769208876,-0.7814623668650933,-1.805708091572067,-1.7330148011642676,1467.4606151637881,1463.6318096365737,3.8288055272143993,57.93705574065033,5.4995278739497735,5.877809445709467,-0.37828157175969324,14.800048828125,21.014990234375,22.1678466796875,-0.7750244140625,-2.050048828125,1462.9749755859375,2.875,1
2024-04-08,1462.9749755859375,1490.9749755859375,1461.0,1485.9749755859375,8357118,1473.9349853515625,1469.7999877929688,1.7721389242278685,1.772138924227873,1.575605447201589,0.9768279585813611,0.08081703639570836,1471.1634872482182,1465.6630065410613,5.500480707156839,67.55636129284864,6.649352501588737,6.032118056885321,0.6172344447034162,29.9749755859375,22.689990234375,22.921421595982142,23.0,2.875,1489.0,3.0250244140625,1
2024-04-09,1489.0,1489.800048828125,1462.5,1463.6500244140625,7071414,1474.9349853515625,1473.702490234375,-1.5023773306190442,-1.5023773306190424,0.24313738014414277,0.0495565775237905,-1.5669610627748187,1469.660794681387,1465.4800081658796,4.180786515507407,56.22987894639639,5.6935283699131105,5.96440011949088,-0.27087174957776927,27.300048828125,24.15499267578125,23.071428571428573,-25.3499755859375,3.0250244140625,1466.3499755859375,2.699951171875,1
2024-04-10,1466.3499755859375,1487.0,1466.3499755859375,1479.574951171875,9138330,1471.789990234375,1475.8374877929687,1.0880283190776883,1.088028319077683,-0.43069530235789744,1.3338111027720645,0.5419255040937543,1471.6436259794846,1466.76136662097,4.882259358514602,63.87788324024237,6.150144322984943,6.001548960189693,0.1485953627952501,20.6500244140625,24.87999267578125,23.151785714285715,13.2249755859375,2.699951171875,1475.875,-3.699951171875,0
2024-04-12,1475.875,1486.4749755859375,1463.074951171875,1467.1500244140625,15551012,1471.014990234375,1478.6249877929688,-0.839763254167795,-0.8397632541677913,0.23912820289133663,-1.266841735639057,0.28880328416838186,1470.7449056664002,1466.7966991476148,3.948206518785355,56.169268599449225,5.446642501287442,5.890567668409243,-0.44392516712180097,23.4000244140625,21.9199951171875,23.325003487723215,-8.7249755859375,-3.699951171875,1461.0,-6.1500244140625,0
2024-04-15,1461.0,1482.125,1446.324951171875,1464.824951171875,12902062,1471.039990234375,1475.4374877929688,-0.15847549354170973,-0.15847549354170987,-0.996907928747881,0.08027374974990398,0.323606305386126,1469.5609147674954,1466.6174493316385,2.9434654358569787,53.74830032139032,4.6479199321897795,5.642038121165351,-0.9941181889755715,35.800048828125,22.77000732421875,24.871433803013392,3.824951171875,-6.1500244140625,1453.3499755859375,-11.4749755859375,0
2024-04-16,1453.3499755859375,1471.175048828125,1450.925048828125,1465.75,9366184,1469.114990234375,1471.5249877929687,0.06315081043540058,0.06315081043539728,-0.09542476166481961,-0.9343866737487772,-1.3610576165969834,1468.7987318139965,1466.5385903014894,2.2601415125070616,52.952503225738866,4.0429654619815665,5.322223589328594,-1.2792581273470276,20.25,23.647509765625,25.414289202008927,12.4000244140625,-11.4749755859375,1463.5,-2.25,0
2024-04-18,1463.5,1486.0,1459.3499755859375,1464.324951171875,19005692,1464.014990234375,1469.4749877929687,-0.09722318458980045,-0.09722318458980084,-0.034133771383404454,-0.19255517126244293,0.04611257790827494,1467.9039756855723,1466.3373503806154,1.566625304956915,56.70695865900487,3.4092454951930904,4.939627970501493,-1.5303824753084028,26.6500244140625,24.41251220703125,26.1732177734375,0.824951171875,-2.25,1456.7750244140625,-7.5499267578125,0
2024-04-19,1456.7750244140625,1474.0,1443.0250244140625,1470.125,15741778,1462.1,1466.9449951171875,0.3960902819748661,0.3960902819748702,0.29848200579907225,0.3618213100401446,-0.6386936440354263,1468.348180548458,1466.6816821641958,1.6664983842622405,40.84591767507422,3.3365714049937196,4.619016657399939,-1.2824452524062195,30.9749755859375,25.95501708984375,24.212498256138392,13.3499755859375,-7.5499267578125,1472.449951171875,2.324951171875,1
2024-04-22,1472.449951171875,1482.824951171875,1467.800048828125,1479.8499755859375,10350362,1461.414990234375,1466.214990234375,0.6615067144588045,0.6615067144588149,1.0602171602442478,0.9619631987676902,0.8656204860131522,1470.648539555954,1467.8787997479906,2.769739807963333,47.634993982449,4.0173909377044765,4.498691513460846,-0.48130057575636975,15.02490234375,24.48250732421875,23.335710797991073,7.4000244140625,2.324951171875,1479.0,-0.8499755859375,0
2024-04-23,1479.0,1493.5,1455.550048828125,1459.324951171875,14605554,1465.014990234375,1468.027490234375,-1.3869665677384453,-1.3869665677384457,-0.7346347302525258,-0.3414542650522101,-0.3754714852173935,1468.3838218791382,1467.1011771501617,1.2826447289764928,41.30208559540088,2.8676904367096085,4.172491298110598,-1.3048008614009898,37.949951171875,26.79749755859375,25.226780482700892,-19.675048828125,-0.8499755859375,1463.5,4.175048828125,1
2024-04-24,1463.5,1468.550048828125,1449.5,1450.175048828125,10462776,1467.0449951171875,1468.0799926757813,-0.6269955390266161,-0.6269955390266202,-2.005265888257546,-1.357024142292318,-1.062592609372337,1464.7420672689357,1465.5624382117949,-0.8203709428591992,38.00360906370524,1.2043409633608917,3.5788612311606576,-2.374520267799766,19.050048828125,25.7050048828125,25.230355398995535,-13.324951171875,4.175048828125,1442.5,-7.675048828125,0
2024-04-25,1442.5,1467.9749755859375,1441.5,1459.9749755859375,15943926,1462.8449951171874,1463.4299926757812,0.6757754359193907,0.6757754359193902,0.04454281505572588,-1.3430415466358703,-0.2970635433382607,1463.7886489323362,1465.0544870639897,-1.2658381316534815,46.06531581462735,0.6691827872764406,2.9969255423838144,-2.3277427551073737,26.4749755859375,25.62249755859375,25.832144601004465,17.4749755859375,-7.675048828125,1463.949951171875,3.9749755859375,1
2024-04-26,1463.949951171875,1465.0,1450.0,1452.550048828125,9413848,1464.27998046875,1463.189990234375,-0.5085653440623271,-0.5085653440623283,0.16377333218628998,-0.4642490583272485,-1.1954732537624357,1461.540928911494,1463.9177199516382,-2.376791040144326,46.45843202456105,-0.3500285483105472,2.327534724244942,-2.677563272555489,15.0,25.0574951171875,24.778573172433035,-11.39990234375,3.9749755859375,1450.0,-2.550048828125,0
2024-04-29,1450.0,1467.9000244140625,1450.0,1465.0250244140625,7247974,1459.789990234375,1460.602490234375,0.8588327538869965,0.8588327538870066,0.3458996840749462,1.024012625092241,-1.0017874390277348,1462.2377480120076,1464.0183839936767,-1.7806359816690929,51.5772752883995,-0.14941227106533006,1.8321453251828874,-1.9815575962482175,17.9000244140625,24.5074951171875,25.0,15.0250244140625,-2.550048828125,1468.0,2.9749755859375,1
2024-04-30,1468.0,1483.074951171875,1462.875,1467.0,11474262,1457.589990234375,1461.302490234375,0.134808317470713,0.13480831747070265,0.9947988493431037,0.48117430308989295,0.5259314467255471,1463.1901984096062,1464.2894399942516,-1.0992415846453696,42.82472069731249,0.167016337860332,1.4991195277183764,-1.3321031898580444,20.199951171875,22.9474853515625,24.237496512276785,-1.0,2.9749755859375,1472.0,5.0,1
2024-05-02,1472.0,1477.324951171875,1464.125,1466.550048828125,14512646,1459.289990234375,1463.1674926757812,-0.03067151819188821,-0.030671518191893732,0.10409545152121336,0.9638222112411832,1.1291740271791584,1463.86216849331,1464.49494988824,-0.632781394929907,51.31400865600532,0.3771336292866181,1.2747223480320247,-0.8975887187454066,13.199951171875,22.24248046875,23.2303466796875,-5.449951171875,5.0,1471.0,4.449951171875,1
2024-05-03,1471.0,1474.949951171875,1416.1500244140625,1434.0,17226958,1464.989990234375,1463.9174926757812,-2.2194979880935355,-2.219497988093533,-2.249488752556239,-2.1177129330245403,-1.7791384112945452,1457.8897347946481,1461.7226817165815,-3.8329469219333987,32.05354883860511,-2.059127472030468,0.607952384019526,-2.667079856049994,58.7999267578125,25.457470703125,25.762486049107142,-37.0,4.449951171875,1435.5,1.5,1
2024-05-06,1435.5,1440.0,1418.0,1419.5250244140625,7394208,1459.3,1461.789990234375,-1.009412523426604,-1.0094125234266005,-3.206506620871119,-3.236194654801461,-2.2735894326468165,1450.2167927185312,1457.886531052716,-7.669738334184785,31.54425697393333,-5.099112114140098,-0.5334605156123988,-4.565651598527699,22.0,24.55997314453125,25.662484305245535,-15.9749755859375,1.5,1415.9749755859375,-3.550048828125,0
2024-05-07,1415.9749755859375,1420.75,1392.0,1401.4749755859375,14517472,1452.4949951171875,1456.1424926757813,-1.2715555215784604,-1.2715555215784602,-2.268132804327927,-4.437289630462116,-4.337813195617047,1440.4684292920124,1452.7582078284634,-12.289778536450967,28.117431128477165,-8.862646858616017,-2.1992977842131225,-6.663349074402895,28.75,25.93248291015625,25.158909388950892,-14.5,-3.550048828125,1397.5,-3.9749755859375,0
2024-05-08,1397.5,1432.949951171875,1397.5,1418.550048828125,9439002,1438.3949951171876,1447.9924926757812,1.2183644759727976,1.2183644759727885,-0.06868322637284541,-1.0774024527109516,-3.302655158273693,1436.084753199235,1449.6483751920691,-13.563621992834214,35.3325078581657,-10.348172261793025,-3.8290726797291033,-6.519099582063921,35.449951171875,25.68248291015625,26.244620186941965,21.050048828125,-3.9749755859375,1413.0,-5.550048828125,0
2024-05-09,1413.0,1423.75,1390.0,1394.125,11009612,1426.5949951171874,1442.9424926757813,-1.7218320106719336,-1.721832010671931,-0.5244457242530864,-1.7893326272671262,-4.938464178975521,1427.692802559388,1444.6007956291537,-16.90799306976578,30.913540754239506,-13.342554495451168,-5.731769042873516,-7.610785452577652,33.75,27.15247802734375,26.751761300223215,-18.875,-5.550048828125,1396.75,2.625,1
2024-05-10,1396.75,1410.0,1388.074951171875,1407.425048828125,10505096,1411.7449951171875,1438.3674926757812,0.954006909575899,0.9540069095758996,-0.7842514974491399,0.4245579368764574,-1.8532044052911423,1423.6392518131356,1441.2211822836057,-17.58193047047007,33.620691594434334,-14.475556002820667,-7.480526434862947,-6.995029567957721,21.925048828125,26.6974853515625,26.105337960379465,10.675048828125,2.625,1399.9000244140625,-7.5250244140625,0
2024-05-13,1399.9000244140625,1406.9749755859375,1384.0,1402.699951171875,8456620,1404.625,1431.9625,-0.3357264147163143,-0.3357264147163197,0.6150776416659287,-1.117344972730705,-1.1852607705265639,1419.4513916848834,1437.719252182539,-18.267860497655647,29.305251471385404,-15.575202512480018,-9.099461650386361,-6.475740862093657,22.9749755859375,27.49498291015625,26.705348423549108,2.7999267578125,-7.5250244140625,1400.9749755859375,-1.7249755859375,0
2024-05-14,1400.9749755859375,1427.074951171875,1400.0250244140625,1420.074951171875,7188300,1401.625,1427.0599975585938,1.2386825839328068,1.2386825839328042,0.8987975845877294,1.8613790852237022,1.3271714379460287,1419.5761035822818,1436.1152248179333,-16.539121235651464,39.29058362855023,-14.873213851814398,-10.25421209067197,-4.619001761142428,27.0499267578125,28.40997314453125,25.926775251116073,19.0999755859375,-1.7249755859375,1420.5,0.425048828125,1
2024-05-15,1420.5,1429.9749755859375,1413.0250244140625,1416.2750244140625,5046534,1406.225,1422.3099975585938,-0.267586352021541,-0.2675863520215427,0.9677816863717936,0.6288061728975336,-0.16037674637859878,1418.915887748638,1434.3115702357632,-15.395682487125214,40.472166640245426,-14.456855481809725,-11.094740768899522,-3.362114712910204,16.949951171875,28.08497314453125,25.776768275669642,-4.2249755859375,0.425048828125,1418.550048828125,2.2750244140625,1
2024-05-16,1418.550048828125,1427.5,1398.0250244140625,1425.3499755859375,14711774,1407.335009765625,1416.9650024414063,0.6407619293879354,0.6407619293879341,0.3714609858944007,1.6147447923655855,2.2397543682193044,1420.202705316098,1433.4968798130517,-13.294174496953701,40.228587068827736,-13.241970563032055,-11.524186727726029,-1.717783835306026,29.4749755859375,29.7124755859375,25.991053989955358,6.7999267578125,2.2750244140625,1423.050048828125,-2.2999267578125,0
2024-05-17,1423.050048828125,1437.199951171875,1413.25,1435.699951171875,10916476,1412.59501953125,1412.1700073242187,0.726135739517784,0.7261357395177859,1.3715504702802361,1.1002940363891378,2.008981037199309,1423.3021544872536,1433.6971590274902,-10.395004540236641,45.32201521107018,-11.313592923937449,-11.482067966968312,0.16847504303086325,23.949951171875,26.22747802734375,26.630336216517858,12.64990234375,-2.2999267578125,1425.5999755859375,-10.0999755859375,0
2024-05-21,1425.5999755859375,1441.824951171875,1425.5999755859375,1436.125,11176128,1417.735009765625,1411.1800048828125,0.029605686604506628,0.0296056866045058,0.7559564035936495,1.4015622138185968,2.3829079626188188,1425.8667235898029,1433.9178718431729,-8.051148253370002,41.40136667164976,-9.639918879395054,-11.11363814945366,1.4737192700586057,16.2249755859375,25.6499755859375,26.510689871651785,10.5250244140625,-10.0999755859375,1436.2750244140625,0.1500244140625,1
2024-05-22,1436.2750244140625,1468.7750244140625,1436.2750244140625,1460.6500244140625,10281604,1424.79501953125,1413.210009765625,1.7077221282313517,1.7077221282313593,1.7378333976972193,2.4765881666089617,2.857248711323601,1432.8233837546547,1436.3480675314354,-3.5246837767806483,48.334212539569265,-6.262366966687296,-10.143383912900386,3.881016946213091,32.5,26.0249755859375,27.399980817522323,24.375,0.1500244140625,1458.550048828125,-2.0999755859375,0
2024-05-23,1458.550048828125,1492.2249755859375,1455.0,1486.050048828125,14608260,1432.405029296875,1419.3150146484375,1.7389534788972931,1.7389534788972982,3.4763721004874126,3.507006990921213,4.926657832078174,1443.468716769349,1440.866429467498,2.6022873018509927,54.523302767280924,-1.5185580565585042,-8.418418741632012,6.899860685073508,37.2249755859375,26.20247802734375,29.116053989955358,27.5,-2.0999755859375,1483.625,-2.425048828125,0
2024-05-24,1483.625,1488.5,1476.0999755859375,1480.25,7094776,1445.42001953125,1426.3775146484375,-0.3902996963459491,-0.39029969634595263,1.3418666524036116,3.07250413438942,3.851687329737663,1450.8249734154792,1444.4467540613616,6.378219354117618,62.248387394744874,1.752724893083041,-6.384190014689001,8.136914907772042,12.4000244140625,24.06748046875,25.801775251116073,-3.375,-2.425048828125,1480.2249755859375,-0.0250244140625,0
2024-05-27,1480.2249755859375,1484.9000244140625,1461.550048828125,1466.25,6629010,1456.8550048828124,1434.7250122070313,-0.9457861847660868,-0.9457861847660842,-1.3323944805048171,0.38338927822110236,2.1278853428384314,1453.9099787323835,1446.4288673285105,7.481111403873001,62.40538414106352,3.17891267535947,-4.471569476679307,7.650482152038777,23.3499755859375,24.20997314453125,25.898202078683035,-13.9749755859375,-0.0250244140625,1468.0,1.75,1
2024-05-28,1468.0,1478.5,1452.75,1456.199951171875,7820162,1465.335009765625,1441.535009765625,-0.6854253250213129,-0.685425325021316,-1.6247288517564629,-2.0086872363275554,1.3978554214901129,1454.3679732202818,1447.3171476779073,7.050825542374469,65.17395286793122,3.4583560435562504,-2.885584372632196,6.343940416188446,25.75,24.4874755859375,25.683916364397323,-11.800048828125,1.75,1446.5,-9.699951171875,0
2024-05-29,1446.5,1458.0,1438.449951171875,1440.7750244140625,7383556,1467.3800048828125,1446.0875122070313,-1.059258843224058,-1.0592588432240535,-1.737423739876387,-2.6667776109398744,-1.3606955579912317,1451.649383459038,1446.722409199376,4.9269742596620745,56.219375566498115,2.407403202704927,-1.8269868575647714,4.234390060269698,19.550048828125,23.73748779296875,24.548209054129465,-5.7249755859375,-9.699951171875,1435.5,-5.2750244140625,0
2024-05-30,1435.5,1440.4000244140625,1420.0999755859375,1424.8499755859375,13206858,1462.7699951171876,1447.5875122070313,-1.1053112774911844,-1.1053112774911833,-2.152862013263268,-2.823531076832908,-4.118304985114662,1446.2895018844179,1444.734006143609,1.555495740808965,59.027450625152696,0.28619804249842673,-1.404349877552132,1.6905479200505587,20.300048828125,24.07249755859375,23.614283970424108,-10.6500244140625,-5.2750244140625,1431.300048828125,6.4500732421875,1
2024-05-31,1431.300048828125,1442.25,1422.25,1430.4000244140625,31069832,1452.3050048828125,1448.8625122070312,0.38951811932639907,0.389518119326393,-0.7200985458655662,-1.7717296815626171,-3.367672730007598,1443.1116063903469,1443.4309168954683,-0.31931050512139336,57.07247512148546,-0.9362374106049174,-1.3107273841626892,0.3744899735577718,20.0,23.125,23.476780482700892,-0.9000244140625,6.4500732421875,1483.0,52.5999755859375,1
2024-06-03,1483.0,1514.5,1459.0,1510.324951171875,21527942,1452.860009765625,1454.8575073242187,5.587592658952331,5.587592658952323,5.998875464119502,4.827257939600749,3.0059642742966686,1456.5542753466525,1449.512192738778,7.04208260787459,72.64597152217317,4.492461020328619,-0.1500897032644275,4.642550723593047,55.5,26.2800048828125,27.810703822544642,27.324951171875,52.5999755859375,1498.050048828125,-12.27490234375,0
2024-06-04,1498.050048828125,1498.050048828125,1359.300048828125,1397.2750244140625,36709098,1458.87001953125,1462.1025146484376,-7.485139318535129,-7.485139318535127,-2.3157857546576177,-1.9352880404503892,-4.046485972643577,1444.6984251601345,1444.763359254713,-0.06493409457834787,46.57966624506847,-0.3237091357773352,-0.18481358976700907,-0.1388955460103261,138.75,38.53250732421875,36.66605922154018,-100.7750244140625,-12.27490234375,1422.0,24.7249755859375,1
2024-06-05,1422.0,1431.1500244140625,1384.0999755859375,1420.75,17464890,1453.97001953125,1460.6750122070312,1.680054046323598,1.680054046323609,-5.930839658205533,-0.674638160609331,-1.3898786468905078,1439.9087401281079,1442.5803265951936,-2.6715864670857172,50.63389216204624,-2.220725204095743,-0.5919959126327559,-1.628729291462987,47.050048828125,39.98751220703125,38.816066196986604,-1.25,24.7249755859375,1435.0,14.25,1
2024-06-06,1435.0,1443.699951171875,1421.3499755859375,1431.5999755859375,17855722,1453.87001953125,1458.3200073242188,0.7636794359273271,0.7636794359273225,2.4565637095151693,-5.212452825125746,0.4737340853884886,1438.2469872196739,1441.5821128670793,-3.335125647405448,50.88090003570796,-2.816158826788069,-1.0368284954638185,-1.7793303313242503,22.3499755859375,38.50001220703125,38.34999302455357,-3.4000244140625,14.25,1428.5,-3.0999755859375,0
2024-06-07,1428.5,1472.0,1426.5,1469.949951171875,18558696,1453.310009765625,1452.8075073242187,2.6788192400074116,2.678819240007413,3.46295626759634,5.201189850816101,2.764955682520598,1444.5875800101142,1444.1610072584244,0.42657275168971864,54.47419787684188,-0.19131636105294092,-0.867726068581643,0.6764097075287021,45.5,41.810009765625,39.8892822265625,41.449951171875,-3.0999755859375,1469.949951171875,0.0,0
2024-06-10,1469.949951171875,1493.3499755859375,1468.074951171875,1471.4000244140625,9251760,1450.7,1451.7800048828126,0.09864779688801453,0.09864779688801839,2.780109633058303,3.5650201945495397,-2.5772550951773887,1449.950068890904,1446.6372815453005,3.3127873456035104,54.59579270186974,1.983039748071178,-0.2975729052510788,2.280612653322257,25.2750244140625,42.0025146484375,40.535714285714285,1.4500732421875,0.0,1469.0,-2.4000244140625,0
2024-06-11,1469.0,1473.675048828125,1454.675048828125,1456.675048828125,11774902,1444.889990234375,1451.8800048828125,-1.0007459114866635,-1.0007459114866668,-0.903085328392772,1.751541888083974,4.251133339978752,1451.2950648783483,1447.549805843739,3.745259034609262,49.468548740339756,2.489354433571634,0.25981256251346385,2.2295418710581703,19.0,41.3275146484375,39.56071254185268,-12.324951171875,-2.4000244140625,1457.5,0.824951171875,1
2024-06-12,1457.5,1476.0,1455.175048828125,1463.324951171875,10081742,1451.989990234375,1452.9800048828124,0.45651240811049487,0.45651240811048766,-0.5488020326357645,-0.4506956168622178,2.996653258622217,1453.7010421370537,1448.9839099644787,4.71713217257502,46.801306195821105,3.3881475572277395,0.885479561456319,2.5026679957714206,20.824951171875,41.4550048828125,38.3892822265625,5.824951171875,0.824951171875,1472.0,8.675048828125,1
2024-06-13,1472.0,1472.25,1460.0999755859375,1465.25,9181160,1459.389990234375,1456.6300048828125,0.1315530652698406,0.13155306526984045,0.5886660294465385,-0.417970933262124,2.3505186496171726,1456.010833709643,1450.4626454222534,5.548188287389621,47.865373608069895,4.207283984475907,1.5498404460602369,2.6574435384156705,12.1500244140625,40.64000244140625,38.371425083705354,-6.75,8.675048828125,1470.0,4.75,1
2024-06-14,1470.0,1479.675048828125,1457.2249755859375,1477.550048828125,8157998,1467.689990234375,1460.5,0.8394505257208668,0.8394505257208751,0.972107913888709,1.433058115246344,0.5170310492674357,1460.3186767333395,1452.925136640969,7.393540092370586,51.61590698294571,5.7823117586719945,2.3963347085825886,3.385977050089406,22.4500732421875,40.885009765625,38.30714634486607,7.550048828125,4.75,1487.3499755859375,9.7999267578125,1
2024-06-18,1487.3499755859375,1487.4000244140625,1471.3499755859375,1481.0250244140625,7196766,1471.1699951171875,1460.9349975585938,0.235184966403918,0.23518496640391184,1.0766097535616748,1.2095791319633342,0.6541389044650181,1464.4599462694841,1455.4796718930681,8.980274376415991,53.61802384251742,7.227618617006556,3.3625914902673824,3.8650271267391734,16.050048828125,36.9400146484375,37.614292689732146,-6.324951171875,9.7999267578125,1487.5,6.4749755859375,1
2024-06-19,1487.5,1487.5,1456.0,1458.6500244140625,8725874,1474.8699951171875,1459.8799926757813,-1.5107779835693333,-1.5107779835693336,-1.2791461398585113,-0.450433413133422,0.13558106782471935,1463.2979618984,1455.7678857586131,7.530076139786843,52.553387654044236,6.492715231177499,3.988616238449406,2.504098992728093,31.5,26.2150146484375,38.467860630580354,-28.8499755859375,6.4749755859375,1459.0,0.3499755859375,1
2024-06-20,1459.0,1482.8499755859375,1450.0999755859375,1473.699951171875,16113776,1475.1699951171875,1463.5799926757813,1.031770918720413,1.0317709187204205,-0.4945948327298222,-0.26057307901709015,0.7090017833490281,1465.378359753095,1457.398073523455,7.9802862296401145,56.99555926813472,7.043509126308663,4.599594816021257,2.443914310287406,32.75,24.785009765625,39.330357142857146,14.699951171875,0.3499755859375,1473.625,-0.074951171875,0
2024-06-21,1473.625,1474.699951171875,1440.574951171875,1454.199951171875,31170360,1475.4949951171875,1467.4424926757813,-1.3232001524118766,-1.3232001524118742,-0.30508162806051065,-1.8112505055611905,-0.7541408516038239,1463.142678036851,1457.1073351278567,6.03534290899438,53.27732435182843,5.8392193390031935,4.847519720617645,0.9916996183855487,34.125,25.96251220703125,40.339285714285715,-19.425048828125,-0.074951171875,1445.5250244140625,-8.6749267578125,0
2024-06-24,1445.5250244140625,1449.5,1437.5,1441.4749755859375,8878386,1470.6,1469.1449951171876,-0.8750499252652986,-0.8750499252653032,-2.1866714157323885,-1.1774619367674655,-2.441546617713519,1458.8091375466684,1455.6862115331367,3.1229260135316963,38.365995698815176,3.814045876692262,4.640824951832569,-0.8267790751403066,12.0,22.61251220703125,35.524998256138396,-4.050048828125,-8.6749267578125,1443.0,1.5250244140625,1
2024-06-25,1443.0,1455.925048828125,1441.0,1454.1500244140625,7045386,1461.7300048828124,1466.45,0.8793110558837685,0.8793110558837691,-0.0034332801188918793,-1.326588003363005,-1.8146216003765758,1457.8773149201472,1455.5465581586752,2.330756761472003,64.54417857926833,3.1950216075902063,4.351664282984096,-1.1566426753938899,14.925048828125,21.5775146484375,25.803580147879465,11.1500244140625,1.5250244140625,1446.050048828125,-8.0999755859375,0
2024-06-26,1446.050048828125,1518.9749755859375,1445.125,1514.0250244140625,22014882,1453.4400146484375,1464.1550048828126,4.117525633170217,4.117525633170227,5.033042547175293,4.11395098686238,3.796318450153535,1469.1068568189303,1460.8627823637103,8.244074455220016,70.10887878407715,7.449973857067334,4.971326197800744,2.4786476592665903,73.8499755859375,27.06251220703125,27.717860630580358,67.9749755859375,-8.0999755859375,1513.75,-0.2750244140625,0
2024-06-27,1513.75,1537.5,1506.0,1530.550048828125,28383030,1464.3900146484375,1469.7800048828126,1.0914630965533605,1.091463096553369,5.253930002500762,6.1794394457649116,3.8576439940194884,1481.3954952207691,1467.1979884059297,14.197506814839471,70.82282482727094,12.016961483197747,6.380453254880145,5.636508228317602,31.5,28.13001708984375,28.328578404017858,16.800048828125,-0.2750244140625,1531.0250244140625,0.4749755859375,1
2024-06-28,1531.0250244140625,1581.0,1531.0250244140625,1565.4000244140625,28957336,1475.87001953125,1475.6825073242187,2.2769575952528047,2.2769575952528154,3.3932728436825155,7.650517355994757,7.64682141218449,1498.196401059428,1476.125446224851,22.070954834576924,70.38660048875141,18.23819529419302,8.752001662742721,9.486193631450298,49.9749755859375,31.91251220703125,28.682146344866073,34.375,0.4749755859375,1562.5250244140625,-2.875,0
2024-07-01,1562.5250244140625,1579.4000244140625,1555.675048828125,1560.1500244140625,7724306,1499.27001953125,1484.935009765625,-0.33537753405651716,-0.3353775340565135,1.933943656961823,3.046515034839059,8.232889979923886,1510.587125730355,1483.764044242052,26.823081488302932,68.65279890888276,22.48573522822994,11.498748375840165,10.986986852389776,23.7249755859375,32.04000244140625,28.571428571428573,-2.375,-2.875,1569.5,9.3499755859375,1
2024-07-02,1569.5,1573.5,1557.0,1565.175048828125,7749246,1524.57001953125,1493.1500122070313,0.32208597477346596,0.32208597477345613,-0.014371763282783334,2.262258593014388,7.635046078467678,1521.5047103499091,1491.1650446589676,30.3396656909415,73.77300669574605,25.958188859400934,14.39063647255232,11.567552386848615,16.5,32.08499755859375,28.392857142857142,-4.324951171875,9.3499755859375,1566.324951171875,1.14990234375,1
2024-07-03,1566.324951171875,1575.0,1542.7750244140625,1552.425048828125,9049620,1548.625,1501.0325073242188,-0.8146053701498855,-0.8146053701498901,-0.49514312502342284,-0.8288600602771923,2.5362873000678077,1527.6887780455522,1496.734135947073,30.954642098479326,69.01409726074442,27.365858355510227,16.985680849143904,10.380177506366323,32.2249755859375,32.1574951171875,29.207144601004465,-13.89990234375,1.14990234375,1557.0,4.574951171875,1
2024-07-04,1557.0,1567.5,1550.800048828125,1554.0250244140625,6837176,1557.275,1510.8325073242188,0.10306298440271042,0.10306298440270201,-0.7123819423527578,-0.3925904499024302,1.5337607289556576,1532.9560273192542,1501.942398534981,31.013628784273124,68.9710469848009,28.28450506324316,19.245445691963756,9.039059371279404,16.699951171875,30.552490234375,29.532139369419642,-2.9749755859375,4.574951171875,1553.824951171875,-0.2000732421875,0
2024-07-05,1553.824951171875,1598.5,1548.0,1588.625,12269710,1561.8349853515624,1518.8525024414062,2.226474802037583,2.2264748020375924,2.3318324578182503,1.4982318552440699,1.483644769625636,1544.0898218554034,1509.822635031801,34.267186823602515,71.67105129845922,31.44202398284392,21.684761350139787,9.757262632704133,50.5,32.189990234375,31.53570556640625,34.800048828125,-0.2000732421875,1589.0,0.375,1
2024-07-08,1589.0,1608.800048828125,1582.5250244140625,1600.9000244140625,9500806,1567.12998046875,1533.2,0.7726823142064678,0.7726823142064632,3.0163606932696485,3.122532429023206,2.611928299350841,1555.4518623671354,1518.1023977029154,37.34946466422002,72.6115253702425,34.53675415535827,24.255159911183483,10.281594244174784,26.2750244140625,33.61749267578125,32.266060965401785,11.9000244140625,0.375,1597.5999755859375,-3.300048828125,0
2024-07-09,1597.5999755859375,1600.5,1580.5,1590.2750244140625,6960002,1572.7499755859376,1548.6599975585937,-0.6636891647177533,-0.6636891647177512,0.10386494069163366,2.3326522694618657,1.603652933563593,1562.416494776521,1524.6635455857468,37.75294919077419,75.97947381749279,35.72024071040096,26.54817607102698,9.172064639373978,20.0,34.12498779296875,31.47320556640625,-7.324951171875,-3.300048828125,1595.0,4.7249755859375,1
2024-07-10,1595.0,1597.5,1563.1500244140625,1584.2249755859375,7134578,1578.4849853515625,1563.5549926757812,-0.3804404103217393,-0.38044041032173626,-1.0416046332579754,-0.2769706138366468,2.048403353309536,1566.7781909384044,1530.0782210403095,36.69996989809488,72.6184326099318,35.75778051840007,28.3900969605016,7.3676835578984665,34.3499755859375,30.17498779296875,31.587489536830358,-10.7750244140625,4.7249755859375,1587.5,3.2750244140625,1
2024-07-11,1587.5,1604.25,1570.5,1580.6500244140625,11940946,1584.5849853515624,1570.9299926757812,-0.2256593114593953,-0.2256593114593919,-0.6052412225706849,-1.2649134668738404,1.7132928737771724,1569.552557633536,1534.6756577106505,34.876899922885514,77.68170708731414,35.094514684535625,29.73098050530841,5.363534179227216,33.75,30.39998779296875,31.560703822544642,-6.8499755859375,3.2750244140625,1584.5,3.8499755859375,1
2024-07-12,1584.5,1605.1500244140625,1574.5,1596.7249755859375,12924784,1590.7199951171874,1576.277490234375,1.016983577869104,1.0169835778691017,0.7890293482702315,0.4055871514583753,0.50987335500432,1574.9870412240166,1540.316504790222,34.670536433794496,83.49514058713282,35.45725676362895,30.87623575697252,4.581021006656428,30.6500244140625,28.46749267578125,32.557137625558035,12.2249755859375,3.8499755859375,1604.449951171875,7.7249755859375,1
2024-07-15,1604.449951171875,1605.8499755859375,1585.5,1597.2249755859375,5329688,1593.8099853515625,1580.4699829101562,0.03131409651912778,0.03131409651913053,1.048616133607383,0.8205905222010479,-0.229561419956259,1579.434628096401,1545.490002135287,33.94462596111384,82.57997492106655,35.37727113598248,31.776442832774514,3.600828303207969,20.3499755859375,28.12999267578125,32.944632393973215,-7.2249755859375,7.7249755859375,1593.5,-3.7249755859375,0
2024-07-16,1593.5,1600.0,1569.125,1576.25,9386838,1592.989990234375,1582.8699829101563,-1.3132135989948999,-1.3132135989949,-1.2823107234496645,-0.2783680350552986,-0.8819244595273723,1578.7977024771208,1548.2863655775336,30.51133689958715,67.22014168786905,33.23822712301103,32.06879969082182,1.1694274321892095,30.875,29.56749267578125,29.874991280691965,-17.25,-3.7249755859375,1576.0,-0.25,0
2024-07-18,1576.0,1593.9000244140625,1557.824951171875,1586.675048828125,12298374,1589.189990234375,1583.8374877929687,0.6613829549960348,0.661382954996026,-0.6605160149053102,-0.629408753008609,0.15465437547981242,1580.3731717473217,1551.776245873042,28.596925874279805,66.07475216871532,32.015182550727104,32.05807626280288,-0.04289371207577375,36.0750732421875,29.95250244140625,30.2017822265625,10.675048828125,-0.25,1586.0,-0.675048828125,0
2024-07-19,1586.0,1589.9749755859375,1552.800048828125,1555.1500244140625,13140390,1588.889990234375,1586.7374877929688,-1.9868607902636413,-1.9868607902636448,-1.3386185938739081,-2.634253271455378,-1.613260342652556,1575.32854228067,1552.0829530131348,23.24558926753525,47.00729542714082,28.17729459866223,31.28191992997475,-3.1046253313125227,37.1749267578125,32.0,29.253566196986608,-30.8499755859375,-0.675048828125,1537.25,-17.9000244140625,0
2024-07-22,1537.25,1537.5,1499.2750244140625,1500.675048828125,19674376,1579.439990234375,1585.0799926757813,-3.5028759110531578,-3.5028759110531604,-5.42013943330849,-4.794604356661381,-6.015433354298594,1560.397843590161,1547.409507178134,12.988336412027138,36.51207792375127,20.503711460147315,29.126278236009266,-8.622566775861952,38.2249755859375,30.77249755859375,31.549996512276785,-36.574951171875,-17.9000244140625,1501.0,0.324951171875,1
2024-07-23,1501.0,1505.75,1463.0,1487.9000244140625,18052044,1558.75,1576.2799926757812,-0.8512851882250257,-0.8512851882250261,-4.324341635485485,-6.225283777356616,-6.844680795939184,1545.8982797549415,1541.9995541995818,3.8987255553597606,33.07042568952231,13.238894102523545,25.94880140931212,-12.709907306788576,42.75,32.4199951171875,33.424996512276785,-13.0999755859375,0.324951171875,1485.0,-2.9000244140625,0
2024-07-24,1485.0,1509.5,1476.4000244140625,1495.699951171875,11913362,1537.05,1565.0199951171876,0.5242238476932699,0.5242238476932615,-0.3315239805003145,-3.8227870179011636,-5.110233073949244,1535.8586140383284,1537.7904993788811,-1.9318853405527534,37.29702543726025,8.018431422928415,22.362727412035383,-14.344295989106968,33.0999755859375,33.72999267578125,33.487496512276785,10.699951171875,-2.9000244140625,1481.0,-14.699951171875,0
2024-07-25,1481.0,1500.4749755859375,1477.074951171875,1492.4000244140625,12519876,1518.05,1553.6199951171875,-0.22062759012775393,-0.22062759012775324,0.30243967512346703,-0.5514201372591954,-5.9416718302648945,1527.166896113475,1533.6640925638976,-6.497196450422507,36.30402260472051,3.5737051784867617,18.60492296532566,-15.031217786838898,23.4000244140625,32.63499755859375,33.966073172433035,11.4000244140625,-14.699951171875,1492.4000244140625,0.0,0
2024-07-26,1492.4000244140625,1512.425048828125,1490.3499755859375,1509.0250244140625,9859940,1499.3300048828125,1544.1099975585937,1.1139774677052294,1.1139774677052294,0.8908921359359168,1.4197862526629912,-2.965951790881305,1523.5385217735925,1531.424177277549,-7.885655503956514,30.77293933733658,1.376854643057868,15.159309300872103,-13.782454657814235,22.0750732421875,31.4675048828125,31.935721261160715,16.625,0.0,1511.949951171875,2.9249267578125,1
2024-07-29,1511.949951171875,1527.5,1511.7750244140625,1520.0999755859375,7538550,1494.2699951171876,1536.8549926757812,0.7339143481848672,0.7339143481848609,1.8560674563611324,1.6313448693332733,1.294412589386451,1522.8508125360615,1530.3947043964936,-7.543891860432041,30.369258014066304,0.5234566857855043,12.232138777854784,-11.70868209206928,15.7249755859375,29.975,31.378574916294642,8.1500244140625,2.9249267578125,1517.0250244140625,-3.074951171875,0
2024-07-30,1517.0250244140625,1525.0,1510.0,1513.1500244140625,8228208,1497.475,1528.1125,-0.45720355789072836,-0.45720355789072853,0.2733553077823636,1.3903778920230758,1.6970226215261563,1520.9106549116618,1528.8270062162724,-7.916351304610544,30.921434306725885,-0.7055373250564116,9.644603557272545,-10.350140882328956,15.0,29.44000244140625,30.99285888671875,-3.875,-3.074951171875,1504.0,-9.1500244140625,0
2024-07-31,1504.0,1510.449951171875,1501.1500244140625,1505.425048828125,10057346,1501.275,1519.1625,-0.5105227810394309,-0.5105227810394353,-0.9653922106114043,-0.23856301437646943,0.6502037824251072,1517.8135336949545,1526.6995555446224,-8.88602184966794,30.66730665801029,-2.276621427869941,7.260358560244048,-9.536979988113988,9.2999267578125,27.2824951171875,29.396432059151785,1.425048828125,-9.1500244140625,1512.0,6.574951171875,1
2024-08-01,1512.0,1518.0,1504.300048828125,1515.300048828125,10764222,1507.475,1512.7625,0.6559609199864876,0.655960919986498,0.14208930901580263,-0.3157638862511192,1.5344427793783533,1517.3108367215887,1525.6632367522136,-8.352400030624949,34.447865596546464,-2.693834084742548,5.269520031246729,-7.963354115989277,13.699951171875,25.04498291015625,27.964285714285715,3.300048828125,6.574951171875,1505.0,-10.300048828125,0
2024-08-02,1505.0,1509.324951171875,1493.2750244140625,1499.324951171875,10268248,1509.9949951171875,1504.6625,-1.0542530945342825,-1.0542530945342854,-0.40520766284568577,-0.9136617664557756,-0.642804001607189,1513.7136596116459,1523.268847154001,-9.555187542355043,26.809502729012323,-4.264377898634393,3.362740445270505,-7.627118343904899,16.0499267578125,22.93248291015625,27.348214285714285,-5.675048828125,-10.300048828125,1480.0,-19.324951171875,0
2024-08-05,1480.0,1483.9000244140625,1433.25,1447.324951171875,17046704,1503.6050048828124,1498.9375,-3.4682274819315655,-3.468227481931563,-4.485916680912094,-3.859381621255542,-4.787515662317587,1500.4359179236917,1516.3648566101713,-15.928938686479569,21.33841293242908,-9.594412192724576,0.7713099176714888,-10.365722110396066,50.6500244140625,24.17498779296875,30.614283970424108,-32.675048828125,-19.324951171875,1455.1500244140625,7.8250732421875,1
2024-08-06,1455.1500244140625,1477.5,1451.324951171875,1456.050048828125,10236186,1491.2300048828124,1494.3525024414062,0.6028430346057002,0.6028430346056934,-2.886292415124969,-3.9101166825554867,-3.773583231315636,1491.5587441045784,1510.8816922663489,-19.322948161770455,25.887671329905118,-12.965007770299962,-1.9759536199228016,-10.98905415037716,26.175048828125,22.51749267578125,30.564287458147323,0.9000244140625,7.8250732421875,1469.0,12.949951171875,1
2024-08-07,1469.0,1472.5,1461.5,1464.824951171875,8174568,1484.2300048828124,1492.7525024414062,0.6026511486203595,0.6026511486203701,1.2091272236984807,-2.3010355408969008,-2.6969192314060697,1486.2119855180376,1506.6947158032149,-20.48273028517724,25.393744576910862,-14.75804619516316,-4.532372134970874,-10.225674060192286,11.0,20.3074951171875,29.162493024553573,-4.175048828125,12.949951171875,1457.5250244140625,-7.2999267578125,0
2024-08-08,1457.5250244140625,1465.0,1445.925048828125,1449.125,12387192,1473.335009765625,1490.4050048828126,-1.0717970880626302,-1.0717970880626315,-0.4756051369043557,0.12437074526128189,-4.3671251036586645,1478.79458841443,1501.46110527565,-22.66651686121986,27.12757361161134,-17.247083274562783,-7.075314362889257,-10.171768911673526,19.074951171875,19.87498779296875,27.869637625558035,-8.4000244140625,-7.2999267578125,1460.0,10.875,1
2024-08-09,1460.0,1476.5,1456.0,1474.300048828125,6249776,1464.335009765625,1487.1650024414062,1.7372586097213836,1.7372586097213816,0.6468416344676431,1.2533909816278666,-1.6690779623316776,1477.895680497169,1498.991918325875,-21.09623782870608,43.486842509487104,-16.992369589517693,-9.058725408214945,-7.933644181302748,20.5,19.71748046875,25.83392333984375,14.300048828125,10.875,1470.0,-4.300048828125,0
2024-08-12,1470.0,1473.0,1457.75,1460.625,8184584,1462.335009765625,1482.9700073242188,-0.9275621227168016,-0.9275621227167963,0.7935823341671755,-0.2867203462444401,0.9189400636917311,1474.4415443977352,1495.5040166598865,-21.062472262151232,43.294393876434796,-17.69004943408163,-10.784990213388284,-6.905059220693346,15.25,19.66998291015625,23.962498256138392,-9.375,-4.300048828125,1460.75,0.125,1
2024-08-13,1460.75,1470.074951171875,1458.0,1463.625,6265064,1463.4550048828125,1477.3425048828126,0.20539152759948653,0.20539152759948553,-0.7240757291306021,1.000603812645573,0.5202397526081981,1472.2782355181885,1492.6059242362605,-20.327688718072068,41.92371376117005,-17.795752452653915,-12.18714266124141,-5.608609791412505,12.074951171875,19.37747802734375,22.460710797991073,2.875,0.125,1463.550048828125,-0.074951171875,0
2024-08-14,1463.550048828125,1472.0,1453.699951171875,1461.8499755859375,6267466,1462.3650146484374,1473.297509765625,-0.12127590155008967,-0.1212759015500886,0.08386653562260094,-0.8444735013122817,-0.20309427304316952,1470.1925835317384,1489.8099289044128,-19.617345372674436,42.24814689483962,-17.817364999350275,-13.313187128863184,-4.504177870487091,18.300048828125,20.277490234375,22.096426827566965,-1.7000732421875,-0.074951171875,1468.6500244140625,6.800048828125,1
2024-08-16,1468.6500244140625,1480.4000244140625,1458.050048828125,1478.199951171875,9416902,1464.5900146484375,1468.9625122070313,1.1184441535721965,1.1184441535722067,0.9958118487915169,1.2032486895592553,2.00637979276288,1471.794057059766,1488.754476383273,-16.96041932350704,42.16742949445548,-16.326979455013543,-13.915945594093255,-2.4110338609202877,22.3499755859375,21.14249267578125,22.116062709263392,9.5499267578125,6.800048828125,1482.5,4.300048828125,1
2024-08-19,1482.5,1498.300048828125,1480.5,1488.4000244140625,13797742,1469.0900146484375,1466.7125122070313,0.6900333905505254,0.6900333905505152,1.8161951822370348,1.6927166736057764,0.9563843938786398,1475.1152505306252,1488.7222534769812,-13.607002946356033,41.909152832367546,-14.15955497269465,-13.964667469813534,-0.1948875028811159,17.800048828125,21.3175048828125,22.232142857142858,5.9000244140625,4.300048828125,1497.2249755859375,8.824951171875,1
2024-08-20,1497.2249755859375,1503.925048828125,1490.0250244140625,1495.949951171875,8411808,1474.535009765625,1468.435009765625,0.5072511847602714,0.5072511847602712,1.2007847778596092,2.3326590385767565,2.4184818945228947,1479.2821906588752,1489.3793169037897,-10.097126244914534,45.62339050085113,-11.69779456885658,-13.511292889622144,1.8134983207655644,13.9000244140625,17.6425048828125,22.269644601004465,-1.2750244140625,8.824951171875,1493.25,-2.699951171875,0
2024-08-21,1493.25,1507.875,1490.0,1498.675048828125,7769996,1481.035009765625,1472.2450073242187,0.18216502859037853,0.1821650285903864,0.6903402476163834,1.3851372163838915,2.394742425698171,1483.1607622927254,1490.2243834423655,-7.063621149640085,48.23759663158176,-9.41836999989414,-12.692708311676544,3.2743383117824045,17.875,16.8125,22.689287458147323,5.425048828125,-2.699951171875,1503.0,4.324951171875,1
2024-08-22,1503.0,1506.5,1490.6500244140625,1498.125,10445782,1488.925,1475.6450073242188,-0.036702341081551036,-0.03670234108155146,0.14539582867869605,0.6533845355025436,2.481446456194858,1486.1536098341803,1490.9426213112413,-4.789011477060967,45.286116676869064,-7.569042736997062,-11.667975196740647,4.098932459743585,15.8499755859375,17.29749755859375,22.842860630580358,-4.875,4.324951171875,1503.75,5.625,1
2024-08-23,1503.75,1511.324951171875,1498.425048828125,1499.9749755859375,9249654,1495.9449951171875,1480.2675048828125,0.12348606330830204,0.12348606330829792,0.08673839995061439,0.26906143557205997,1.4730770621931066,1488.9178829845318,1491.763744427123,-2.845861442591058,50.19339770868308,-5.886306313490422,-10.511641420090603,4.625335106600181,12.89990234375,16.67999267578125,22.212498256138392,-3.7750244140625,5.625,1506.9749755859375,7.0,1
2024-08-26,1506.9749755859375,1523.0,1503.0,1512.5999755859375,8816114,1500.839990234375,1484.9650024414063,0.8416807083777033,0.8416807083777123,0.9662061300584002,0.9291491687074549,1.6259037069958238,1493.654301504813,1493.6579472597425,-0.0036457549294937053,75.36425747729977,-3.4937201547490986,-9.108057167022302,5.614337012273204,20.0,16.62999267578125,19.137503487723215,5.625,7.0,1510.5,-2.0999755859375,0
2024-08-27,1510.5,1513.4749755859375,1499.449951171875,1500.449951171875,6251156,1503.4949951171875,1489.0150024414063,-0.8032543045199992,-0.8032543045199958,0.03166556733733561,0.155190733208177,0.3008122027394533,1495.0134314382253,1494.2754021608455,0.7380292773798374,66.80539394973681,-2.548605081588903,-7.796166749935623,5.24756166834672,14.0250244140625,16.5074951171875,17.983930315290177,-10.050048828125,-2.0999755859375,1505.0,4.550048828125,1
2024-08-28,1505.0,1507.4749755859375,1493.0,1498.300048828125,9610286,1505.8449951171874,1493.4400024414062,-0.1432838424281258,-0.1432838424281213,-0.9453872133161401,-0.11166364673238505,-0.0250221020422825,1495.6707549162054,1494.641279130598,1.0294757856074739,63.33933208521779,-1.9505885578842026,-6.627051111525339,4.676462553641136,14.4749755859375,16.74749755859375,17.842860630580358,-6.699951171875,4.550048828125,1503.0999755859375,4.7999267578125,1
2024-08-29,1503.0999755859375,1537.0,1494.0,1520.925048828125,38335358,1505.864990234375,1497.3949951171876,1.5100446681354538,1.5100446681354462,1.3645971756844455,0.5503816856113897,1.5219056372548945,1500.7216136985894,1497.030712739464,3.690900959125429,77.11478391168505,0.34501514083467555,-5.232637861053337,5.577653001888012,43.0,19.21749267578125,19.551792689732142,17.8250732421875,4.7999267578125,1534.0,13.074951171875,1
2024-08-30,1534.0,1539.7249755859375,1503.324951171875,1509.625,41620730,1511.914990234375,1503.9299926757812,-0.7429721035123791,-0.7429721035123737,0.755853353988245,0.6114864958314037,0.6433456938368609,1502.5022909588715,1498.1756479449673,4.326643013904231,64.90187274478816,1.238204854216292,-3.938469317999411,5.176674172215703,36.4000244140625,20.62249755859375,20.196437290736608,-24.375,13.074951171875,1510.875,1.25,1
2024-09-02,1510.875,1526.800048828125,1506.625,1516.25,11240852,1512.6949951171875,1506.7674926757813,0.43885070795727416,0.4388507079572834,-0.3073819338912931,1.1980211297406118,0.2413079778510907,1505.2518327670973,1499.818770859061,5.433061908036279,74.94950898615284,2.4523767965611114,-2.660300095087307,5.112676891648418,20.175048828125,20.85999755859375,20.455365862165177,5.375,1.25,1521.25,5.0,1
2024-09-03,1521.25,1523.0,1507.5,1509.125,10923800,1514.8449951171874,1509.1699951171875,-0.4699093157460841,-0.4699093157460865,-0.03312080814772411,-0.7758468332951018,0.5781631584145686,1506.0264662136778,1500.6647916900554,5.361674523622469,69.67990573196822,2.8073277280670936,-1.5667745304564267,4.3741022585235205,15.5,21.0199951171875,20.70001220703125,-12.125,5.0,1500.699951171875,-8.425048828125,0
2024-09-04,1500.699951171875,1517.5,1499.5,1514.550048828125,11983304,1513.9849853515625,1509.914990234375,0.3594830665534664,0.3594830665534676,-0.11211549361088702,0.3262431947089528,1.0845624688265776,1507.7311827365675,1501.9270877935162,5.804094943051268,72.09643568503535,3.4861982763272863,-0.5561799690996841,4.0423782454269706,18.0,21.0324951171875,20.678580147879465,13.85009765625,-8.425048828125,1519.050048828125,4.5,1
2024-09-05,1519.050048828125,1525.7750244140625,1487.050048828125,1492.9749755859375,16264168,1517.175,1511.5199951171876,-1.424520322645072,-1.4245203226450731,-1.0701581654311232,-1.5350387082646355,-1.8377022104884788,1504.7799413064417,1501.113259411009,3.6666818954327027,55.9349197313094,2.2572596919540047,0.006507963111053616,2.250751728842951,38.7249755859375,23.3199951171875,21.848223005022323,-26.0750732421875,4.5,1492.5,-0.4749755859375,0
2024-09-06,1492.5,1497.0,1461.625,1464.824951171875,19394228,1508.875,1510.3949951171876,-1.8854987440773852,-1.8854987440773852,-3.283159753929854,-2.9354790907396677,-2.9676276444895233,1496.7889432795287,1497.8143222983604,-1.0253790188316998,41.72369435258282,-0.9768936785992537,-0.19017236523100786,-0.7867213133682458,35.375,25.5675048828125,22.939287458147323,-27.675048828125,-0.4749755859375,1466.5,1.675048828125,1
2024-09-09,1466.5,1469.925048828125,1455.5999755859375,1462.449951171875,9010298,1500.0,1506.3474975585937,-0.16213541407114723,-0.16213541407115173,-2.0445770969525157,-3.4399720033393533,-3.5482307553586168,1489.921144857998,1494.59937946868,-4.678234610682011,37.79601056718003,-3.6891005224390483,-0.889957996672616,-2.7991425257664324,14.3250732421875,25.00001220703125,22.85357666015625,-4.050048828125,1.675048828125,1460.5,-1.949951171875,0
2024-09-10,1460.5,1472.050048828125,1457.574951171875,1461.5250244140625,10768260,1487.85,1501.3474975585937,-0.0632450195694798,-0.06324501956948003,-0.22527789106626672,-2.1065290233369116,-3.1541439964176243,1484.2419207692108,1491.59261991826,-7.3506991490492055,36.28644721814115,-5.845791203877525,-1.8811246381135978,-3.964666565763927,14.47509765625,25.04501953125,22.610726492745535,1.0250244140625,-1.949951171875,1463.050048828125,1.5250244140625,1
2024-09-11,1463.050048828125,1468.75,1447.550048828125,1451.5,9760202,1480.32001953125,1497.1525024414063,-0.6859290293768057,-0.6859290293768083,-0.7487402329974246,-0.9096616739914798,-4.162955781943922,1477.6935366153687,1487.9478362893271,-10.254299673958485,33.91409564013945,-8.26860446932983,-3.1586206043568446,-5.109983864972985,21.199951171875,25.71751708984375,22.992867606026785,-11.550048828125,1.5250244140625,1457.0,5.5,1
2024-09-12,1457.0,1486.0,1445.875,1479.800048828125,22349376,1467.910009765625,1492.5425048828124,1.9497105634257665,1.949710563425766,1.2504079033055948,1.1863720630129748,-0.8824613254245439,1478.11483905792,1487.2071283383088,-9.09228928038874,44.11380751594705,-7.815037127263395,-4.089903908938155,-3.72513321832524,40.125,25.43001708984375,24.916085379464285,22.800048828125,5.5,1476.4000244140625,-3.4000244140625,0
2024-09-13,1476.4000244140625,1483.1500244140625,1469.5,1472.625,8711328,1464.6900146484375,1486.7825073242188,-0.48486610294458526,-0.4848661029445811,1.4553909748536098,0.7594789962893422,0.5324901669571336,1477.0168712463362,1485.8814803075534,-8.864609061217152,37.95391139373866,-7.942986413901963,-4.860520409930917,-3.082466003971046,13.6500244140625,23.15501708984375,24.246442522321427,-3.7750244140625,-3.4000244140625,1477.550048828125,4.925048828125,1
2024-09-16,1477.550048828125,1480.9000244140625,1464.75,1471.3499755859375,5481774,1466.9000244140625,1483.4500122070312,-0.08658174444020032,-0.08658174444019506,-0.5710280418546598,1.3675491275189522,0.6085695039977912,1475.8834921142566,1484.5604344237702,-8.676942309513606,40.61594489390681,-8.054424567075102,-5.499301241359754,-2.555123325715348,16.1500244140625,22.7525146484375,24.398228236607142,-6.2000732421875,4.925048828125,1474.0,2.6500244140625,1
2024-09-17,1474.0,1477.4749755859375,1466.625,1472.300048828125,5935328,1469.6000244140625,1478.7250122070313,0.0645715334863924,0.06457153348640166,-0.02206611811391701,-0.506825229931529,0.7372452906430516,1475.1668034570303,1483.445853915075,-8.279050458044821,41.55022623596425,-7.974156028821426,-5.994272198852089,-1.9798838299693369,10.8499755859375,22.28751220703125,24.139299665178573,-1.699951171875,2.6500244140625,1470.0,-2.300048828125,0
2024-09-18,1470.0,1482.0,1460.550048828125,1463.449951171875,8574714,1470.9900146484374,1475.6550170898438,-0.6011069321972937,-0.6011069321972928,-0.5369235426749164,-0.6230404093455544,0.8232828916207469,1472.8234329999993,1481.6280445747843,-8.804611574784985,29.484231448344545,-8.526384696172045,-6.500694698316081,-2.025689997855964,21.449951171875,22.63250732421875,22.600010463169642,-6.550048828125,-2.300048828125,1466.25,2.800048828125,1
2024-09-19,1466.25,1476.5,1455.550048828125,1469.675048828125,16955902,1472.8400146484375,1470.3750122070312,0.4253714075609609,0.42537140756095937,-0.17829246165477208,-0.11383605434495125,-0.6842140604075619,1472.1937561656246,1480.5414085978155,-8.347652432190898,35.20377165388385,-8.365286719994401,-6.873613102651745,-1.4916736173426566,20.949951171875,20.8550048828125,21.496433803013392,3.425048828125,2.800048828125,1474.0,4.324951171875,1
2024-09-20,1474.0,1495.0,1471.375,1485.925048828125,30897320,1472.360009765625,1468.5250122070313,1.1056865946630354,1.1056865946630356,1.53576127685493,0.9254227771604562,0.9031524541634806,1474.9400146981247,1481.0308304369346,-6.090815738809852,39.51603807988763,-6.847443157804037,-6.868379113682204,0.020935955878167434,23.625,19.6800048828125,21.864283970424108,11.925048828125,4.324951171875,1491.0,5.074951171875,1
2024-09-23,1491.0,1501.5,1488.949951171875,1493.375,8832314,1475.05,1470.9750122070313,0.501367897240201,0.5013678972402014,1.6125980495329761,2.0448289881155324,1.4969262771959757,1478.6270117584997,1482.1530276699405,-3.526015911440709,44.56710426742703,-4.985917844282767,-6.491886859802317,1.5059690155195504,12.550048828125,19.50250244140625,21.869637625558035,2.375,5.074951171875,1488.5,-4.875,0
2024-09-24,1488.5,1500.5,1487.875,1489.375,17137444,1477.95,1473.7750122070313,-0.26784966937306437,-0.26784966937306587,0.23217531561203764,1.3404290416159093,1.1597466960261205,1480.7766094068,1482.8095706090367,-2.03296120223672,41.22975375199191,-3.789726583326683,-5.9514548045071916,2.1617282211805087,12.625,19.31749267578125,21.485709054129465,0.875,-4.875,1483.9000244140625,-5.4749755859375,0
2024-09-25,1483.9000244140625,1496.5,1480.199951171875,1493.949951171875,7069002,1480.7300048828124,1475.860009765625,0.3071725503566933,0.30717255035668245,0.0385001203230928,0.5400610448069942,2.0841163700594523,1483.411277759815,1483.8223324783855,-0.41105471857054,50.38528330711931,-2.444398560794525,-5.250043555764658,2.805644994970133,16.300048828125,18.82750244140625,19.883928571428573,10.0499267578125,-5.4749755859375,1490.6500244140625,-3.2999267578125,0
2024-09-26,1490.6500244140625,1504.0,1488.050048828125,1497.949951171875,18818998,1485.610009765625,1479.2250122070313,0.26774658661505657,0.26774658661505857,0.575741580990341,0.30634978969614757,1.923888029962506,1486.3190124422272,1485.106661450521,1.2123509917062165,66.17821854695535,-1.0434219213659617,-4.4087192288849195,3.365297307518958,15.949951171875,16.40999755859375,18.496425083705358,7.2999267578125,-3.2999267578125,1499.0,1.050048828125,1
2024-09-27,1499.0,1533.4749755859375,1492.0,1526.175048828125,20597478,1490.610009765625,1481.485009765625,1.8842483778692982,1.884248377869291,2.1570399751994485,2.4708383602601858,2.7087503526334045,1494.2902197194067,1488.8401512121213,5.450068507285323,74.848862091363,2.317674938757591,-3.0634403953564178,5.381115334114009,41.4749755859375,19.19249267578125,20.435703822544642,27.175048828125,1.050048828125,1519.4000244140625,-6.7750244140625,0
2024-09-30,1519.4000244140625,1524.9749755859375,1474.4000244140625,1476.574951171875,27008814,1496.2900146484376,1485.6700073242187,-3.2499612475210813,-3.2499612475210826,-1.426950211739575,-1.1630242356091558,-1.1249718810161569,1490.7471660099004,1487.7251330266445,3.02203298325594,54.25377839143858,0.9678977376290732,-2.25717276875932,3.225070506388393,50.574951171875,22.6349853515625,23.099984305245535,-42.8250732421875,-6.7750244140625,1480.6500244140625,4.0750732421875,1
2024-10-01,1480.6500244140625,1487.949951171875,1462.824951171875,1464.824951171875,16431642,1494.72001953125,1486.335009765625,-0.7957604854853241,-0.7957604854853195,-4.019859825605043,-2.21135559129233,-1.6483457039446092,1485.5627230422956,1485.6432983125746,-0.08057527027904143,53.72985296099954,-1.0379721235128727,-2.013332639710031,0.9753605161971581,25.125,24.06248779296875,23.380344935825892,-15.8250732421875,4.0750732421875,1436.574951171875,-28.25,0
2024-10-03,1436.574951171875,1449.4000244140625,1402.074951171875,1406.9749755859375,37757294,1485.2550048828125,1482.9925048828125,-3.9492756823712574,-3.949275682371256,-4.713609392513385,-7.810380161418273,-5.821813208515659,1469.8451735510241,1478.4916326101531,-8.646459059129029,32.508721711695756,-7.2125067096276325,-3.0531674536935514,-4.159339255934081,47.3250732421875,26.65,24.996416364397323,-29.5999755859375,-28.25,1403.925048828125,-3.0499267578125,0
2024-10-04,1403.925048828125,1417.3499755859375,1381.7750244140625,1386.5250244140625,37072876,1467.910009765625,1476.760009765625,-1.4534694309938652,-1.45346943099387,-5.34534359857618,-6.098567951890621,-7.438494635327608,1453.1811437236317,1470.131031865054,-16.949888141422207,30.55997725352242,-13.599246359643303,-5.162383234883502,-8.4368631247598,35.574951171875,28.1125,26.562482561383927,-17.4000244140625,-3.0499267578125,1393.5,6.9749755859375,1
2024-10-07,1393.5,1396.5,1361.375,1370.7249755859375,22181340,1446.810009765625,1468.710009765625,-1.1395429977761857,-1.1395429977761884,-2.5764495196443415,-6.423974107667718,-10.185599178911353,1436.689910096093,1461.0941176578615,-24.404207561768544,28.67891465610991,-19.708527799823514,-8.071612147871505,-11.636915651952009,35.125,29.2625,27.917837960379465,-22.7750244140625,6.9749755859375,1372.9749755859375,2.25,1
2024-10-08,1372.9749755859375,1401.0,1365.0999755859375,1397.3499755859375,17020808,1417.525,1456.9075073242188,1.9424027776701693,1.9424027776701713,0.7807252650524399,-0.6840917690090098,-5.365455747644987,1428.821923194062,1455.2991956513229,-26.477272457260824,35.67743047888317,-22.14647163130553,-10.886584044558312,-11.259887586747219,35.9000244140625,31.59749755859375,29.707127162388392,24.375,2.25,1397.5250244140625,0.175048828125,1
2024-10-09,1397.5250244140625,1400.9749755859375,1372.5,1374.5999755859375,14310610,1400.9,1447.810009765625,-1.6280817545697854,-1.6280817545697879,0.28269711787687335,-0.8600673351109922,-6.159437379446365,1417.9775336724372,1447.962902918106,-29.985369245668835,33.87771185515882,-25.618974956468946,-13.833062226940438,-11.785912729528508,28.4749755859375,33.1824951171875,30.208914620535715,-22.925048828125,0.175048828125,1380.0250244140625,5.425048828125,1
2024-10-10,1380.0250244140625,1386.0,1369.425048828125,1371.050048828125,22358646,1389.5900146484375,1437.422509765625,-0.2582516238078141,-0.25825162380781475,-1.882128830809504,0.023715424171699695,-2.5533451114048034,1408.5920367035749,1440.9708252735622,-32.378788569987364,31.928537070088808,-28.330828129724978,-16.732615407497345,-11.598212722227633,16.574951171875,33.2099853515625,29.896414620535715,-8.9749755859375,5.425048828125,1370.0,-1.050048828125,0
2024-10-11,1370.0,1383.2750244140625,1368.824951171875,1372.0999755859375,7980122,1382.8050048828125,1425.3575073242187,0.07657829549766633,0.0765782954976757,-0.18187109300175086,-1.8069918374895466,-1.0403742142498285,1401.2936244800474,1434.7098389383236,-33.41621445827627,27.91304678145417,-30.04888613800904,-19.395869553599685,-10.653016584409354,14.4500732421875,33.05999755859375,29.119637625558035,2.0999755859375,-1.050048828125,1379.449951171875,7.3499755859375,1
2024-10-14,1379.449951171875,1380.074951171875,1368.25,1372.5250244140625,12221432,1379.9949951171875,1413.4025024414063,0.03097797796720231,0.030977977967205916,0.10757999587238665,-0.15094945502167612,0.13132093309640158,1395.5399044668504,1429.0566739815727,-33.51676951472223,25.89268480655511,-31.018598504216015,-21.72041534372295,-9.298183160493064,11.824951171875,30.0949951171875,28.851780482700892,-6.9249267578125,7.3499755859375,1358.5250244140625,-14.0,0
2024-10-15,1358.5250244140625,1371.699951171875,1340.699951171875,1344.0250244140625,33762794,1377.1050048828124,1397.3150024414062,-2.0764648726289554,-2.076464872628958,-2.046130141492497,-1.9711187375808459,-3.8161485743408496,1385.2369284562928,1421.32652402089,-36.089595564597175,23.587139870355742,-33.69836063153798,-24.11600440128596,-9.58235623025202,31.0,28.1375,30.223214285714285,-14.5,-14.0,1340.0,-4.0250244140625,0
2024-10-16,1340.0,1364.0,1337.625,1354.074951171875,20034438,1365.6,1383.25,0.7477484849803179,0.7477484849803151,-1.3442431222748685,-1.3136815636459076,-1.4931634496292978,1379.0045329994093,1415.2127446709794,-36.2082116715701,25.077949751122333,-34.61215890295853,-26.215235301620474,-8.396923601338052,26.375,28.2625,30.942853655133927,14.074951171875,-4.0250244140625,1365.699951171875,11.625,1
2024-10-17,1365.699951171875,1368.449951171875,1352.050048828125,1356.425048828125,15543660,1362.7349853515625,1376.1625,0.1735574278378109,0.17355742783780048,0.9226036858553499,-1.1730187282239624,-1.0667006658509948,1374.4886361651527,1409.8684086852652,-35.37977252011251,24.63484905453943,-34.746184984593356,-27.92142523821505,-6.824759746378305,16.39990234375,25.16998291015625,30.974993024553573,-9.27490234375,11.625,1352.175048828125,-4.25,0
2024-10-18,1352.175048828125,1368.425048828125,1341.324951171875,1359.300048828125,12082452,1359.1699951171875,1370.9875,0.21195421025908054,0.2119542102590799,0.38587950037241026,1.1365133934706062,-0.9328712911277792,1371.450918697747,1405.2712850618889,-33.82036636414182,17.1020197558274,-34.225878524511245,-29.182315895474293,-5.043562629036952,27.10009765625,24.32249755859375,29.948216029575892,7.125,-4.25,1367.125,7.824951171875,1
2024-10-21,1367.125,1374.0,1357.7249755859375,1369.199951171875,14067408,1356.7050048828125,1368.35,0.7283088345567904,0.7283088345567901,0.941806726054395,1.116998729421148,-0.24225957144985433,1371.0007251925726,1401.9920728900693,-30.99134769749662,24.903563163268885,-32.63845671184595,-29.873544058748628,-2.764912653097319,16.2750244140625,22.4375,27.412501743861608,2.074951171875,7.824951171875,1369.199951171875,0.0,0
2024-10-22,1369.199951171875,1376.0,1340.2249755859375,1343.3499755859375,15831960,1358.839990234375,1367.9724975585937,-1.8879620587053736,-1.8879620587053725,-1.1734034186152154,-0.9639362863052114,-0.05022591215660954,1365.4705752712457,1396.6609731351482,-31.19039786390249,23.36364451659807,-33.08490825337253,-30.51581689767341,-2.569091355699122,35.7750244140625,22.425,28.1732177734375,-25.8499755859375,0.0,1337.5,-5.8499755859375,0
2024-10-23,1337.5,1357.4749755859375,1335.0,1338.5250244140625,17214742,1358.339990234375,1361.9699951171874,-0.35917305687748796,-0.3591730568774931,-2.2403540645439257,-1.5283619265645587,-1.1483800615582518,1360.081465099809,1391.375886887777,-31.29442178796785,30.442841374340247,-33.44255262294223,-31.101164042727177,-2.341388580215053,22.4749755859375,21.825,25.296430315290177,1.0250244140625,-5.8499755859375,1335.2750244140625,-3.25,0
2024-10-24,1335.2750244140625,1343.699951171875,1323.125,1339.800048828125,22155934,1352.2550048828125,1357.4949951171875,0.09525592654650893,0.09525592654651138,-0.26425926395421406,-2.1472322080195116,-1.2256482593242524,1356.0251818454724,1386.6871743368995,-30.6619924914271,35.007207882929364,-33.23993526552363,-31.52891828728647,-1.7110169782371578,20.574951171875,22.225,24.225001743861608,4.5250244140625,-3.25,1343.5,3.699951171875,1
2024-10-25,1343.5,1344.3499755859375,1322.0,1327.8499755859375,18597496,1350.5199951171876,1354.8449951171874,-0.8919296019312583,-0.8919296019312628,-0.7975232911912156,-1.1538318592844155,-2.313696175417723,1350.3901405935655,1381.3383380868122,-30.948197493246653,35.89404462037386,-33.65566898754378,-31.95426842733793,-1.7014005602058475,22.3499755859375,23.014990234375,23.3125,-15.6500244140625,3.699951171875,1337.0,9.1500244140625,1
2024-10-28,1337.0,1353.0,1322.0999755859375,1334.3499755859375,10824350,1344.4949951171875,1350.6,0.48951313171744115,0.48951313171743394,-0.4067825827409499,-0.31191414071265466,-2.545280224127233,1347.18210759204,1377.066668768551,-29.884561176510942,26.109185702240424,-33.07932738527984,-32.179280218926316,-0.9000471663535237,30.9000244140625,24.92249755859375,22.955357142857142,-2.6500244140625,9.1500244140625,1328.0999755859375,-6.25,0
2024-10-29,1328.0999755859375,1343.199951171875,1320.300048828125,1340.0,12008361,1336.275,1347.5574951171875,0.4234289742150646,0.42342897421505654,0.9150148463647811,0.01492395615674269,-0.24937474573417662,1345.745686073632,1373.6969716077735,-27.95128553414156,34.92373761574498,-31.800091106768605,-32.10344239649478,0.303351289726173,22.89990234375,24.11248779296875,22.557137625558035,11.9000244140625,-6.25,1335.0,-5.0,0
2024-10-30,1335.0,1350.0,1325.3499755859375,1343.9000244140625,11984423,1335.775,1347.0574951171875,0.29104659806436567,0.2910465980643595,0.7157079479040984,1.2087245640112876,0.40156141289573455,1345.3765537417182,1370.988158226527,-25.611604484808822,38.20589015180085,-30.12433320189257,-31.707620557574337,1.5832873556817688,24.6500244140625,23.939990234375,23.133928571428573,8.9000244140625,-5.0,1340.0,-3.9000244140625,0
2024-10-31,1340.0,1343.0,1326.1500244140625,1332.050048828125,9331650,1336.7199951171874,1344.4875,-0.8817602031895241,-0.8817602031895189,-0.5932799381996312,-0.1723630831411027,-0.5784445228807611,1342.7112527589998,1367.4483300993995,-24.737077340399765,34.09454784036862,-29.413417417726805,-31.248779929604833,1.835362511878028,16.8499755859375,23.98499755859375,23.369637625558035,-7.949951171875,-3.9000244140625,1333.050048828125,1.0,1
2024-11-01,1333.050048828125,1341.949951171875,1333.0,1338.6500244140625,2127335,1334.6300048828125,1342.575,0.4954750455317987,0.49547504553180133,-0.39065405942595444,-0.10074444671175353,0.8133485730087209,1341.8990070900122,1364.8303023098233,-22.93129521981109,37.17583837485138,-27.994742697718948,-30.597972483227657,2.6032297855087094,8.949951171875,22.16998291015625,23.232134137834823,5.5999755859375,1.0,1337.8499755859375,-0.800048828125,0
2024-11-04,1337.8499755859375,1340.0,1285.0999755859375,1302.1500244140625,19796890,1334.8,1339.6474975585938,-2.7266275228266874,-2.7266275228266856,-2.2446622362551016,-3.106629901149305,-2.413156350359691,1333.9492105548222,1359.1320952283904,-25.182884673568196,35.052641652054504,-29.475897914832785,-30.373557569548687,0.8976596547159019,54.9000244140625,26.03248291015625,24.880344935825892,-35.699951171875,-0.800048828125,1293.0,-9.1500244140625,0
2024-11-05,1293.0,1309.550048828125,1286.1500244140625,1305.300048828125,16267479,1327.7800048828126,1332.0275024414063,0.2419094846985806,0.24190948469857698,-2.491314008718226,-2.008182802405467,-2.589548594916047,1328.2193782094828,1354.2382728283662,-26.01889461888345,31.687669107129068,-30.04915549162274,-30.3086771539635,0.25952166234075946,23.4000244140625,24.79498291015625,24.6678466796875,12.300048828125,-9.1500244140625,1310.0,4.699951171875,1
2024-11-06,1310.0,1328.300048828125,1300.199951171875,1325.3499755859375,21625209,1322.7800048828126,1329.2775024414063,1.5360396849607847,1.5360396849607882,1.7816649953460217,-0.9935418956083408,-1.3803146432870061,1327.6454976847738,1351.6120639881456,-23.966566303371792,39.70170356222377,-28.55642404555988,-29.95822653228278,1.4018024867229002,28.10009765625,25.3574951171875,25.503574916294642,15.3499755859375,4.699951171875,1324.0,-1.3499755859375,0
2024-11-07,1324.0,1324.0,1302.5999755859375,1305.6500244140625,9611974,1319.5800048828125,1328.15,-1.4863961621280934,-1.4863961621280897,0.02681188790667477,0.26878623310513383,-1.9819093462207338,1323.2464030306317,1347.433696754138,-24.1872937235064,34.00414770168541,-28.632981848873214,-29.69317759560087,1.0601957467276542,21.4000244140625,25.44000244140625,25.192853655133927,-18.3499755859375,-1.3499755859375,1297.6500244140625,-8.0,0
2024-11-08,1297.6500244140625,1301.6500244140625,1275.0,1283.75,19814406,1312.5,1323.5650024414062,-1.677327308586433,-1.6773273085864293,-3.138791741973368,-1.650965143797567,-4.1011484266093134,1315.3471224245054,1341.6442697764892,-26.297147351983767,26.224267742582498,-30.113671740922882,-29.777276424665274,-0.3363953162576081,26.6500244140625,25.87000732421875,26.219639369419642,-13.9000244140625,-8.0,1278.949951171875,-4.800048828125,0
2024-11-11,1278.949951171875,1286.0,1267.0,1272.699951171875,9056552,1300.7199951171874,1317.7599975585938,-0.860763297224927,-0.8607632972249313,-2.523652787964714,-3.972537471907067,-2.2616497861250195,1306.8176881739794,1335.3766044487968,-28.55891627481742,28.577919358435537,-31.812066044448557,-30.184234348621935,-1.6278316958266217,19.0,24.6800048828125,25.02142333984375,-6.25,-4.800048828125,1275.550048828125,2.85009765625,1
2024-11-12,1275.550048828125,1289.300048828125,1267.5,1274.25,10671091,1297.2300048828124,1312.5050048828125,0.12179216528591424,0.12179216528591663,-0.7400194741966848,-2.4049342340535684,-2.37876715441796,1300.3041505391834,1329.819640407997,-29.515489868813575,30.116014137151097,-32.656535566113234,-30.678694592120195,-1.9778409739930396,21.800048828125,24.57001953125,24.973214285714285,-1.300048828125,2.85009765625,1270.25,-4.0,0
2024-11-13,1270.25,1275.449951171875,1249.5,1252.050048828125,14633633,1289.2800048828126,1306.0300048828126,-1.7421974629684127,-1.742197462968409,-1.6225271576962075,-2.4693243366601725,-5.5306091302719125,1290.6533301969719,1322.7496775370996,-32.09634734012775,25.96549334452473,-34.71693901057415,-31.486343475810987,-3.2305955347631645,25.949951171875,24.70001220703125,25.357142857142858,-18.199951171875,-4.0,1253.5999755859375,1.5499267578125,1
2024-11-14,1253.5999755859375,1272.5999755859375,1251.0999755859375,1267.5999755859375,12612633,1275.2,1297.3900024414063,1.2419572821682876,1.2419572821682934,-0.5218775290612099,-0.40072096971808246,-2.9142609517585516,1286.0426592747651,1317.7360682688122,-31.693408994047104,33.816803363816575,-34.695130583126,-32.128100897273995,-2.567029685852006,21.5,25.1650146484375,25.296430315290177,14.0,1.5499267578125,1267.5999755859375,0.0,0
2024-11-18,1267.5999755859375,1272.9000244140625,1243.9000244140625,1260.75,13620611,1269.189990234375,1290.8449951171874,-0.5403893750290707,-0.5403893750290711,0.6948565019439856,-1.059446733372571,-1.7916260954235597,1280.9841274198122,1312.555516608011,-31.571389188198737,30.268087872757192,-34.82909490371139,-32.668299698561476,-2.160795205149917,29.0,27.17001953125,25.160714285714285,-6.8499755859375,0.0,1260.75,0.0,0
2024-11-19,1260.75,1281.5,1235.1500244140625,1241.6500244140625,14183746,1265.55,1283.1349975585938,-1.514969310802102,-1.5149693108021056,-2.0471719526406473,-0.8306396716166842,-2.4396894750583153,1273.1173068186624,1306.1095627721975,-32.99225595353505,25.406334893700915,-36.06078471839055,-33.34679670252729,-2.713988015863258,46.3499755859375,26.3150146484375,26.835719517299108,-19.0999755859375,0.0,1241.6500244140625,0.0,0
2024-11-21,1241.6500244140625,1243.949951171875,1217.25,1223.0,19433843,1258.7699951171876,1278.0,-1.5020355210691105,-1.5020355210691116,-2.994249454689668,-3.518458223803733,-4.021973710025506,1263.09384545493,1298.554147974725,-35.46030251979505,21.844404572556797,-38.102585982655455,-34.297954558552924,-3.8046314241025314,26.699951171875,26.64500732421875,26.982142857142858,-18.6500244140625,0.0,1229.4000244140625,6.4000244140625,1
2024-11-22,1229.4000244140625,1268.8499755859375,1222.449951171875,1265.4000244140625,20471957,1250.6,1269.9400024414062,3.4668867059740394,3.466886705974037,1.9127773151059735,0.3688300149960355,1.0662493562803244,1263.5550812467566,1295.5401367419374,-31.98505549518086,36.41181084940684,-35.885732193904914,-34.61551008562333,-1.2702221082815868,46.4000244140625,28.475,29.028573172433035,36.0,6.4000244140625,1290.0,24.5999755859375,1
2024-11-25,1290.0,1304.449951171875,1282.449951171875,1287.0,28923341,1257.8800048828125,1266.5400024414062,1.706968165733936,1.7069681657339464,5.233033524121011,3.6523959806901596,1.530453201933435,1268.2440649974053,1294.7637606744886,-26.51969567708329,40.076837682603745,-32.01685174635986,-34.09577841777064,2.078926671410777,22.0,28.53499755859375,31.1107177734375,-3.0,24.5999755859375,1294.949951171875,7.949951171875,1
2024-11-26,1294.949951171875,1297.8499755859375,1284.199951171875,1295.699951171875,9247557,1263.35,1266.2699951171876,0.6759868820415695,0.6759868820415793,2.3944939286564937,5.944395026318472,2.7721555559686584,1273.7352422322992,1294.8488689015237,-21.11362666922446,48.612585158990775,-27.926800000283038,-32.86198273427312,4.935182733990082,13.6500244140625,27.23499755859375,28.164289202008927,0.75,7.949951171875,1293.5,-2.199951171875,0
2024-11-27,1293.5,1303.8499755859375,1286.0,1293.199951171875,9572746,1269.9,1267.725,-0.19294590524132652,-0.19294590524132627,0.4817366877913676,2.1969279454285617,4.1517275999039205,1277.6281840202146,1294.6989672897375,-17.070783269522963,47.38996524570999,-24.603519572441883,-31.210290101906875,6.606770529464992,17.8499755859375,27.1199951171875,27.767857142857142,-0.300048828125,-2.199951171875,1289.949951171875,-3.25,0
2024-11-28,1289.949951171875,1296.5999755859375,1269.050048828125,1270.800048828125,15027412,1279.5599853515625,1269.164990234375,-1.7321298476273217,-1.7321298476273173,-1.9217336792541895,-1.2587374647921479,3.9084259058156157,1276.2625569817967,1292.5263383386819,-16.263781356885147,38.35148650737022,-23.506314642752386,-29.669495010075977,6.163180367323591,27.5499267578125,27.69498291015625,27.728559221540177,-19.14990234375,-3.25,1280.0,9.199951171875,1
2024-11-29,1280.0,1299.5,1275.25,1292.199951171875,13202307,1289.67998046875,1270.139990234375,1.6839708468286598,1.683970846828653,-0.07732756246192629,-0.27012426733785677,2.1179015521374023,1279.4500358198125,1292.496666778063,-13.04663095825049,47.148589832736064,-20.671688204403154,-27.869933648941412,7.198245444538259,24.25,27.52498779296875,28.153555733816965,12.199951171875,9.199951171875,1288.0,-4.199951171875,0
2024-12-02,1288.0,1311.3499755859375,1277.050048828125,1309.1500244140625,11024152,1289.27998046875,1273.5799926757813,1.3117221701498871,1.311722170149876,3.0177820359152507,1.2333802849075148,1.7210586180312681,1285.3900335386625,1294.0106083813355,-8.620574842673022,55.50022369963291,-16.86310964558561,-25.668568848270255,8.805459202684645,34.2999267578125,28.80498046875,28.414263044084823,21.1500244140625,-4.199951171875,1317.0,7.8499755859375,1
2024-12-03,1317.0,1326.800048828125,1307.0,1323.300048828125,16869482,1293.689990234375,1278.5199951171876,1.0808558339519292,1.0808558339519214,2.4067558297031333,4.131255743058326,2.130130330813662,1292.9720365965552,1296.673284785589,-3.7012481890337767,60.811994320904404,-12.558231509258349,-23.046501380467873,10.488269871209525,19.800048828125,27.8849853515625,28.471409388950892,6.300048828125,7.8499755859375,1326.0,2.699951171875,1
2024-12-04,1326.0,1328.4000244140625,1304.050048828125,1308.949951171875,19608540,1300.189990234375,1285.0449951171875,-1.0844175263922962,-1.0844175263923006,-0.015282682538775294,1.2962390212760466,1.2179091087753058,1296.1676195116193,1297.7893453661602,-1.621725854540955,57.02997622859122,-10.187087124209711,-20.47461852921624,10.28753140500653,24.3499755859375,25.6849853515625,28.653547014508927,-17.050048828125,2.699951171875,1314.3499755859375,5.4000244140625,1
2024-12-05,1314.3499755859375,1329.949951171875,1306.1500244140625,1322.050048828125,16858723,1305.0699951171875,1292.314990234375,1.000809667666954,1.0008096676669576,-0.09446081416735197,0.9853740345638462,4.032892511080743,1301.3441053749204,1299.9948638627022,1.3492415122182138,64.72444178723055,-7.168238723183549,-17.813342568009702,10.645103844826153,23.7999267578125,25.39498291015625,28.499973842075892,7.7000732421875,5.4000244140625,1323.9000244140625,1.8499755859375,1
2024-12-06,1323.9000244140625,1323.9000244140625,1310.0,1311.550048828125,9037514,1313.85,1301.764990234375,-0.7942210666916338,-0.7942210666916361,0.1986399597572186,-0.8879316531731019,1.497453829703499,1303.3852940655613,1301.0453352231953,2.339958842366059,59.4455301924272,-5.558961614422969,-15.362466377292355,9.803504762869386,13.9000244140625,22.14498291015625,27.957118443080358,-12.3499755859375,1.8499755859375,1303.0,-8.550048828125,0
2024-12-09,1303.0,1315.0,1293.0999755859375,1295.1500244140625,14650002,1316.85,1303.064990234375,-1.2504306967710446,-1.2504306967710432,-2.034720579444549,-1.0542745920466778,-1.0693961531464624,1301.7382401352618,1300.5093978769103,1.2288422583515057,57.10156854313274,-5.543046036721989,-13.398582309178282,7.855536272456293,21.9000244140625,22.1349853515625,27.449977329799108,-7.8499755859375,-8.550048828125,1289.25,-5.9000244140625,0
2024-12-10,1289.25,1294.9000244140625,1280.199951171875,1284.8499755859375,16043729,1311.3,1302.4949951171875,-0.7952784336922539,-0.7952784336922591,-2.0357647248036126,-2.8138173191825766,-2.9056201786010427,1298.360587225397,1299.0858140322764,-0.725226806879391,59.254478892007235,-6.289064267983576,-11.976678700939342,5.687614432955765,14.7000732421875,22.239990234375,25.207127162388392,-4.4000244140625,-5.9000244140625,1285.0,0.1500244140625,1
2024-12-11,1285.0,1290.0,1276.050048828125,1278.199951171875,11724373,1303.1,1301.6449951171876,-0.5175720543583192,-0.5175720543583173,-1.3087343491234416,-2.542800229853859,-2.349211287449926,1294.3284600146928,1297.1870992267852,-2.8586392120923847,62.46610143622065,-7.332367516185059,-11.047816463988486,3.715448947803427,13.949951171875,21.84998779296875,24.296412876674108,-6.800048828125,0.1500244140625,1270.0,-8.199951171875,0
2024-12-12,1270.0,1278.199951171875,1260.5999755859375,1262.9000244140625,20906813,1294.2300048828124,1299.65,-1.1969900909310216,-1.196990090931016,-1.7083668590852419,-2.4900590195788497,-4.474113855711703,1288.042772894567,1294.0700924256287,-6.027319531061721,49.35666155645779,-9.28671758002929,-10.695596687196648,1.4088791071673583,17.5999755859375,20.85499267578125,22.239266531808035,-7.0999755859375,-8.199951171875,1260.0,-2.9000244140625,0
2024-12-13,1260.0,1275.199951171875,1239.5999755859375,1272.8499755859375,28630222,1281.45,1297.65,0.787865308379529,0.7878653083795317,-0.41855545222267976,-0.9339611805282977,-2.9507126530753602,1285.0042134328412,1292.1409908947478,-7.136777461906604,46.12646169228151,-9.918343689500944,-10.540146087657508,0.6218023981565644,35.5999755859375,21.989990234375,21.992841448102677,12.8499755859375,-2.9000244140625,1275.0,2.1500244140625,1
2024-12-16,1275.0,1281.0,1266.550048828125,1268.300048828125,9486781,1275.85,1296.35,-0.3574597827774643,-0.3574597827774695,0.42758922398216104,-0.7745190675898295,-2.0731170196352067,1281.6633805118981,1289.9736325250549,-8.310252013156742,42.32495400707643,-10.663135013049441,-10.564743872735896,-0.09839114031354512,14.449951171875,20.00499267578125,22.049979073660715,-6.699951171875,2.1500244140625,1261.050048828125,-7.25,0
2024-12-17,1261.050048828125,1263.9000244140625,1242.800048828125,1245.300048828125,17462791,1270.210009765625,1290.7550048828125,-1.8134510064279648,-1.8134510064279685,-2.164428431177079,-1.3936159035314977,-3.078174690377866,1274.3907141751436,1285.9123976435158,-11.521683468372203,37.96484598645556,-12.95990160542442,-11.0437754192736,-1.9161261861508194,21.0999755859375,20.1349853515625,22.596409388950892,-15.75,-7.25,1240.6500244140625,-4.6500244140625,0
2024-12-18,1240.6500244140625,1259.949951171875,1240.6500244140625,1253.25,12670179,1261.3400146484375,1282.2200073242188,0.6383964394248767,0.6383964394248709,-1.1866315736588362,-1.5398496257907346,-1.9519599534486343,1270.162571340115,1282.9430887668325,-12.780517426717552,45.24517560189896,-13.977487285392726,-11.630517792497425,-2.346969492895301,19.2999267578125,19.62998046875,22.007123674665177,12.5999755859375,-4.6500244140625,1239.0,-14.25,0
2024-12-19,1239.0,1244.9000244140625,1229.0,1230.449951171875,14244653,1255.1400146484375,1274.685009765625,-1.8192737943846002,-1.8192737943846016,-1.1924915340864595,-2.9843172907879745,-2.5694886859506605,1262.220047306467,1278.170985349109,-15.950938042642065,33.39608913904864,-16.43426073279238,-12.591266380556418,-3.842994352235964,15.9000244140625,18.839990234375,21.68927001953125,-8.550048828125,-14.25,1224.0,-6.449951171875,0
2024-12-20,1224.0,1239.5,1201.5,1205.300048828125,20312896,1247.9400146484375,1264.6950073242188,-2.0439597985921614,-2.0439597985921654,-3.826048367993218,-3.212077285120285,-5.306982602306832,1250.8360476107987,1271.5463547562922,-20.710307145493516,23.25522301353932,-20.17805822774585,-14.108624749994306,-6.069433477751545,38.0,21.24998779296875,21.953560965401785,-18.699951171875,-6.449951171875,1215.0,9.699951171875,1
2024-12-23,1215.0,1227.199951171875,1213.199951171875,1222.300048828125,10052824,1235.9400146484375,1255.8950073242188,1.4104371784045442,1.4104371784045444,-0.6623513890986032,-2.469575198234586,-3.626902012855926,1245.128847854264,1267.0694178537315,-21.94056999946747,24.365480501945555,-21.525158165641415,-15.59193143312373,-5.933226732517685,14.0,20.4599853515625,22.103550502232142,7.300048828125,9.699951171875,1222.300048828125,0.0,0
2024-12-24,1222.300048828125,1233.550048828125,1221.0,1222.75,6734917,1228.1900146484375,1249.2000122070312,0.03681184274731796,0.03681184274730853,1.447768229068025,-0.6257833701030724,-1.810812490479341,1240.6530782834113,1263.0403798670286,-22.387301583617273,26.460942779076817,-22.299383856371378,-16.93342191777326,-5.365961938598119,12.550048828125,20.24498291015625,21.260698590959823,0.449951171875,0.0,1224.25,1.5,1
2024-12-26,1224.25,1227.699951171875,1214.25,1216.550048828125,10016178,1224.910009765625,1243.1250122070312,-0.507049778930689,-0.5070497789306905,-0.47042459055064434,0.933377544532421,-2.9283822997705933,1235.832472392354,1258.8139861362192,-22.981513743865207,20.06237768637301,-23.146429902917816,-18.17602351480217,-4.970406388115645,13.449951171875,20.19498291015625,20.521414620535715,-7.699951171875,1.5,1218.300048828125,1.75,1
2024-12-27,1218.300048828125,1227.9000244140625,1217.0,1221.050048828125,7000397,1220.77001953125,1237.9550170898438,0.36989846856976805,0.3698984685697626,-0.13902687972807692,-0.10226621533709901,-0.7639402427378372,1232.8759876795082,1255.3809009263925,-22.50491324688437,23.413583332670825,-23.18731862995037,-19.178282537831812,-4.009036092118556,10.9000244140625,19.52498779296875,20.339268275669642,2.75,1.75,1216.4000244140625,-4.6500244140625,0
2024-12-30,1216.4000244140625,1223.199951171875,1208.0999755859375,1210.699951171875,8818766,1219.2500244140624,1233.59501953125,-0.847639100967505,-0.8476391009675011,-0.48087603645121657,-0.9854875345021497,0.4480131191399339,1228.4407803779816,1251.3189964032547,-22.878216025273105,24.276517489412072,-23.780759825931,-20.09877799545165,-3.6819818304793515,15.0999755859375,17.47498779296875,19.853550502232142,-5.7000732421875,-4.6500244140625,1208.0,-2.699951171875,0
2024-12-31,1208.0,1219.0999755859375,1206.1500244140625,1215.449951171875,6405475,1217.8500244140625,1226.89501953125,0.3923350286255752,0.3923350286255678,-0.4586296574513482,-0.0904276529609005,-0.5604268495953635,1225.8426145367603,1248.0581741094927,-22.215559572732445,28.121012042231612,-23.59578344299939,-20.7981790849612,-2.7976043580381926,12.949951171875,17.32498779296875,19.710684640066965,7.449951171875,-2.699951171875,1214.8499755859375,-0.5999755859375,0
2025-01-01,1214.8499755859375,1226.300048828125,1211.5999755859375,1221.25,5892590,1216.360009765625,1222.2750122070313,0.4771935547434831,0.47719355474349356,0.8714007808386715,0.016375346126640267,-0.12267429973420452,1224.9240916294084,1245.621067372266,-20.696975742857603,31.949271551190648,-22.71927915164406,-21.182399098297772,-1.5368800533462874,14.7000732421875,16.68499755859375,19.764264787946427,6.4000244140625,-0.5999755859375,1221.25,0.0,0
2025-01-02,1221.25,1244.449951171875,1220.0,1241.800048828125,15486276,1215.760009765625,1220.335009765625,1.6827061476458547,1.6827061476458516,2.1679294676711702,2.568770042994317,2.0755414069748124,1228.299283069152,1245.2737020500713,-16.97441898091938,43.52760626521173,-20.134329966695987,-20.972785271977415,0.8384553052814283,24.449951171875,17.2,20.253548758370535,20.550048828125,0.0,1243.9000244140625,2.0999755859375,1
2025-01-03,1243.9000244140625,1262.050048828125,1235.5,1251.1500244140625,15521102,1220.8800048828125,1220.8250122070312,0.7529372860599405,0.7529372860599404,2.4483131557062388,2.937189903028692,2.465089421586386,1232.869431338134,1245.8079131740703,-12.938481835936273,43.31897279862419,-17.13376682671378,-20.204981582924688,3.0712147562109067,26.550048828125,18.26500244140625,19.607125418526785,7.25,2.0999755859375,1253.949951171875,2.7999267578125,1
2025-01-06,1253.949951171875,1262.0,1215.0,1218.0,14816766,1228.389990234375,1223.8200073242188,-2.649564302217657,-2.649564302217655,-1.9165765737072515,-0.2661207778915098,0.602961024410642,1229.8955450705073,1243.2799210673365,-13.384375996829249,36.83244525099224,-17.23208805973877,-19.610402878287506,2.378314818548734,47.0,19.16500244140625,21.93212890625,-35.949951171875,2.7999267578125,1222.0,4.0,1
2025-01-07,1222.0,1244.5,1221.25,1240.8499755859375,10070505,1231.189990234375,1224.5200073242188,1.8760242681393677,1.8760242681393757,-0.8232465033878533,-0.07650774720809883,2.0897630864662897,1232.0864311735934,1243.0590169326638,-10.972585759070398,48.834140035364356,-15.289953217677976,-18.746312946165602,3.4563597284876266,23.25,20.09000244140625,22.003557477678573,18.8499755859375,4.0,1249.0,8.1500244140625,1
2025-01-08,1249.0,1271.050048828125,1245.3499755859375,1265.5,19346579,1238.0199951171876,1227.1900024414062,1.9865434902734795,1.9865434902734735,3.8998357963875296,1.1469428370636692,3.6233367451381726,1238.769144938875,1245.0991063024214,-6.329961363546545,52.95109185540078,-11.627709405623364,-17.322592238057155,5.694882832433791,25.7000732421875,21.4050048828125,22.782139369419642,16.5,8.1500244140625,1267.0,1.5,1
2025-01-09,1267.0,1269.75,1248.050048828125,1254.75,12794704,1247.1699951171875,1231.4650024414063,-0.8494666139865665,-0.8494666139865714,1.1202018525647173,3.0172413793103425,1.0428370641550444,1241.9653159511,1245.9764602749285,-4.011144323828603,56.214842221987006,-9.483470414348403,-15.754767873315405,6.271297458967002,21.699951171875,22.2300048828125,22.599993024553573,-12.25,1.5,1253.8499755859375,-0.9000244140625,0
2025-01-10,1253.8499755859375,1256.75,1236.0,1241.9000244140625,8120332,1249.1599853515625,1235.0199951171876,-1.024106442393903,-1.0241064423939017,-1.864873614060647,0.08462335083088135,-0.7393198113337274,1241.9522576436925,1245.605875196668,-3.6536175529754473,59.989067728322894,-8.720506631295166,-14.347915624911357,5.627408993616191,20.75,23.21500244140625,21.367850167410715,-11.949951171875,-0.9000244140625,1230.0,-11.9000244140625,0
2025-01-13,1230.0,1245.25,1226.4000244140625,1239.8499755859375,13764861,1244.3699951171875,1236.3799926757813,-0.16507357982316073,-0.16507357982316062,-1.187489493051408,-2.026868780249902,1.793922461899622,1241.5318012321416,1245.0826115956925,-3.5508103635509087,55.21542305037968,-8.186900649308427,-13.115712629790773,4.928811980482346,18.8499755859375,23.59000244140625,21.149998256138392,9.8499755859375,-11.9000244140625,1244.0999755859375,4.25,1
2025-01-14,1244.0999755859375,1253.3499755859375,1227.25,1238.75,13095266,1248.789990234375,1239.989990234375,-0.08871844235974319,-0.08871844235974757,-0.253645571474137,-1.2751544132297288,-0.16923686402506855,1240.9754409857132,1244.5069196324475,-3.5314786467342856,54.73652184643134,-7.763282611595287,-12.045226626151678,4.281944014556391,26.0999755859375,24.9050048828125,22.117850167410715,-5.3499755859375,4.25,1244.949951171875,6.199951171875,1
2025-01-15,1244.949951171875,1257.0,1241.8499755859375,1252.199951171875,9578856,1247.97998046875,1242.9999877929688,1.0857680058022199,1.0857680058022234,0.9960862869800913,0.8293684318648742,-1.0509718552449643,1243.2203430229456,1245.2062861360318,-1.9859431130862504,60.11917566402451,-6.26998710267776,-10.890178721456895,4.620191618779135,15.1500244140625,24.95,22.460710797991073,7.25,6.199951171875,1258.9000244140625,6.7000732421875,1
2025-01-16,1258.9000244140625,1275.0,1251.300048828125,1266.449951171875,14117603,1246.3599853515625,1246.764990234375,1.1379971694348092,1.1379971694348123,2.2361211844096784,2.145418890165862,0.9324527732117893,1247.8662646527316,1247.1375284120177,0.7287362407139426,62.21082548435074,-3.8918212526407387,-9.490507227693664,5.598685975052925,23.699951171875,24.875,23.342851911272323,7.5499267578125,6.7000732421875,1322.25,55.800048828125,1
2025-01-17,1322.25,1326.0,1285.0,1302.3499755859375,29366277,1260.039990234375,1254.5999877929687,2.834697445472945,2.8346974454729557,4.004953391599275,5.134205899974775,4.867537642604991,1258.7630068393728,1252.1568417914648,6.606165047908007,71.67178354225264,0.8795849506768718,-7.416488792019557,8.296073742696429,41.0,26.3199951171875,26.517857142857142,-19.9000244140625,55.800048828125,1316.0,13.6500244140625,1
2025-01-20,1316.0,1316.0,1300.25,1305.449951171875,14040244,1277.239990234375,1260.8049926757812,0.23802938104581273,0.23802938104582338,3.0794742393027486,4.2525157384142975,5.290960751516383,1268.1003957058733,1257.0016699169566,11.098725788916681,71.44898928694099,4.8551339037137495,-4.962164252872896,9.817298156586645,15.75,23.1949951171875,26.717860630580358,-10.550048828125,13.6500244140625,1310.5,5.050048828125,1
2025-01-21,1310.5,1313.0,1270.199951171875,1273.699951171875,14562976,1290.5199951171876,1269.6549926757812,-2.4321116233907465,-2.4321116233907425,-2.1998713825884364,0.5724663649985917,2.821388591069618,1269.2203067990736,1258.5196954855855,10.700611313488025,61.1240581245257,5.381787540381083,-2.8933738942221003,8.275161434603184,42.800048828125,25.15,28.725001743861608,-36.800048828125,5.050048828125,1278.300048828125,4.60009765625,1
2025-01-22,1278.300048828125,1282.9000244140625,1268.699951171875,1277.0999755859375,10273590,1297.1900146484375,1272.5849975585938,0.2669407666173095,0.26694076661730737,-2.17166315418591,-1.9388029695044051,1.9885022668112873,1270.7962405564465,1260.2088118583447,10.587428698101803,58.074088389637176,6.00430401763424,-1.1138383118508322,7.118142329485073,14.2000732421875,24.0,27.992867606026785,-1.2000732421875,4.60009765625,1270.0,-7.0999755859375,0
2025-01-23,1270.0,1277.3499755859375,1261.5999755859375,1263.6500244140625,8720682,1299.410009765625,1272.8849975585938,-1.0531635290106494,-1.0531635290106478,-0.7890340851914202,-3.2019555188837034,-0.2210846749389206,1269.3669973279698,1260.52164936341,8.845347964559778,52.80646339355122,5.350674907552957,0.17906433202992567,5.171610575523031,15.75,23.4050048828125,27.221435546875,-6.3499755859375,-7.0999755859375,1266.0,2.3499755859375,1
2025-01-24,1266.0,1273.0,1243.5,1246.300048828125,14235970,1288.160009765625,1274.1,-1.3730048075599453,-1.373004807559941,-2.411708350685815,-2.1512054168283945,-4.303753047071335,1264.7536076280007,1259.228776587475,5.524831040525669,56.83906386436291,3.3935523397215093,0.8219619335682424,2.571590406153267,29.5,24.2800048828125,25.971435546875,-19.699951171875,2.3499755859375,1239.0999755859375,-7.2000732421875,0
2025-01-27,1239.0999755859375,1240.449951171875,1220.0,1229.3499755859375,9536019,1272.7800048828126,1275.0099975585938,-1.3600314994872518,-1.3600314994872464,-2.7143630091749027,-3.7389398569279697,-5.829405831883805,1257.6728812195881,1256.5125219509716,1.160359268616503,47.13930019925272,0.4693786465768426,0.7514452761699626,-0.28206662959312,20.449951171875,24.44000244140625,25.9571533203125,-9.75,-7.2000732421875,1238.0,8.6500244140625,1
2025-01-28,1238.0,1244.75,1218.5,1234.4000244140625,10568025,1258.2800048828126,1274.4,0.4107901678460624,0.4107901678460646,-0.9548282073206904,-2.314723177690181,-3.085493308031795,1253.018309858483,1254.5022949021616,-1.4839850436785582,41.42778858873534,-1.4241367751142207,0.316328865913126,-1.7404656410273467,26.25,24.4550048828125,25.675005231584823,-3.5999755859375,8.6500244140625,1236.0,1.5999755859375,1
2025-01-29,1236.0,1242.75,1228.050048828125,1235.5,5928156,1249.8199951171875,1273.5050048828125,0.08911013967774585,0.0891101396777394,0.5002663632161619,-0.8665689163921741,-3.257378152156909,1249.5146478867864,1252.7748135474194,-3.2601656606329925,44.395920689706614,-2.8036834345396073,-0.30767359417742063,-2.496009840362187,14.699951171875,24.40999755859375,25.175005231584823,-0.5,1.5999755859375,1235.550048828125,0.050048828125,1
2025-01-30,1235.550048828125,1257.0,1232.4000244140625,1253.050048828125,9269259,1242.9300048828125,1271.1700073242187,1.4204814915520032,1.4204814915520059,1.5108574242709727,1.9278540458661064,-0.8388379204006702,1250.2217280750542,1252.7998349365744,-2.578106861520155,53.15953666794126,-2.45257013088235,-0.7366529015184065,-1.7159172293639435,24.5999755859375,24.5,25.450003487723215,17.5,0.050048828125,1255.8499755859375,2.7999267578125,1
2025-01-31,1255.8499755859375,1267.0,1249.0,1265.0999755859375,6584612,1240.9,1264.5300048828126,0.9616476827148132,0.9616476827148057,2.3957892016137183,2.487034232395402,1.5084591206980802,1253.197377577231,1253.918029541062,-0.7206519638309601,56.77124985695863,-1.188284124477832,-0.8269791461102916,-0.3613049783675404,18.0,22.2,25.389290945870535,9.25,2.7999267578125,1265.0999755859375,0.0,0
2025-02-01,1265.0999755859375,1270.550048828125,1241.0,1264.5999755859375,7118453,1246.1,1259.4400024414062,-0.03952256814868899,-0.0395225681486866,0.9217450467053689,2.3553197560451267,2.8673689917469547,1255.4778971789724,1254.8891155451415,0.5887816338308767,56.95452328071948,-0.2240909955346524,-0.7064015159951638,0.48231052046051137,29.550048828125,23.5800048828125,25.635724748883927,-0.5,0.0,1251.0,-13.5999755859375,0
2025-02-03,1251.0,1256.0,1237.550048828125,1245.9000244140625,9252345,1248.7,1253.4900024414062,-1.4787246190804804,-1.4787246190804848,-1.5176627572838663,-0.5706096433058971,0.9316266828055753,1253.5623226259904,1254.0719254423161,-0.509602816325696,48.35166376213238,-0.9578492814919173,-0.7566910690945146,-0.20115821239740272,18.449951171875,21.1449951171875,26.264290945870535,-5.0999755859375,-13.5999755859375,1248.050048828125,2.1500244140625,1
2025-02-04,1248.050048828125,1288.800048828125,1246.5999755859375,1285.199951171875,16691069,1251.110009765625,1250.4650024414063,3.1543403152508134,3.1543403152508143,1.6289716893591377,1.5888053097643962,4.022658937424128,1259.8898483351675,1256.901745963185,2.9881023719824498,54.33726422780134,1.6132214242245482,-0.282708570430702,1.8959299946552501,42.2000732421875,23.9449951171875,27.635724748883927,37.14990234375,2.1500244140625,1282.6500244140625,-2.5499267578125,0
2025-02-05,1282.6500244140625,1290.5,1276.699951171875,1278.199951171875,10112028,1260.5300048828126,1251.7300048828124,-0.5446623300613448,-0.5446623300613407,2.5924974817303603,1.0754369641384987,2.0070947977912423,1263.551868902509,1258.8379464367022,4.713922465806945,43.55138788995113,3.0508042116182423,0.3839939859790869,2.6668102256391553,13.800048828125,23.75,24.367867606026785,-4.4500732421875,-2.5499267578125,1273.699951171875,-4.5,0
2025-02-06,1273.699951171875,1288.0,1270.3499755859375,1281.550048828125,9956001,1264.1,1252.5,0.2620949604307663,0.26209496043076985,-0.2839949021490318,2.86138724741003,1.3002982815305542,1267.1515048876324,1260.9026830177406,6.248821869891799,43.62668945087385,4.409592770198742,1.189113742823018,3.220479027375724,17.6500244140625,22.56500244140625,24.503583635602677,7.85009765625,-4.5,1276.1500244140625,-5.4000244140625,0
2025-02-07,1276.1500244140625,1283.699951171875,1262.0,1266.699951171875,8764283,1266.310009765625,1256.2050048828125,-1.1587606484685657,-1.1587606484685709,-0.8997027413008896,-1.4394647294478369,0.1660584869902726,1267.0611941444809,1261.4297073953892,5.631486749091664,47.94841459010747,4.239295756392039,1.7991501455368222,2.440145610855217,21.699951171875,22.69000244140625,22.996433803013392,-9.4500732421875,-5.4000244140625,1264.5,-2.199951171875,0
2025-02-10,1264.5,1266.5,1245.550048828125,1253.6500244140625,6970972,1269.010009765625,1258.8550048828124,-1.03023030400684,-1.0302303040068406,-2.177053049123978,-1.9206640350208692,0.6220402799690827,1264.3789601983972,1260.7224634879958,3.6564967104013704,43.4951557973596,3.0165413089814592,2.04262837822575,0.9739129307557093,20.949951171875,22.15999755859375,23.492850167410715,-10.8499755859375,-2.199951171875,1264.550048828125,10.9000244140625,1
2025-02-11,1264.550048828125,1264.550048828125,1230.0999755859375,1234.8499755859375,8859714,1272.310009765625,1261.710009765625,-1.499624972042087,-1.4996249720420907,-2.5144056851404972,-3.6440303899867965,-3.917676431595507,1258.4731632759053,1258.3704191332633,0.1027441426419955,42.2413670522285,0.5244472763281465,1.7389921578462293,-1.2145448815180828,34.4500732421875,24.135009765625,24.828569684709823,-29.7000732421875,10.9000244140625,1219.449951171875,-15.4000244140625,0
2025-02-12,1219.449951171875,1226.9000244140625,1193.3499755859375,1216.550048828125,21131654,1259.6699951171875,1260.1,-1.4819554698641968,-1.4819554698641935,-2.9593566676056615,-3.9590987824191792,-4.823181403443833,1250.0885403863492,1254.5685672873417,-4.4800269009924705,42.026265349637086,-2.8938478726854555,0.8124241517398925,-3.706272024425348,33.550048828125,25.03001708984375,25.685712541852677,-2.89990234375,-15.4000244140625,1217.050048828125,0.5,1
2025-02-13,1217.050048828125,1228.0,1212.0,1216.0999755859375,8511216,1248.3400146484375,1256.2200073242188,-0.03699586733986369,-0.03699586733986182,-1.5184030749243904,-2.9952576952786636,-5.10710239541845,1243.2908274262668,1251.071422587214,-7.780595160947314,46.10408435620744,-5.574924297953885,-0.46504553819886296,-5.109878759755022,16.0,24.83001708984375,24.949994768415177,-0.9500732421875,0.5,1219.0,2.9000244140625,1
2025-02-14,1219.0,1224.0,1205.449951171875,1217.25,10298145,1236.910009765625,1251.610009765625,0.0945666011964517,0.09456660119644411,0.05753574812226159,-1.4252723759083596,-3.903840931400282,1238.0826619410134,1247.9967478065582,-9.914085865544848,44.83899053597481,-7.520211010669982,-1.876078632693087,-5.644132377976895,18.550048828125,23.73001708984375,24.399998256138392,-1.75,2.9000244140625,1211.0999755859375,-6.1500244140625,0
2025-02-17,1211.0999755859375,1227.5,1204.5,1224.9000244140625,8166683,1226.2300048828124,1247.6200073242187,0.628467809740193,0.6284678097401963,0.7236287315839363,0.6863651515184976,-2.2933035089627407,1235.4461344356232,1245.8970456799677,-10.450911244344525,46.931098948701596,-8.3483372738051,-3.17053036091549,-5.1778069128896105,23.0,24.18502197265625,24.99285888671875,13.800048828125,-6.1500244140625,1224.8499755859375,-0.050048828125,0
2025-02-18,1224.8499755859375,1229.9000244140625,1216.0999755859375,1225.4000244140625,6673250,1218.289990234375,1245.3,0.04081965793405692,0.04081965793405473,0.6695440060844104,0.7647437722909212,-0.7652711955872249,1233.4369124313112,1244.03368011034,-10.596767679028744,41.11788256019973,-8.862130360035735,-4.308850360739539,-4.553279999296196,13.800048828125,21.34501953125,24.221435546875,0.550048828125,-0.050048828125,1219.5,-5.9000244140625,0
2025-02-19,1219.5,1232.75,1217.550048828125,1227.449951171875,6217338,1218.3,1238.9849975585937,0.1672863323789057,0.167286332378902,0.20817427602159988,0.837950394074749,0.8959682632251553,1232.2395201794238,1242.5260683886613,-10.28654820923748,37.07517044828071,-9.000154941387564,-5.247111276869145,-3.753043664518419,15.199951171875,21.485009765625,24.021432059151785,7.949951171875,-5.9000244140625,1223.949951171875,-3.5,0
2025-02-20,1223.949951171875,1239.3499755859375,1222.0,1233.0,7795582,1219.67998046875,1234.0099975585938,0.4521609066688413,0.45216090666884146,0.620203642444972,0.6612764653843639,1.3896903834670127,1232.391616143539,1241.6600621715102,-9.268446027971095,39.51560341993907,-8.562989052267085,-5.910286831948733,-2.6527022203183517,17.3499755859375,21.4550048828125,23.149998256138392,9.050048828125,-3.5,1228.699951171875,-4.300048828125,0
2025-02-21,1228.699951171875,1240.0,1222.1500244140625,1228.1500244140625,6904025,1221.619970703125,1229.264990234375,-0.39334757387976477,-0.3933475738797654,0.05703476883265335,0.22441651258453543,0.8954630859776103,1231.5432977976438,1240.431876920833,-8.888579123189174,43.51479739944028,-8.509788883289957,-6.430187242216978,-2.079601641072979,17.8499755859375,21.07000732421875,22.49285888671875,-0.5499267578125,-4.300048828125,1216.550048828125,-11.5999755859375,0
2025-02-24,1216.550048828125,1223.25,1210.5,1214.550048828125,7172498,1222.7099853515624,1224.4699951171874,-1.1073545833641867,-1.107354583364184,-1.4963464048560415,-1.0509513916583058,-0.8449649260876213,1228.1446480037403,1238.0789834578595,-9.934335454119264,18.218707001470477,-9.456028525467673,-7.035355498867117,-2.4206730266005554,12.75,20.25001220703125,20.689287458147323,-2.0,-11.5999755859375,1211.0,-3.550048828125,0
2025-02-25,1211.0,1221.0,1201.5,1204.0,11552182,1219.939990234375,1219.114990234375,-0.8686384590165186,-0.8686384590165241,-1.9663741345919195,-2.3519870235198748,-1.7463704902646038,1223.3157184029922,1234.9808940525995,-11.665175649607363,17.6548257337013,-10.93122269835817,-7.814528938765328,-3.1166937595928417,19.5,18.7550048828125,21.096426827566965,-7.0,-3.550048828125,1212.800048828125,8.800048828125,1
2025-02-27,1212.800048828125,1215.0,1200.6500244140625,1207.0999755859375,11509215,1218.6,1218.45,0.2574730553104236,0.25747305531043096,-0.6134019136861291,-1.7139639628446668,-1.6579067493960875,1220.0725698395813,1232.446265101085,-12.373695261503599,17.4748665395755,-11.715137770566571,-8.594650705125577,-3.1204870654409937,14.3499755859375,16.83499755859375,20.860709054129465,-5.7000732421875,8.800048828125,1202.0,-5.0999755859375,0
2025-02-28,1202.0,1217.3499755859375,1193.300048828125,1200.0999755859375,23007298,1214.210009765625,1216.9449951171875,-0.5799022567788666,-0.5799022567788636,-0.3239222935267905,-1.1897470389244047,-2.66829070673662,1216.0780509888527,1229.5056933269805,-13.427642338127725,18.761727911686748,-12.754214960808895,-9.426563556262241,-3.3276514045466534,24.0499267578125,17.639990234375,21.028564453125,-1.9000244140625,-5.0999755859375,1204.0,3.9000244140625,1
2025-03-03,1204.0,1206.449951171875,1156.0,1171.25,17944938,1209.27001953125,1215.4449951171875,-2.403964350707679,-2.403964350707677,-2.969925963964637,-2.7200996677740896,-4.632986466063782,1207.1124407910822,1224.2097212063459,-17.09728041526364,16.339864152936585,-15.724382151349346,-10.686127275279663,-5.038254876069683,50.449951171875,20.82998046875,23.121425083705358,-32.75,3.9000244140625,1162.199951171875,-9.050048828125,0
2025-03-04,1162.199951171875,1174.0,1159.550048828125,1161.9000244140625,11377373,1198.4,1210.5549926757812,-0.7982903381803628,-0.798290338180363,-3.183064073743047,-3.7445076701235536,-4.334940702103019,1198.0699575156782,1218.5452033161382,-20.475245800460016,17.70695543780485,-18.618107978128364,-12.272523415849404,-6.34558456227896,14.449951171875,19.9749755859375,21.692844935825892,-0.2999267578125,-9.050048828125,1161.0,-0.9000244140625,0
2025-03-05,1161.0,1183.0,1157.0,1175.5999755859375,8664095,1188.4,1204.1699951171875,1.1790989658326054,1.1790989658326145,0.37139599453042127,-2.0414965834857357,-2.3588060144570155,1193.57596112973,1214.6410917043017,-21.06513057457164,31.10286516930948,-19.58022631898075,-13.734063996475674,-5.846162322505075,26.0,21.194970703125,20.585702078683035,14.5999755859375,-0.9000244140625,1197.0,21.4000244140625,1
2025-03-06,1197.0,1213.949951171875,1185.1500244140625,1209.5999755859375,14468014,1185.239990234375,1201.9199951171875,2.8921402437979693,2.892140243797958,4.1053404053356335,3.274277531350056,0.20710794884959416,1196.7807640209717,1214.1828084208141,-17.402044399842453,47.70964840308509,-17.398635545358275,-14.466978306252196,-2.9316572391060784,28.7999267578125,22.55496826171875,22.18212890625,12.5999755859375,21.4000244140625,1216.0,6.4000244140625,1
2025-03-07,1216.0,1254.800048828125,1212.0,1249.800048828125,16474965,1188.039990234375,1201.125,3.323418820566224,3.323418820566215,6.311676997543736,7.565196881581082,4.1413277437925,1207.3846209824023,1217.4207393669333,-10.036118384530937,58.99420864690617,-12.284293506301537,-14.030441346262064,1.7461478399605266,42.800048828125,25.0999755859375,24.085702078683035,33.800048828125,6.4000244140625,1245.0,-4.800048828125,0
2025-03-10,1245.0,1258.0,1235.4000244140625,1238.4000244140625,11931051,1196.239990234375,1202.7550048828125,-0.9121478611520085,-0.9121478611520129,2.3809564657252924,5.341957309655809,5.733193119663826,1213.5877016687343,1219.3279470984905,-5.740245429756214,53.65457188566262,-9.046742078460966,-13.033701492701846,3.9869594142408804,22.5999755859375,25.5749755859375,24.05712890625,-6.5999755859375,-4.800048828125,1240.0,1.5999755859375,1
2025-03-11,1240.0,1249.5,1229.75,1247.300048828125,10089838,1211.8,1205.1,0.7186712078977441,0.7186712078977475,-0.20003199730581622,3.116738922214779,7.350032069852919,1220.3301711006125,1221.8708654375482,-1.5406943369357577,55.67063997802965,-5.697128703635599,-11.566386934888598,5.869258231252999,19.75,26.2749755859375,24.482125418526785,7.300048828125,1.5999755859375,1258.0,10.699951171875,1
2025-03-12,1258.0,1263.0,1244.0,1257.050048828125,11977555,1231.2,1209.8,0.781688416444817,0.7816884164448146,1.505977393927016,0.5800927921868704,6.928383373059499,1227.674146646115,1225.0689730185097,2.6051736276053816,57.370536452866105,-2.2300854190443715,-9.699126631719754,7.469041212675382,19.0,26.2249755859375,24.753557477678573,-0.949951171875,10.699951171875,1260.050048828125,3.0,1
2025-03-13,1260.050048828125,1264.1500244140625,1243.8499755859375,1247.9000244140625,9505270,1243.810009765625,1214.525,-0.7278965879355829,-0.7278965879355836,0.04810194519764277,0.7671188479259738,3.16634007946075,1231.7193221997047,1227.1445231453781,4.574799054326604,53.6448159524997,-0.21824336393046906,-7.802949978161897,7.584706614231428,20.300048828125,26.81998291015625,24.964276994977677,-12.1500244140625,3.0,1242.1500244140625,-5.75,0
2025-03-17,1242.1500244140625,1257.4000244140625,1233.0999755859375,1238.8499755859375,16640917,1249.0400146484376,1218.5400024414062,-0.7252222654915285,-0.7252222654915319,-1.4478399853016466,-0.6774691663105958,-0.8761460085119133,1233.1454528769514,1228.2086551854288,4.936797691522543,52.56470072976454,0.6385320532335754,-6.114653571882803,6.753185625116378,24.300048828125,26.8449951171875,25.424996512276785,-3.300048828125,-5.75,1238.8499755859375,0.0,0
2025-03-18,1238.8499755859375,1238.8499755859375,1238.8499755859375,1238.8499755859375,0,1247.810009765625,1222.025,0.0,0.0,-0.7252222654915319,-1.4478399853016466,0.036333265746502086,1234.2863574187486,1229.1760479491113,5.110309469637286,56.23074251318741,1.302518125903589,-4.631219232325525,5.933737358229114,0.0,21.8,24.164280482700892,0.0,0.0,1241.050048828125,2.2000732421875,1
2025-03-19,1241.050048828125,1253.25,1238.800048828125,1247.1500244140625,16162399,1248.02001953125,1229.910009765625,0.6699801422040094,0.6699801422040075,0.6699801422040075,-0.06010096845315838,-0.012027932990421597,1236.8590908178114,1230.8100458095614,6.049045008250005,61.19325031197955,2.4700037802285806,-3.210974629814704,5.680978410043284,14.449951171875,21.8,23.803562709263392,6.0999755859375,2.2000732421875,1251.8499755859375,4.699951171875,1
2025-03-20,1251.8499755859375,1273.0,1250.050048828125,1269.1500244140625,15971477,1246.7900146484376,1238.9950073242187,1.7640219355595221,1.7640219355595121,2.4458206744359057,2.4458206744359057,0.9625691194409924,1243.3172775370617,1234.2954984099706,9.021779127091122,64.65863165095635,5.111538081705703,-1.546472087510623,6.658010169216326,22.949951171875,21.4949951171875,24.624991280691965,17.300048828125,4.699951171875,1275.0,5.8499755859375,1
2025-03-21,1275.0,1281.0,1270.0999755859375,1276.3499755859375,21780769,1249.7800048828126,1246.7950073242187,0.5673049705214364,0.5673049705214428,2.341334290202468,3.027000907213462,2.279826157166176,1249.9238171468369,1238.118632698695,11.805184448141972,67.99621095402676,7.697220171141453,0.30226636421979225,7.39495380692166,10.9000244140625,19.7050048828125,23.753566196986608,1.3499755859375,5.8499755859375,1291.0,14.6500244140625,1
2025-03-24,1291.0,1306.0,1284.25,1302.0999755859375,20299319,1259.55,1254.2950073242187,2.0174717352251976,2.017471735225196,2.5962219231794315,4.4060417829596465,5.105541530166691,1260.359048834657,1243.935118415717,16.423930418940017,81.34128773498472,11.689452917324616,2.579703674840757,9.109749242483858,21.75,17.6,22.267857142857142,11.0999755859375,14.6500244140625,1307.699951171875,5.5999755859375,1
2025-03-25,1307.699951171875,1307.699951171875,1282.5999755859375,1285.449951171875,13713899,1273.3199951171875,1260.5650024414062,-1.278705531544925,-1.2787055315449214,0.7129686810045888,1.2843183582916362,3.7615511566602144,1265.3772293021007,1247.7091941208223,17.668035181278356,78.59287364551244,13.355850381533173,4.734933016179241,8.620917365353932,25.0999755859375,17.85,23.028573172433035,-22.25,5.5999755859375,1291.0,5.550048828125,1
2025-03-26,1291.0,1293.800048828125,1268.75,1273.050048828125,12074747,1283.3099853515625,1265.6650024414062,-0.9646351717113281,-0.9646351717113255,-2.2310058599563476,-0.2585440373669923,2.0767368726333446,1266.9117932073054,1250.0129081851226,16.898885022182867,72.68917287444252,13.52006301830329,6.491959016604051,7.028104001699239,25.050048828125,18.3800048828125,22.960719517299108,-17.949951171875,5.550048828125,1278.1500244140625,5.0999755859375,1
2025-03-27,1278.1500244140625,1285.0,1271.300048828125,1278.199951171875,15028056,1288.5699951171875,1267.6800048828125,0.40453259072497705,0.40453259072497083,-0.5640048446375223,-1.8354984150358855,0.7130698958927706,1269.1694248002195,1252.5753666384637,16.59405816175581,68.45076584469071,13.905463270906012,7.974659867464444,5.930803403441567,13.699951171875,17.85,21.200003487723215,0.0499267578125,5.0999755859375,1280.0,1.800048828125,1
2025-03-28,1280.0,1295.75,1269.0,1275.0999755859375,18147129,1289.5699951171875,1269.675,-0.24252665501163498,-0.24252665501163229,0.1610248363526301,-0.8051636375653537,-0.09793552112743464,1270.3555349573633,1254.6230583609613,15.732476596401966,58.501318155425466,13.801656718130516,9.140059237597658,4.661597480532858,26.75,18.4949951171875,19.88214111328125,-4.9000244140625,1.800048828125,1264.5999755859375,-10.5,0
2025-04-01,1264.5999755859375,1277.9000244140625,1249.300048828125,1252.5999755859375,12099648,1284.289990234375,1271.9199951171875,-1.7645675186889354,-1.764567518688931,-2.0028146271220737,-1.6063840742956081,-3.8015514114210225,1266.8044230830783,1254.43914174505,12.365281338028353,54.44025784896229,11.768171165749436,9.665681623228014,2.102489542521422,28.5999755859375,18.92498779296875,20.310712541852677,-12.0,-10.5,1247.550048828125,-5.0499267578125,0
2025-04-02,1247.550048828125,1255.550048828125,1243.9000244140625,1251.1500244140625,10142590,1272.260009765625,1272.7900024414062,-0.11575532493498142,-0.1157553249349852,-1.8782802627589579,-2.11625158747758,-2.6683206706370144,1263.6735433492752,1254.1401310785964,9.53341227067881,51.26269778558336,9.92520864614744,9.7175870278119,0.20762161833553883,11.6500244140625,20.089990234375,19.732142857142858,3.5999755859375,-5.0499267578125,1233.050048828125,-18.0999755859375,0
2025-04-03,1233.050048828125,1251.800048828125,1233.050048828125,1248.699951171875,7434366,1260.67001953125,1271.9900024414062,-0.19582569591004212,-0.19582569591004573,-0.31135434217441915,-2.0704278032733114,-1.9127368699027092,1260.6788249137953,1253.6455692688942,7.033255644901146,47.12362505381163,8.172736913223389,9.408617004894198,-1.2358800916708095,18.75,20.5199951171875,19.714285714285715,15.64990234375,-18.0999755859375,1241.0999755859375,-7.5999755859375,0
2025-04-04,1241.0999755859375,1245.449951171875,1193.1500244140625,1204.699951171875,17908652,1253.260009765625,1270.9150024414062,-3.5236647489820956,-3.5236647489820916,-3.7125902038759095,-3.824048007956893,-5.750274042227432,1249.4830501654112,1249.1959676237104,0.2870825417007836,37.999968561352645,3.1966096362803,8.166215531171419,-4.969605894891119,52.2999267578125,23.45499267578125,22.232134137834823,-36.4000244140625,-7.5999755859375,1132.199951171875,-72.5,0
2025-04-07,1132.199951171875,1171.25,1114.8499755859375,1165.699951171875,22156106,1223.7,1256.6349975585938,-3.2373206259419742,-3.237320625941975,-6.64691304921623,-6.829722381391101,-8.57972131665916,1232.726430366704,1241.6054206735434,-8.878990306839341,32.579163353154684,-3.8496052916525514,5.763051366606625,-9.612656658259176,56.4000244140625,28.00499267578125,26.914271763392858,33.5,-72.5,1172.0,6.300048828125,1
2025-04-08,1172.0,1196.5999755859375,1163.300048828125,1182.199951171875,19555040,1205.1800048828125,1244.7349975585937,1.4154585820658734,1.415458582065865,-1.8676849765049797,-5.325538768347937,-5.62031181432292,1222.6211345277384,1236.204923446119,-13.583788918380606,37.49170287818327,-8.010034590840405,3.008434175117219,-11.018468765957625,33.2999267578125,29.1599853515625,29.292837960379465,10.199951171875,6.300048828125,1169.5,-12.699951171875,0
2025-04-09,1169.5,1189.800048828125,1168.0,1185.3499755859375,10223104,1189.5699951171875,1230.9150024414062,0.2664544530677731,0.26645445306776594,1.6856845875568904,-1.6062070532263828,-5.259165371390251,1215.1669027393782,1231.5817463679207,-16.414843628542485,36.037028137968434,-10.927063751294781,0.2213345898348189,-11.1483983411296,21.800048828125,28.82999267578125,29.817844935825892,15.8499755859375,-12.699951171875,1195.1500244140625,9.800048828125,1
2025-04-11,1195.1500244140625,1222.6500244140625,1195.1500244140625,1218.949951171875,11224242,1181.989990234375,1221.3300048828125,2.834603811361998,2.834603811362002,3.1086111925119786,4.56807087848532,-2.3824778700503924,1215.9235124258776,1230.4334013500984,-14.509888924220832,39.22281417233676,-10.407620582387608,-1.9044564446096666,-8.503164137777942,27.5,29.07498779296875,30.635707310267858,23.7999267578125,9.800048828125,1251.0,32.050048828125,1
2025-04-15,1251.0,1251.0,1237.0999755859375,1240.0999755859375,13378535,1183.9699951171874,1218.6150024414062,1.7351019534255097,1.7351019534254997,4.618889030890316,4.897650719463154,2.938493056269076,1220.7588050578897,1231.3121808260837,-10.553375768193973,42.65747752574641,-8.194862641154714,-3.1625376839186763,-5.032324957236037,13.9000244140625,29.0949951171875,32.07856968470982,-10.9000244140625,32.050048828125,1234.0999755859375,-6.0,0
2025-04-16,1234.0999755859375,1240.9000244140625,1229.0,1239.300048828125,8248464,1204.35,1214.025,-0.06450502165638225,-0.06450502165638028,1.6694777038783082,4.551404593864272,6.313811507177292,1224.4670538119367,1232.038350644451,-7.571296832514236,35.84948197824221,-6.431643452593562,-3.8163588376536537,-2.6152846149399083,11.9000244140625,27.60999755859375,30.810712541852677,5.2000732421875,-6.0,1240.199951171875,0.89990234375,1
2025-04-17,1240.199951171875,1280.199951171875,1227.5999755859375,1274.5,15398401,1217.989990234375,1211.5849975585938,2.8403090280808,2.8403090280807897,2.773971864470748,4.557205057904157,7.807482036911861,1234.4736430495495,1235.8985005858644,-1.424857536314903,47.72302393928503,-2.168935522459151,-3.486874174614753,1.3179386521556022,52.5999755859375,30.00999755859375,32.774998256138396,34.300048828125,0.89990234375,1270.0,-4.5,0
2025-04-21,1270.0,1300.9000244140625,1267.0,1295.5,10429964,1238.089990234375,1213.8299926757813,1.647704982346018,1.64770498234601,4.534813923796532,4.467383719436535,9.292616246911688,1246.6789144396398,1241.3168187144222,5.362095725217614,54.50711775061448,2.8707238019760553,-2.2153545792965916,5.086078381272647,33.9000244140625,32.23499755859375,33.407139369419646,25.5,-4.5,1300.0,4.5,1
2025-04-22,1300.0,1303.9000244140625,1286.300048828125,1291.199951171875,13051707,1259.0599853515625,1220.5249877929687,-0.33192194736588193,-0.3319219473658874,1.3103139405158837,4.187839933745363,5.927232691591655,1255.5831217860868,1245.851648937827,9.731472848259955,52.618853308661365,6.443436200335782,-0.4835964233701169,6.927032623705899,17.5999755859375,32.1199951171875,33.68571254185268,-8.800048828125,4.5,1297.0,5.800048828125,1
2025-04-23,1297.0,1306.0,1285.4000244140625,1300.0,10480888,1268.2599853515626,1226.114990234375,0.6815403625238833,0.6815403625238803,0.34735623311463737,2.0007846214201708,4.830257688357764,1264.4664974288694,1250.7742263071154,13.692271121753947,54.90350662599257,9.871138570521452,1.587350575408197,8.283787995113256,20.5999755859375,28.95,33.246425083705354,3.0,5.800048828125,1292.4000244140625,-7.5999755859375,0
2025-04-24,1292.4000244140625,1304.5,1290.300048828125,1301.5999755859375,10468940,1279.9199951171875,1242.1349975585938,0.12307504507211538,0.12307504507211853,0.8054542137043486,0.4708587870272174,5.027025280659259,1271.893193060283,1255.3947489688264,16.498444091456577,60.51501782313198,12.57180214295795,3.7842408889181476,8.787561254039801,14.199951171875,24.72999267578125,32.21785191127232,9.199951171875,-7.5999755859375,1303.5,1.9000244140625,1
2025-04-25,1303.5,1325.199951171875,1288.0999755859375,1300.4000244140625,14431012,1292.5800048828125,1255.2849975585937,-0.09219047283208663,-0.0921904728320877,0.03077110877403033,0.7125211888242111,2.0321713938064034,1277.594559331039,1259.486137645666,18.108421685372832,60.580017838366274,14.448715650182066,5.917135841170932,8.531579809011134,37.0999755859375,25.10999755859375,34.03570556640625,-3.0999755859375,1.9000244140625,1340.0,39.5999755859375,1
2025-04-28,1340.0,1374.5999755859375,1320.199951171875,1368.800048828125,31104496,1306.5800048828125,1272.3349975585938,5.259921803283751,5.2599218032837625,5.162882183670625,5.2923114483172995,5.658050855123498,1295.835657230456,1269.4237659349803,26.411891295475698,70.1037994073992,21.210986406534403,8.975905954243625,12.235080452290777,54.4000244140625,28.3699951171875,37.99641636439732,28.800048828125,39.5999755859375,1371.0,2.199951171875,1
2025-04-29,1371.0,1410.9000244140625,1370.0,1399.699951171875,32538970,1320.7800048828126,1289.9199951171875,2.257444567612664,2.257444567612654,7.636106189905312,7.5368759546708075,8.403036253333717,1316.60851601874,1281.2670555019706,35.3414605167693,84.1386688474797,28.732290617348553,12.927182886864612,15.805107730483941,40.9000244140625,29.70999755859375,37.03570556640625,28.699951171875,2.199951171875,1402.0,2.300048828125,1
2025-04-30,1402.0,1412.4000244140625,1369.0,1405.0,25480745,1341.7800048828126,1305.0199951171876,0.37865607008756585,0.3786560700875574,2.644648588584353,8.0436768395993,8.07692307692307,1334.286812814992,1292.5155050017916,41.77130781320034,97.49903023023818,34.72041273328,17.28582885614769,17.43458387713231,43.4000244140625,32.65999755859375,33.71785191127232,3.0,2.300048828125,1414.0,9.0,1
2025-05-02,1414.0,1426.699951171875,1409.0999755859375,1419.800048828125,13007841,1366.1,1323.0099975585938,1.0533842582295374,1.0533842582295394,1.4360290317522395,3.7258911587315424,9.081136713219262,1351.3894600176186,1304.0868271678219,47.30263284979674,97.48203771591865,40.196917856173286,21.868046656152806,18.32887120002048,17.5999755859375,33.22999267578125,32.8892822265625,5.800048828125,9.0,1431.0,11.199951171875,1
2025-05-05,1431.0,1439.5,1426.9000244140625,1431.300048828125,12685649,1391.6,1342.0900024414063,0.8099732078113304,0.809973207811332,1.8718895963078186,2.2576336899771565,10.066135185828195,1367.37157777972,1315.6516655005767,51.71991227914327,97.56335633288204,44.9469213814466,26.483821601211567,18.463099780235034,12.5999755859375,29.22999267578125,32.73927525111607,0.300048828125,11.199951171875,1431.0,-0.300048828125,0
2025-05-06,1431.0,1432.0,1410.5999755859375,1420.9000244140625,14084117,1409.8,1358.1900024414062,-0.7266138516922085,-0.7266138516922038,0.07747397859616534,1.1316743355204606,3.8062517334465307,1378.0772671065884,1325.2196981290754,52.85756897751298,92.9041997404563,47.32658690945436,30.65237466286013,16.674212246594234,21.4000244140625,27.97999267578125,31.603559221540177,-10.0999755859375,-0.300048828125,1420.9000244140625,0.0,0
2025-05-07,1420.9000244140625,1424.4000244140625,1402.699951171875,1406.0,13440169,1419.7800048828126,1370.2800048828126,-1.0486328494650305,-1.0486328494650254,-1.767627189619636,-0.9719712884582066,0.4500999534114758,1383.6618136852708,1332.563361935523,51.09845174974771,86.20690047037996,47.46305696350146,34.014511122988395,13.448545840513063,21.7000732421875,28.39000244140625,30.864275251116073,-14.9000244140625,0.0,1404.0999755859375,-1.9000244140625,0
2025-05-08,1404.0999755859375,1420.800048828125,1398.0,1407.0,16106175,1420.2,1380.9900024414062,0.07112375533428165,0.07112375533429027,-0.9782549211929559,-1.6977606371229137,0.142348754448407,1388.3294509482168,1339.3303290322938,48.99912191592307,86.56779136985601,47.108860487743414,36.633380995939405,10.475479491804009,22.800048828125,28.610009765625,31.642848423549108,2.9000244140625,-1.9000244140625,1385.5,-21.5,0
2025-05-09,1385.5,1394.800048828125,1374.5,1377.199951171875,13668904,1414.5,1390.3,-2.1179849913379534,-2.117984991337951,-2.0483676264669293,-3.075520620123018,-3.0004293697138085,1386.1035509929486,1342.7730219540738,43.33052903887483,72.9343152210563,43.91729114309396,38.090163025370316,5.827128117723646,20.300048828125,29.22001953125,30.207135881696427,-8.300048828125,-21.5,1400.0,22.800048828125,1
2025-05-12,1400.0,1439.0,1400.0,1436.5,10674081,1408.3,1399.95,4.3058416301616855,4.3058416301616775,2.0966595593461257,2.169274537695598,0.36330266153015156,1396.182840794359,1351.2936563218852,44.889184472473744,76.88784771944078,45.64678012553418,39.60148644540309,6.045293680131088,39.0,29.41002197265625,32.19999476841518,36.5,22.800048828125,1433.5,-3.0,0
2025-05-13,1433.5,1447.699951171875,1412.4000244140625,1415.699951171875,11407896,1408.8,1409.3,-1.4479672000087018,-1.447967200008704,2.795527255663921,0.618333416622252,-0.3659703816481952,1400.0862628698624,1357.1487740355205,42.93748883434182,72.33582570804623,44.822338480182225,40.64565685235892,4.1766816278233065,35.2999267578125,27.50001220703125,33.46427699497768,-17.800048828125,-3.0,1420.0,4.300048828125,1
2025-05-14,1420.0,1429.9000244140625,1415.5,1424.4000244140625,5570160,1408.6199951171875,1414.2,0.6145421729361391,0.61454217293615,-0.8423233961668997,3.427249122542042,1.308678834570598,1404.9490151787024,1363.2625240699333,41.68649110876913,72.3258984298192,44.35963547274264,41.38845257643567,2.9711828963069706,14.4000244140625,24.85001220703125,33.02142333984375,4.4000244140625,4.300048828125,1425.0,0.5999755859375,1
2025-05-15,1425.0,1461.4000244140625,1412.699951171875,1454.199951171875,20177211,1412.8,1416.5,2.092103780331717,2.092103780331711,2.719502813299579,1.2321581045509955,3.3546518245824553,1414.7992023773372,1371.5295628973824,43.269639479954776,74.86960065497578,45.86879809462812,42.28452168007416,3.584276414553962,48.7000732421875,25.38001708984375,35.4857177734375,29.199951171875,0.5999755859375,1453.199951171875,-1.0,0
2025-05-16,1453.199951171875,1461.0,1447.300048828125,1456.4000244140625,9036695,1426.339990234375,1420.4199951171875,0.15129097208499828,0.1512909720849942,2.2465599165629957,2.874908147626698,5.750804244132834,1423.1193667846824,1379.2450593988988,43.874307385783595,75.34110305741802,46.70397353457474,43.168412050974275,3.5355614836004676,13.699951171875,24.9900146484375,33.81428745814732,3.2000732421875,-1.0,1452.0999755859375,-4.300048828125,0
2025-05-19,1452.0999755859375,1454.5999755859375,1438.199951171875,1440.800048828125,6195791,1436.7599853515626,1422.5299926757812,-1.0711326094775142,-1.0711326094775098,-0.9214621643297116,1.1513636712277453,0.2993420694831217,1426.655503193371,1384.8409675288285,41.81453566454252,64.11763002222025,45.581631755203716,43.65105599182017,1.930575763383544,16.4000244140625,25.37001953125,29.814296177455358,-11.2999267578125,-4.300048828125,1438.199951171875,-2.60009765625,0
2025-05-20,1438.199951171875,1445.0,1421.800048828125,1424.5999755859375,11270560,1437.6999755859374,1423.2499877929688,-1.1243803923635227,-1.124380392363522,-2.183469396803861,-2.03548181679446,0.6286660112331921,1426.2443976718844,1388.4554228067475,37.78897486513688,55.18101663688974,42.890541820363296,43.4989531575288,-0.6084113371655064,23.199951171875,25.55001220703125,28.46429443359375,-13.5999755859375,-2.60009765625,1423.9000244140625,-0.699951171875,0
2025-05-21,1423.9000244140625,1436.199951171875,1418.0999755859375,1429.199951171875,6136364,1438.47998046875,1423.5499877929688,0.32289594726726933,0.32289594726726545,-0.8051150238150617,-1.867623783728689,0.3369788455168665,1426.8355083718825,1392.159470839941,34.676037531941574,55.05006286225862,40.66030654128531,42.93122383428011,-2.2709172929948025,18.0999755859375,25.19000244140625,26.657148088727677,5.2999267578125,-0.699951171875,1421.199951171875,-8.0,0
2025-05-22,1421.199951171875,1423.800048828125,1396.9000244140625,1409.4000244140625,12134466,1437.719970703125,1425.2599853515626,-1.3853853508445417,-1.3853853508445368,-1.066962756729184,-2.1793464290622233,-3.0807267406184558,1423.3484115803185,1393.7267938921339,29.621617688184642,47.87407430982085,36.87012455515878,41.719003978455845,-4.848879423297063,26.9000244140625,25.6,27.414289202008927,-11.7999267578125,-8.0,1406.5999755859375,-2.800048828125,0
2025-05-23,1406.5999755859375,1433.800048828125,1406.5999755859375,1426.800048828125,6474883,1428.3999755859375,1427.3699829101563,1.2345696120798852,1.2345696120798832,-0.1679192853163869,0.15443445738392292,-2.03240696853505,1424.0387390298797,1396.7334534317692,27.30528559811046,49.101794538376524,34.86847253005476,40.34889768877563,-5.48042515872087,27.2000732421875,26.29000244140625,27.95001220703125,20.2000732421875,-2.800048828125,1432.0,5.199951171875,1
2025-05-26,1432.0,1441.0,1425.0999755859375,1434.800048828125,4842944,1424.37998046875,1430.5699829101563,0.5606952429368535,0.5606952429368484,1.80218702810242,0.3918344421757203,-0.4164352996017806,1426.191000989529,1400.194053013256,25.99694797627285,52.801289262262856,33.54104176930309,38.987326504881125,-5.446284735578033,15.9000244140625,23.9800048828125,27.557155064174108,2.800048828125,5.199951171875,1426.0999755859375,-8.7000732421875,0
2025-05-27,1426.0999755859375,1437.0,1413.9000244140625,1422.0999755859375,12640414,1421.9599853515624,1429.82998046875,-0.8851458607462623,-0.8851458607462614,-0.32941358854367,0.901089183474002,-0.17548785924776933,1425.3727959088105,1402.1855005198634,23.187295388947177,53.27367691868287,31.10568656398891,37.41099851670268,-6.305311952713772,23.0999755859375,22.760009765625,27.657148088727677,-4.0,-8.7000732421875,1420.0999755859375,-2.0,0
2025-05-28,1420.0999755859375,1422.5999755859375,1410.699951171875,1412.9000244140625,5944611,1421.1999755859374,1429.8399780273437,-0.6469271731816472,-0.6469271731816439,-1.5263467848324441,-0.974209695708872,-1.1404930950667413,1422.878241609861,1403.1595481466086,19.71869346325252,51.160961233198144,28.109264739117634,35.55065176118568,-7.441387022068042,11.9000244140625,22.510009765625,26.878574916294642,-7.199951171875,-2.0,1412.0999755859375,-0.800048828125,0
2025-05-29,1412.0999755859375,1420.0,1408.5999755859375,1417.800048828125,13771917,1419.37998046875,1428.5499755859375,0.34680616670627973,0.3468061667062816,-0.30236458980605896,-1.1848340829012871,0.5960000190545323,1421.8626030535138,1404.4905027540192,17.372100299494605,58.85690370397838,25.83219243939584,33.60695989682771,-7.774767457431871,11.4000244140625,18.7800048828125,25.371433803013392,5.7000732421875,-0.800048828125,1418.0,0.199951171875,1
2025-05-30,1418.0,1430.5999755859375,1409.699951171875,1420.9000244140625,13788484,1421.6599853515625,1425.02998046875,0.21864688102527352,0.21864688102526397,0.5662113285982651,-0.08437881952572113,-0.4135144527720125,1421.6700873256236,1405.9822774503866,15.687809875237008,45.49133603582913,24.001068975650014,31.68578171259217,-7.684712736942156,20.9000244140625,19.50001220703125,22.450003487723215,2.9000244140625,0.199951171875,1412.0999755859375,-8.800048828125,0
2025-06-02,1412.0999755859375,1417.5,1395.5999755859375,1413.699951171875,8098668,1417.67998046875,1421.02998046875,-0.5067262381923456,-0.5067262381923454,-0.2891872982822119,0.0566159490402951,-1.4705949915100436,1420.076060094874,1406.68388415234,13.392175942534095,49.372643668010596,21.71854681264722,29.692334732603182,-7.973787919955964,21.9000244140625,20.05001220703125,21.735726492745535,1.5999755859375,-8.800048828125,1422.300048828125,8.60009765625,1
2025-06-03,1422.300048828125,1426.5,1403.4000244140625,1405.5,11252626,1416.9199951171875,1419.439990234375,-0.5800347637472659,-0.5800347637472614,-1.0838218136010713,-0.867544675167109,-1.1672861170747062,1417.1608480758991,1406.576258320309,10.58458975559006,44.05285278634965,19.028614006696216,27.55959058742179,-8.530976580725575,23.0999755859375,20.0400146484375,22.357151576450892,-16.800048828125,8.60009765625,1414.699951171875,9.199951171875,1
2025-06-04,1414.699951171875,1425.699951171875,1406.0999755859375,1423.5,8126827,1415.839990234375,1418.5199829101562,1.2806830309498398,1.2806830309498363,0.693219860409644,0.1829808952962475,0.7502282824528583,1418.4286784607193,1408.11478029119,10.313898169529239,39.5649415808684,18.14016392788335,25.675705255514107,-7.535541327630757,19.5999755859375,20.1900146484375,20.321428571428573,8.800048828125,9.199951171875,1428.0,4.5,1
2025-06-05,1428.0,1454.699951171875,1423.5999755859375,1442.4000244140625,13716817,1419.0199951171876,1419.1999877929688,1.3277150975807868,1.3277150975807839,2.625401950484707,2.030138942736537,1.7350807404944435,1423.222947651388,1411.2316206659966,11.991326985391424,45.72649309216377,18.745053546711233,24.289574913753533,-5.5445213670423,31.0999755859375,20.610009765625,21.571428571428573,14.4000244140625,4.5,1441.0,-1.4000244140625,0
2025-06-06,1441.0,1451.5,1437.0,1443.5,8182161,1423.6199951171875,1422.639990234375,0.07626009202158301,0.07626009202157391,1.4049877063575744,2.7036641764496716,1.5905394607377055,1427.2783581211106,1414.1651096963606,13.113248424750054,50.904198270493424,19.093098411090523,23.250279613220933,-4.15718120213041,14.5,19.34000244140625,21.307137625558035,2.5,-1.4000244140625,1457.0,13.5,1
2025-06-09,1457.0,1457.5,1445.300048828125,1448.800048828125,7885125,1432.6,1425.139990234375,0.3671665277537236,0.36716652775372616,0.44370662130723826,1.7773128786880976,2.482853424954423,1431.5826962625135,1417.313740526521,14.26895573599245,58.742793542363856,19.570993884729887,22.514422467522724,-2.943428582792837,12.199951171875,18.9699951171875,20.649998256138392,-8.199951171875,13.5,1450.0,1.199951171875,1
2025-06-10,1450.0,1453.9000244140625,1436.0,1438.5,7913181,1438.139990234375,1427.5299926757812,-0.710936532370791,-0.7109365323707872,-0.3463803255975062,-0.27038438353096383,2.347918890074707,1432.9661570100109,1419.2397641150192,13.726392894991704,53.22693533031751,18.90072582924404,21.791683139866986,-2.890957310622948,17.9000244140625,18.45,20.635716029575892,-11.5,1.199951171875,1445.800048828125,7.300048828125,1
2025-06-11,1445.800048828125,1468.5999755859375,1443.0999755859375,1448.9000244140625,8195700,1444.360009765625,1430.1,0.7229770187043796,0.7229770187043849,0.0069005785869658,0.37409244295549815,1.7843361021469883,1436.1529304908213,1421.936151414932,14.216779075889235,64.66218434314432,18.989825729580616,21.231311657809712,-2.241485928229096,25.5,19.80999755859375,20.47857666015625,3.0999755859375,7.300048828125,1453.5,4.5999755859375,1
2025-06-12,1453.5,1457.0,1434.4000244140625,1441.5999755859375,8828114,1449.460009765625,1434.2400024414062,-0.5038338536212774,-0.5038338536212827,0.21550056210897228,-0.496968042485324,-0.05546650128835928,1437.2423395098447,1423.7237717941143,13.518567715730342,55.93895866611742,18.26088499592447,20.637226325432668,-2.3763413295081968,22.5999755859375,20.92999267578125,20.149998256138392,-11.9000244140625,4.5999755859375,1424.0,-17.5999755859375,0
2025-06-13,1424.0,1435.5,1414.300048828125,1427.9000244140625,9757276,1446.060009765625,1434.8400024414063,-0.9503295923896408,-0.9503295923896427,-1.4493753638034734,-0.7368769958941646,-1.0807049245540323,1435.3738764906884,1424.1034311232006,11.27044536748781,47.35225302272567,16.388802732244812,19.7875416067951,-3.3987388745502862,21.199951171875,20.9599853515625,20.964276994977677,3.9000244140625,-17.5999755859375,1426.9000244140625,-1.0,0
2025-06-16,1426.9000244140625,1442.4000244140625,1424.4000244140625,1437.800048828125,8458093,1440.0400146484376,1436.3200073242188,0.6933275610892272,0.6933275610892187,-0.2635909282856397,-0.766096721575138,-0.7592490080944869,1435.8591109581757,1425.3485781872846,10.510532770891132,56.15687940659506,15.525050168577764,18.93504331915163,-3.409993150573868,18.0,20.56998291015625,20.599993024553573,10.9000244140625,-1.0,1448.0,10.199951171875,1
2025-06-17,1448.0,1448.0,1425.800048828125,1431.199951171875,10366599,1439.6400146484375,1438.8900024414063,-0.45904141272142757,-0.4590414127214282,0.23110348773658362,-0.7214223494860561,-0.5074764565954126,1434.9272790009156,1425.8805211858837,9.046757815031924,57.32580919094395,14.144893786646662,17.97701341265064,-3.8321196260039763,22.199951171875,20.47998046875,21.335702078683035,-16.800048828125,10.199951171875,1430.0,-1.199951171875,0
2025-06-18,1430.0,1442.800048828125,1425.699951171875,1430.0999755859375,6681735,1436.4800048828124,1440.4200073242187,-0.07685687698890944,-0.07685687698890664,-0.5355454848164354,0.15406899182439648,-1.2975394099898452,1433.9618183179202,1426.264107949525,7.697710368395292,55.07840174181043,12.814631973017413,16.944537124723993,-4.129905151706581,17.10009765625,20.22999267578125,21.742850167410715,0.0999755859375,-1.199951171875,1430.0999755859375,0.0,0
2025-06-19,1430.0999755859375,1439.9000244140625,1425.699951171875,1433.300048828125,10007230,1431.8,1440.6300048828125,0.22376570147666586,0.22376570147666364,0.14673684515782437,-0.3129781504505935,-0.575744096724129,1433.8294644199614,1426.9037389384887,6.925725481472682,55.11550186067435,11.881644862308576,15.931958672240912,-4.0503138099323355,14.2000732421875,18.54000244140625,21.2642822265625,3.2000732421875,0.0,1431.0,-2.300048828125,0
2025-06-20,1431.0,1471.0,1428.0999755859375,1466.199951171875,29010635,1433.2,1439.6300048828125,2.29539532707399,2.29539532707399,2.524297336005943,2.4455003629186622,2.682255487286578,1440.3035617703442,1430.4761218687963,9.827439901547905,67.86927455589273,13.639762328777806,15.473519403548291,-1.8337570747704852,42.9000244140625,21.3800048828125,22.52142333984375,35.199951171875,-2.300048828125,1453.0,-13.199951171875,0
2025-06-23,1453.0,1463.800048828125,1442.0,1456.800048828125,5989078,1438.4199951171875,1439.2300048828124,-0.6411064422855173,-0.6411064422855217,1.6395729574706808,1.867007460876846,1.3214633019025035,1443.6028591819004,1432.869206137826,10.733653044074345,67.31937749891631,14.111916141709344,15.201198751180502,-1.0892826094711587,21.800048828125,22.3400146484375,22.599993024553573,3.800048828125,-13.199951171875,1465.0,8.199951171875,1
2025-06-24,1465.0,1475.0,1443.0999755859375,1450.800048828125,16402744,1441.8199951171875,1440.7300048828124,-0.4118616006930054,-0.4118616006930087,-1.0503275717231753,1.2209585853505178,1.3694870266171666,1445.0422971111454,1434.4992827460349,10.543014365110594,60.029394721246476,13.84238518441407,14.929436037827216,-1.087050853413146,31.9000244140625,23.7400146484375,23.435712541852677,-14.199951171875,8.199951171875,1464.0,13.199951171875,1
2025-06-25,1464.0,1472.4000244140625,1460.5,1467.300048828125,7525851,1448.6199951171875,1442.55,1.1373035183813078,1.1373035183813052,0.720757801212768,0.07503053423039141,2.6012218640131035,1449.4938474545415,1437.4811705716793,12.012676882862252,59.311890114535984,14.789705543405944,14.901489938942962,-0.11178439553701836,11.9000244140625,22.38001708984375,22.75,3.300048828125,13.199951171875,1469.0999755859375,1.7999267578125,1
2025-06-26,1469.0999755859375,1498.800048828125,1465.0999755859375,1495.300048828125,14657893,1456.4199951171875,1444.1099975585937,1.9082668212518976,1.9082668212518916,3.0672731253314156,2.642778604446794,4.325681845241802,1458.6550877292582,1442.737432231356,15.91765549790216,66.12702329217501,17.596982684571458,15.440588488068661,2.156394196502797,33.7000732421875,23.49002685546875,24.121433803013392,26.2000732421875,1.7999267578125,1499.4000244140625,4.0999755859375,1
2025-06-27,1499.4000244140625,1522.0,1496.9000244140625,1515.4000244140625,11117052,1470.1,1451.65,1.3442101872256316,1.3442101872256362,3.2781281254882444,4.452713910377781,3.355618256763937,1470.0040750662192,1449.3431224297838,20.660952636435468,68.98516163055695,21.19929778282949,16.592330347020827,4.606967435808663,25.0999755859375,23.880029296875,25.028573172433035,16.0,4.0999755859375,1513.800048828125,-1.5999755859375,0
2025-06-30,1513.800048828125,1524.800048828125,1496.0,1500.5999755859375,8409527,1482.260009765625,1460.3400024414063,-0.9766430374611824,-0.9766430374611779,0.35443901456206905,2.2694694779304303,3.0065846574515165,1476.123255170163,1454.0028363530703,22.12041881709274,67.25957429842417,22.59940631189511,17.793745539995683,4.805660771899426,28.800048828125,24.9600341796875,25.807146344866073,-13.2000732421875,-1.5999755859375,1500.5999755859375,0.0,0
2025-07-01,1500.5999755859375,1531.4000244140625,1500.0999755859375,1528.4000244140625,10368523,1489.3800048828125,1465.6,1.8525955804624044,1.8525955804624017,0.857859297252328,2.2136009165436787,5.348771227890325,1486.5786090189429,1460.7662170858878,25.812391933055096,70.14697432439624,25.656482059567452,19.36629284391004,6.2901892156574135,31.300048828125,25.8700439453125,25.892865862165177,27.800048828125,0.0,1528.4000244140625,0.0,0
2025-07-02,1528.4000244140625,1530.0,1508.699951171875,1518.800048828125,6361002,1502.260009765625,1475.4400024414062,-0.6281062177827307,-0.6281062177827312,1.212853094648425,0.22436481188372603,3.5098479033740304,1493.0228969807793,1466.0420199715456,26.98087700923361,69.33869320392652,26.993435295936024,20.891721334315235,6.1017139616207885,21.300048828125,26.2900390625,25.800013950892858,-9.5999755859375,0.0,1520.800048828125,2.0,1
2025-07-03,1520.800048828125,1531.9000244140625,1513.0,1517.800048828125,11283291,1512.6000244140625,1484.510009765625,-0.06584145166255291,-0.06584145166255162,-0.693534115193517,1.1462130829018147,1.5047147238197,1497.9783273502485,1470.7472953221436,27.23103202810489,74.05029211789031,27.653516204248263,22.244080308301843,5.4094358959464195,18.9000244140625,26.7600341796875,25.200020926339285,-3.0,2.0,1524.0,6.199951171875,1
2025-07-04,1524.0,1530.0,1517.199951171875,1527.300048828125,6603501,1517.52001953125,1493.810009765625,0.6259058963224329,0.6259058963224318,0.5596523391316888,-0.07196908979107963,0.7852728139333243,1503.8426716458239,1475.8884547317782,27.954216914045674,73.99463251514823,28.61336858307709,23.517937963256895,5.0954306198201955,12.800048828125,23.75003662109375,24.828595842633927,3.300048828125,6.199951171875,1526.5999755859375,-0.7000732421875,0
2025-07-07,1526.5999755859375,1544.800048828125,1525.0,1541.5,7251074,1520.0800048828125,1501.1700073242187,0.9297420754206362,0.9297420754206254,1.5614672822137132,1.4945977378253206,2.7255781073894925,1511.374137316659,1481.853140665253,29.520996651405994,78.41321744314067,30.172071040792616,24.84876457876404,5.323306462028576,19.800048828125,23.55003662109375,24.657174246651785,14.9000244140625,-0.7000732421875,1536.0,-5.5,0
2025-07-08,1536.0,1544.9000244140625,1530.199951171875,1537.5999755859375,7171261,1527.160009765625,1508.2700073242188,-0.2530019081454752,-0.2530019081454782,0.6743879020835175,1.304514832049164,0.6019334614576488,1516.6193049705148,1486.9210347489516,29.698270221563234,77.29812891650126,30.73832234596307,26.026676132203846,4.711646213759224,14.7000732421875,21.83004150390625,24.485743931361608,1.5999755859375,-5.5,1536.699951171875,-0.9000244140625,0
2025-07-09,1536.699951171875,1551.0,1510.0999755859375,1519.0,8870660,1528.8199951171875,1515.5400024414062,-1.2096758507588785,-1.2096758507588734,-1.4596172559195542,-0.5434458562673106,0.013165075417886918,1517.0954439764118,1489.8373043172285,27.25813965918337,70.18370474871276,29.34791352297657,26.690923610358393,2.656989912618176,40.9000244140625,24.73004150390625,26.39288330078125,-17.699951171875,-0.9000244140625,1519.699951171875,0.699951171875,1
2025-07-10,1519.699951171875,1524.699951171875,1507.5,1517.199951171875,10047129,1528.5999755859375,1520.6,-0.11850222699967083,-0.11850222699967272,-1.3267445849359238,-1.5763898039652946,-0.03953733278064808,1517.1163454155046,1492.324817667651,24.791527747853706,64.07284652390098,27.780519085367814,26.90884270536028,0.8716763800075356,17.199951171875,23.080029296875,24.557163783482142,-2.5,0.699951171875,1512.0,-5.199951171875,0
2025-07-11,1512.0,1515.0,1490.300048828125,1495.199951171875,7234991,1526.1999755859374,1521.8599975585937,-1.4500395931997856,-1.4500395931997812,-1.5668234909891332,-2.757545856353505,-2.10175450991964,1512.7330665667787,1492.5861934407621,20.146873126016544,59.90708872416765,24.480930633277012,26.423260290943624,-1.9423296576666118,24.699951171875,23.04002685546875,24.750017438616073,-16.800048828125,-5.199951171875,1492.199951171875,-3.0,0
2025-07-14,1492.199951171875,1500.0,1479.0999755859375,1483.699951171875,10311846,1519.319970703125,1519.6999877929688,-0.7691279009865392,-0.7691279009865437,-2.20801483509967,-2.323900515347266,-3.7495977183344187,1506.926443487798,1491.7783532344997,15.148090253298278,58.25385799605157,20.699419103767013,25.278492053508305,-4.579072949741292,20.9000244140625,22.2500244140625,23.964303152901785,-8.5,-3.0,1486.199951171875,2.5,1
2025-07-15,1486.199951171875,1496.5,1482.4000244140625,1485.4000244140625,8132454,1509.3599609375,1518.2599853515626,0.11458335904403895,0.11458335904404038,-0.6554258345267905,-2.0959614936218784,-3.3948980229388304,1502.621159673051,1491.1985051599145,11.422654513136422,54.90513502359685,17.636423957758097,23.750078434358265,-6.113654476600168,14.0999755859375,20.53001708984375,23.4285888671875,-0.7999267578125,2.5,1473.0,-12.4000244140625,0
2025-07-16,1473.0,1491.0,1471.5,1485.5999755859375,10409983,1496.619970703125,1512.7199829101562,0.01346109927215557,0.01346109927216066,0.12805988249591227,-0.6420529627768845,-2.198816617120636,1499.2169228556284,1490.6895479259165,8.527374929711868,46.904887733982065,15.051607068382054,22.010384161163024,-6.95877709278097,19.5,20.35001220703125,22.414297921316965,12.5999755859375,-12.4000244140625,1487.4000244140625,1.800048828125,1
2025-07-17,1487.4000244140625,1489.5999755859375,1473.9000244140625,1476.4000244140625,11854613,1490.1599853515625,1509.37998046875,-0.6192751294470394,-0.6192751294470389,-0.6058973914148225,-0.49200828995422663,-2.689159509021799,1494.6535431673153,1489.3905003339296,5.263042833385725,36.6255153655267,12.121038106375181,20.032514950205456,-7.911476843830275,15.699951171875,20.0300048828125,21.628583635602677,-11.0,1.800048828125,1484.800048828125,8.4000244140625,1
2025-07-18,1484.800048828125,1484.800048828125,1469.0999755859375,1476.0,10296318,1484.7199951171874,1505.4599853515624,-0.027094581918694922,-0.027094581918696292,-0.6462019213584802,-0.6328278079684613,-1.284105925553758,1490.9228345338524,1488.1731821217543,2.7496524120981576,40.63927610568156,9.65496602497592,17.957005165159547,-8.302039140183627,15.7000732421875,20.32000732421875,20.69287109375,-8.800048828125,8.4000244140625,1465.0,-11.0,0
2025-07-21,1465.0,1476.0,1423.0999755859375,1428.5999755859375,22442744,1479.2800048828126,1499.2999877929688,-3.211383767890413,-3.211383767890408,-3.237608238803391,-3.836833665638595,-3.7136872278264677,1478.4582627442696,1482.7574360730437,-4.299173328774032,16.953624643993408,3.8316316372879555,15.131930459585229,-11.300298822297274,52.9000244140625,23.6300048828125,22.235726492745535,-36.4000244140625,-11.0,1427.4000244140625,-1.199951171875,0
2025-07-22,1427.4000244140625,1431.9000244140625,1410.699951171875,1412.800048828125,20396320,1467.52001953125,1488.439990234375,-1.1059727724923272,-1.1059727724923252,-4.281839510289631,-4.307773945694581,-4.887570647144401,1465.3266199610407,1476.3976735962328,-11.07105363519213,16.284975354764043,-2.034868170068421,11.698570733654499,-13.73343890372292,21.2000732421875,24.2800048828125,22.228585379464285,-14.5999755859375,-1.199951171875,1426.0,13.199951171875,1
2025-07-23,1426.0,1426.0,1414.4000244140625,1424.5999755859375,8354596,1458.12001953125,1477.3699951171875,0.8352156249994599,0.8352156249994636,-0.27999440489696603,-3.4823864779175095,-4.10608515094657,1457.18129108602,1471.6887919589333,-14.50750087291317,22.261860953698033,-5.666634623412847,8.22552966224103,-13.892164285653877,11.5999755859375,21.35,21.821437290736608,-1.4000244140625,13.199951171875,1419.199951171875,-5.4000244140625,0
2025-07-24,1419.199951171875,1423.0,1396.0,1402.9000244140625,14740507,1444.4800048828124,1467.3199951171875,-1.523231190773383,-1.5232311907733775,-0.7007378306841283,-1.7989606335625297,-4.978325574680875,1446.3250377516288,1465.435267636672,-19.11022988504328,15.482756179773887,-10.178508894035758,4.544721950985672,-14.72323084502143,27.0,22.3300048828125,22.950003487723215,-16.2999267578125,-5.4000244140625,1398.9000244140625,-4.0,0
2025-07-25,1398.9000244140625,1401.0,1384.0999755859375,1391.699951171875,11854722,1427.3,1456.0099975585938,-0.7983514895771238,-0.7983514895771204,-2.3094219414492634,-1.4934949693519495,-5.711385421959692,1435.400020435678,1458.7320570489633,-23.332036613285254,7.731350939367701,-14.490911855934428,0.7375951896016524,-15.22850704553608,16.9000244140625,21.55001220703125,22.878574916294642,-7.2000732421875,-4.0,1392.300048828125,0.60009765625,1
2025-07-28,1392.300048828125,1407.800048828125,1385.0,1387.5999755859375,7748361,1412.760009765625,1446.0200073242188,-0.2946019781408437,-0.29460197814084044,-1.0906015084371612,-2.597220316866977,-2.8699426501938685,1425.84001146573,1452.265504188688,-26.425492722958097,7.722636771332205,-18.031500128027346,-3.0162238739241474,-15.015276254103199,22.800048828125,21.7400146484375,23.457144601004465,-4.7000732421875,0.60009765625,1383.0,-4.5999755859375,0
2025-07-29,1383.0,1420.199951171875,1383.0,1417.0999755859375,10750072,1403.8800048828125,1435.7000122070312,2.125972940259179,2.12597294025918,1.8251078037816004,1.0121855388665946,0.30435494119491757,1424.0920042897715,1449.0686379520744,-24.976633662302902,22.94209493535523,-18.2467017642482,-6.062319451988959,-12.184382312259242,37.199951171875,24.05001220703125,23.192853655133927,34.0999755859375,-4.5999755859375,1418.0999755859375,1.0,1
2025-07-30,1418.0999755859375,1423.300048828125,1401.300048828125,1410.0999755859375,7209849,1402.3,1430.210009765625,-0.49396655991795246,-0.4939665599179577,1.6215047849434505,1.3221258216305154,-1.0178295836370643,1421.2935985490049,1445.5260322824256,-24.23243373342075,22.32556863007069,-18.765771971951153,-8.603009955981399,-10.162762015969754,22.0,24.30001220703125,23.535714285714285,-8.0,1.0,1388.0999755859375,-22.0,0
2025-07-31,1388.0999755859375,1402.5999755859375,1382.199951171875,1390.199951171875,17065827,1396.0800048828125,1420.2800048828126,-1.4112491850652973,-1.4112491850652997,-1.8982446459319124,0.18737212681483317,-0.9052728648637598,1415.0748690735788,1440.4963885451027,-25.42151947152388,22.57051726934344,-20.546062293387422,-10.991620423462605,-9.554441869924817,20.4000244140625,24.77001953125,23.607151576450892,2.0999755859375,-22.0,1386.9000244140625,-3.2999267578125,0
2025-08-01,1386.9000244140625,1405.9000244140625,1384.300048828125,1393.699951171875,10321171,1393.6800048828125,1410.4900024414062,0.25176234519715385,0.25176234519714846,-1.1630398339130377,-1.6512613659729336,0.14370913775745287,1410.7998854932382,1436.2421669657183,-25.44228147248009,25.463452820962246,-21.427531208548316,-13.078802580479747,-8.348728628068569,21.5999755859375,25.360009765625,23.657148088727677,6.7999267578125,-3.2999267578125,1395.0999755859375,1.4000244140625,1
2025-08-04,1395.0999755859375,1416.0999755859375,1391.699951171875,1411.5,6312820,1394.239990234375,1403.5,1.2771794110459753,1.27717941104597,1.5321572130807537,0.09928547183193359,1.722400175451888,1410.9399083945905,1433.9928790597437,-23.052970665153225,31.478677081161507,-20.45400545255825,-14.55384315489545,-5.900162297662799,24.4000244140625,22.510009765625,24.392865862165177,16.4000244140625,1.4000244140625,1411.0,-0.5,0
2025-08-05,1411.0,1411.0,1388.0999755859375,1391.699951171875,9315972,1399.839990234375,1401.8599975585937,-1.4027664773733617,-1.4027664773733628,-0.14350291096145718,0.10789814794163188,-1.7923946688066406,1407.0919169500476,1430.148067433574,-23.05615048352638,28.57141878657366,-21.03766859352686,-15.850608242621734,-5.187060350905126,22.9000244140625,22.6800048828125,24.671439034598215,-19.300048828125,-0.5,1391.9000244140625,0.2000732421875,1
2025-08-06,1391.9000244140625,1395.9000244140625,1383.300048828125,1392.800048828125,5834312,1394.6,1398.45,0.07904704281434138,0.07904704281433972,-1.324828279976975,-0.06456930295457575,-1.2268581701537773,1404.233543325663,1426.7527930148967,-22.519249689233675,30.18958870290038,-21.167451941154468,-16.913976982328283,-4.253474958826185,12.5999755859375,22.7800048828125,24.45001220703125,0.9000244140625,0.2000732421875,1387.699951171875,-5.10009765625,0
2025-08-07,1387.699951171875,1393.699951171875,1366.0,1389.4000244140625,9976705,1394.5199951171876,1395.3,-0.24411432329595442,-0.24411432329595195,-0.1652602456352681,-1.5657085076824284,-0.05754041043795066,1401.266839543343,1423.3570867784574,-22.090247235114475,29.766370438782346,-21.299136546359023,-17.791008895134432,-3.5081276512245907,27.699951171875,22.85,25.307146344866073,1.7000732421875,-5.10009765625,1385.0,-4.4000244140625,0
2025-08-08,1385.0,1397.199951171875,1365.0,1367.800048828125,8793606,1394.139990234375,1393.9099975585937,-1.554626112450706,-1.5546261124507077,-1.7949453707324703,-1.717317179153821,-1.8583556899727571,1394.5734814002994,1418.306446964791,-23.73296556449145,33.84699453418122,-22.88265801830198,-18.809338719767943,-4.073319298534038,32.199951171875,24.37999267578125,23.828569684709823,-17.199951171875,-4.4000244140625,1370.0,2.199951171875,1
2025-08-11,1370.0,1388.0,1361.199951171875,1386.199951171875,9997486,1389.1199951171875,1391.6799926757812,1.3452187225402046,1.345218722540209,-0.23032051144068477,-0.473872589378721,-1.7924228712805523,1392.8987753546146,1415.3876746199803,-22.488899265365717,43.02932314015753,-22.39473923507171,-19.5264188228287,-2.868320412243012,26.800048828125,24.77999267578125,24.228567940848215,16.199951171875,2.199951171875,1381.9000244140625,-4.2999267578125,0
2025-08-12,1381.9000244140625,1401.9000244140625,1375.199951171875,1380.4000244140625,12244664,1383.3,1391.5699951171875,-0.4184047729124012,-0.4184047729124063,0.9211854902865912,-0.6477616123402252,-0.811951365543806,1390.3990251665043,1412.206979146715,-21.80795398021064,38.0411390300815,-22.219928200570394,-20.065120698377036,-2.154807502193357,26.7000732421875,23.7300048828125,25.192862374441965,-1.5,-4.2999267578125,1388.0,7.5999755859375,1
2025-08-13,1388.0,1391.800048828125,1377.5,1382.5999755859375,7457021,1382.5199951171876,1388.5599975585938,0.15937055440206993,0.15937055440207182,-0.2597010325165683,1.082024143111604,-0.732342969887867,1388.8392152503911,1409.5154333684623,-20.67621811807112,43.85963245239885,-21.65425475298457,-20.382947509298546,-1.2713072436860244,14.300048828125,22.960009765625,24.171439034598215,-5.4000244140625,7.5999755859375,1377.300048828125,-5.2999267578125,0
2025-08-14,1377.300048828125,1380.699951171875,1370.0999755859375,1373.800048828125,7126128,1380.4400146484375,1387.4800048828124,-0.6364767042674903,-0.6364767042674857,-0.47812050631764746,-0.8945248002113493,-1.122785037557228,1385.831381965938,1406.2685802284316,-20.437198262493666,44.50585465434563,-21.666279630821464,-20.63961393360313,-1.0266656972183341,10.5999755859375,21.9800048828125,23.721435546875,-3.5,-5.2999267578125,1390.0,16.199951171875,1
2025-08-18,1390.0,1394.9000244140625,1377.0,1381.699951171875,11785109,1381.4400146484375,1387.7900024414062,0.5750401851047211,0.5750401851047249,-0.06509651598113342,0.09417029374252373,1.016223267111216,1385.0050958071256,1404.0350684960174,-19.029972688891803,48.230340741692274,-20.798600021866605,-20.671411151255825,-0.1271888706107802,17.9000244140625,21.610009765625,23.600001743861608,-8.300048828125,16.199951171875,1390.0,8.300048828125,1
2025-08-19,1390.0,1421.0,1389.0999755859375,1420.0999755859375,14384719,1385.4400146484375,1387.2800048828126,2.779186927052715,2.7791869270527236,3.3702085538071636,2.712281257209459,2.445536402263171,1392.024071762888,1405.495514595101,-13.471442832212915,50.854210781147955,-16.818523166755995,-19.900833554355863,3.0823103875998683,31.9000244140625,22.360009765625,23.750008719308035,30.0999755859375,8.300048828125,1413.0,-7.0999755859375,0
2025-08-20,1413.0,1424.9000244140625,1410.0,1413.0,8725641,1391.660009765625,1387.4800048828124,-0.49996308062804024,-0.49996308062804085,2.265328937847766,2.853395674669912,2.361632498505295,1396.2192574103105,1406.177740541001,-9.95848313069041,50.82527404773666,-14.074945071553202,-18.73565585779533,4.660710786242127,14.9000244140625,21.560009765625,23.242867606026785,0.0,-7.0999755859375,1425.0,12.0,1
2025-08-21,1425.0,1431.9000244140625,1420.300048828125,1424.800048828125,11021323,1399.060009765625,1390.7900024414062,0.8351060741772824,0.835106074177272,0.3309677714942838,3.119352911585116,3.0522258055373896,1401.9354156938734,1407.8706776580123,-5.935261964138817,60.32222882068338,-10.823705403022132,-17.15326576684069,6.329560363818558,11.5999755859375,21.460009765625,22.600010463169642,-0.199951171875,12.0,1420.0,-4.800048828125,0
2025-08-22,1420.0,1423.4000244140625,1407.9000244140625,1409.199951171875,5818868,1407.6,1394.0200073242188,-1.0948973274587426,-1.0948973274587437,-0.26893480736907005,-0.767553313249314,2.5767870931396875,1403.388322789474,1407.991520704727,-4.603197915253077,54.312740401806685,-9.397543021018691,-15.602121217676292,6.2045781966576,15.5,20.2400146484375,22.264299665178573,-10.800048828125,-4.800048828125,1414.699951171875,5.5,1
2025-08-25,1414.699951171875,1419.5,1405.699951171875,1412.5999755859375,5979407,1412.539990234375,1396.9900024414062,0.2412733843224361,0.24127338432242684,-0.8562656389731194,-0.02831029115799577,2.2363773254717723,1405.2306533487667,1408.4104711484733,-3.1798177997065977,50.33271687240018,-7.901857805267355,-14.062068535194506,6.160210729927151,13.800048828125,18.4000244140625,21.507158551897323,-2.0999755859375,5.5,1408.0,-4.5999755859375,0
2025-08-26,1408.0,1410.0,1381.5999755859375,1384.9000244140625,12145259,1416.139990234375,1400.7900024414062,-1.9609196977640635,-1.960919697764063,-1.724377490760265,-2.800394655157379,-2.4786952874463197,1401.1645275618262,1406.2731578089815,-5.108630247155361,48.03696682513012,-8.84965771199063,-13.019586370553732,4.1699286585631015,28.4000244140625,18.56002197265625,22.050013950892858,-23.0999755859375,-4.5999755859375,1389.9000244140625,5.0,1
2025-08-28,1389.9000244140625,1392.199951171875,1366.5,1385.9000244140625,13161813,1411.5199951171876,1401.5900024414063,0.07220737832126836,0.07220737832127622,-1.8901282481475379,-1.6534152402174374,-1.9179034384952276,1398.1116269322733,1404.4210547730797,-6.309427840806393,48.006918382140995,-9.411613106579807,-12.297991717758947,2.88637861117914,25.699951171875,18.460009765625,22.985726492745535,-4.0,5.0,1381.0999755859375,-4.800048828125,0
2025-08-29,1381.0999755859375,1403.5,1350.0,1357.199951171875,18758842,1402.739990234375,1400.9,-2.0708617314817825,-2.070861731481788,-2.0001496681254727,-3.921848037062503,-4.744532238881516,1389.9292917801938,1400.1282271729701,-10.19893539277632,41.88505024410236,-12.034101231557315,-12.245213620518621,0.2111123889613058,53.5,22.3800048828125,24.828587123325892,-23.9000244140625,-4.800048828125,1356.0,-1.199951171875,0
2025-09-01,1356.0,1363.199951171875,1340.5999755859375,1353.9000244140625,11232238,1389.939990234375,1398.7699951171876,-0.24314226912277564,-0.2431422691227758,-2.30896886040024,-2.2384287279593185,-3.9242072575879416,1382.7234383069676,1395.9256632857966,-13.202224978829008,46.14101664061395,-14.214858435720544,-12.639142583559007,-1.5757158521615366,22.5999755859375,23.5800048828125,24.142874581473215,-2.0999755859375,-1.199951171875,1354.800048828125,0.9000244140625,1
2025-09-02,1354.800048828125,1384.5,1354.5,1366.5,11517006,1377.960009765625,1395.25,0.930642983878406,0.9306429838784158,0.6852379282871857,-1.399814133221089,-3.263484099015046,1379.478750645574,1393.2506029870879,-13.77185234151375,44.34882797922044,-14.756309948528724,-13.062576056552953,-1.6937338919757714,30.0,24.79000244140625,24.414297921316965,11.699951171875,0.9000244140625,1369.699951171875,3.199951171875,1
2025-09-03,1369.699951171875,1376.5,1360.5,1372.5999755859375,7847563,1370.3,1393.2199951171874,0.44639411532656426,0.4463941153265649,1.3811914347197085,1.134690905401614,-0.8881542791024932,1378.102995633647,1391.3732732233468,-13.270277589699845,47.76630333713542,-14.525753281354582,-13.355211501513278,-1.1705417798413045,16.0,23.2,23.650006975446427,2.9000244140625,3.199951171875,1371.800048828125,-0.7999267578125,0
2025-09-04,1371.800048828125,1374.0,1357.0999755859375,1359.300048828125,13223177,1366.6800048828125,1389.1,-0.9689586911244848,-0.9689586911244885,-0.5268899503750424,0.3988495691474414,-1.9193286036042534,1374.3424062725426,1388.457525551054,-14.115119278511429,43.72645114593087,-15.240544884261908,-13.732278178063003,-1.5082667061989046,16.9000244140625,23.4,23.835719517299108,-12.5,-0.7999267578125,1363.0,3.699951171875,1
2025-09-05,1363.0,1381.0,1359.300048828125,1375.0,5777575,1363.060009765625,1382.9,1.1550026195769054,1.1550026195769059,0.17485243018731111,0.622027076472742,1.31152737021214,1374.4739250180342,1387.2341141373217,-12.760189119287588,50.311510383509905,-14.374467614888545,-13.860716065428113,-0.5137515494604319,21.699951171875,24.40999755859375,24.49285888671875,12.0,3.699951171875,1380.0,5.0,1
2025-09-08,1380.0,1386.0,1372.4000244140625,1378.5,6986720,1367.860009765625,1378.9,0.2545454545454546,0.25454545454546285,1.412488080790375,0.4298429636459655,1.816971352562291,1375.2791400144274,1386.4401037612015,-11.160963746774087,49.14984969073915,-13.252903171762682,-13.739153486695027,0.48625031493234516,13.5999755859375,24.2199951171875,23.957144601004465,-1.5,5.0,1376.5999755859375,-1.9000244140625,0
2025-09-09,1376.5999755859375,1381.199951171875,1368.699951171875,1376.199951171875,9754452,1372.2199951171874,1375.0900024414063,-0.16685156533369605,-0.16685156533369216,0.08726917613637308,1.2432797569837284,0.7098390905140972,1375.463302245917,1385.5091807985355,-10.045878552618433,35.56869118348668,-12.406634033987302,-13.472649596153483,1.0660155621661804,12.5,24.089990234375,22.042855398995535,-0.4000244140625,-1.9000244140625,1383.9000244140625,7.7000732421875,1
2025-09-10,1383.9000244140625,1388.5,1374.0999755859375,1377.0,7790815,1375.060009765625,1372.6800048828125,0.05813463570055607,0.05813463570054633,-0.10881392818280489,0.1454545454545375,0.3205613064493962,1375.7706417967338,1384.7356189077595,-8.964977111025746,37.654321506555775,-11.538394956461161,-13.08579866821502,1.5474037117538586,14.4000244140625,22.689990234375,22.00714111328125,-6.9000244140625,7.7000732421875,1376.0,-1.0,0
2025-09-11,1376.0,1385.5,1375.0,1383.300048828125,9766072,1375.9,1371.2900024414062,0.45751988584785763,0.45751988584785686,0.5159204990673016,0.34820811230504845,1.7656145911780774,1377.2765232030122,1384.6051125368838,-7.328589333871605,35.21026535432142,-10.224090986851479,-12.513457131942312,2.289366145090833,10.5,21.1699951171875,21.407139369419642,7.300048828125,-1.0,1383.300048828125,0.0,0
2025-09-12,1383.300048828125,1396.300048828125,1380.5,1395.0,7403368,1379.960009765625,1371.510009765625,0.8457999536533465,0.8457999536533478,1.3071895424836555,1.3660841080626485,1.454545454545464,1380.8212185624097,1385.550102306258,-4.7288837438482005,44.79473098205985,-8.144522358923723,-11.639670177338596,3.495147818414873,15.800048828125,17.4,21.328569684709823,11.699951171875,0.0,1393.0,-2.0,0
2025-09-15,1393.0,1400.800048828125,1388.5999755859375,1399.300048828125,5396697,1382.560009765625,1375.210009765625,0.3082472278225806,0.30824722782258895,1.1566543363859871,1.619466145833326,1.5088900129216487,1384.5169846155527,1386.8000974446095,-2.2831128290567904,45.15661088985003,-6.07939179110781,-10.52761450009244,4.4482227089846305,12.2000732421875,16.360009765625,21.214285714285715,6.300048828125,-2.0,1404.699951171875,5.39990234375,1
2025-09-16,1404.699951171875,1408.0,1398.199951171875,1405.300048828125,8686961,1388.1800048828125,1380.2,0.4287858065198264,0.4287858065198158,0.7383547547042957,1.5903997125307434,2.114525409732093,1388.6735974580672,1388.4819112067473,0.19168625131987937,58.82353471100317,-3.913498704743688,-9.204791341022691,5.291292636279003,9.800048828125,14.3400146484375,19.700003487723215,0.60009765625,5.39990234375,1407.0,1.699951171875,1
2025-09-17,1407.0,1416.199951171875,1406.9000244140625,1413.800048828125,7519417,1392.8,1383.9300048828125,0.6048530352708749,0.6048530352708692,1.036232365756251,1.347673751120082,2.672479943945172,1393.698887732079,1390.783560081418,2.9153276506608563,61.33225539169733,-1.493912968079485,-7.66261566643405,6.168702698354565,9.2999267578125,13.67000732421875,18.642857142857142,6.800048828125,1.699951171875,1420.4000244140625,6.5999755859375,1
2025-09-18,1420.4000244140625,1422.0,1410.699951171875,1415.0,9332642,1401.6800048828125,1388.7900024414062,0.08487417813216369,0.08487417813216602,0.6902405774456222,1.121986037592393,2.2916178741358317,1397.9591101856631,1392.9850546194707,4.974055566192419,80.23018563214958,0.5145211124545312,-6.027188310656334,6.5417094231108655,11.300048828125,13.110009765625,15.628574916294642,-5.4000244140625,6.5999755859375,1414.9000244140625,-0.0999755859375,0
2025-09-19,1414.9000244140625,1417.0,1403.5999755859375,1407.4000244140625,13461373,1408.0,1393.9800048828124,-0.5371007481227915,-0.5371007481227874,-0.45268242983633744,0.14943254201753575,0.8888906390009055,1399.8472930313433,1394.295506418979,5.551786612364367,76.77679219265288,1.4759512300918232,-4.526560402506703,6.002511632598527,13.4000244140625,12.28001708984375,14.971435546875,-7.5,-0.0999755859375,1403.9000244140625,-3.5,0
2025-09-22,1403.9000244140625,1410.699951171875,1388.0,1390.5999755859375,7757970,1410.1800048828125,1396.3700073242187,-1.1936939417859753,-1.1936939417859782,-1.724383350817138,-1.6409727288818288,-0.6217446536554871,1397.9978295422623,1393.9595490705206,4.0382804717417,61.575390968719695,0.8722136524349935,-3.446805591518364,4.319019243953358,22.699951171875,13.1900146484375,14.407148088727679,-13.300048828125,-3.5,1391.0,0.4000244140625,1
2025-09-23,1391.0,1395.0,1376.800048828125,1389.800048828125,14014702,1407.4400146484375,1397.810009765625,-0.05752385818038334,-0.05752385818038608,-1.2505311411561748,-1.7809152771643078,-1.1029672996115902,1396.358273399435,1393.5814126848481,2.7768607145867463,58.70448864152149,0.32544830290748905,-2.6923548126331935,3.0178031155406826,18.199951171875,13.760009765625,14.564287458147321,-1.199951171875,0.4000244140625,1385.300048828125,-4.5,0
2025-09-24,1385.300048828125,1396.0,1380.4000244140625,1383.0,5922759,1403.1000244140625,1397.9500122070312,-0.4892825290845816,-0.48928252908457814,-0.5465249330768307,-1.733695039846317,-2.1785293368503322,1393.6866187195478,1392.6194660771346,1.067152642413248,62.83852710696819,-0.6490919578309331,-2.2837022416727417,1.6346102838418086,15.5999755859375,13.8800048828125,14.471426827566964,-2.300048828125,-4.5,1381.300048828125,-1.699951171875,0
2025-09-25,1381.300048828125,1384.5,1369.0,1372.4000244140625,11411143,1395.280029296875,1398.4800170898438,-0.7664479816296095,-0.7664479816296144,-1.2519804146455593,-1.3087840853877708,-3.0105989813383416,1389.429299858451,1390.781335016855,-1.3520351584040782,48.5091817748322,-2.2508056908166054,-2.2771229315015145,0.026317240684909038,15.5,14.3800048828125,14.028573172433036,-8.9000244140625,-1.699951171875,1372.0,-0.4000244140625,0
2025-09-26,1372.0,1382.699951171875,1366.0,1377.5999755859375,9879109,1386.7000244140625,1397.3500122070313,0.3788947157804873,0.3788947157804978,-0.3904572967507236,-0.877829386498763,-2.1173829978105574,1387.0634350039484,1389.5830296140446,-2.519594610096192,49.49379188686597,-3.065248485675056,-2.434748042336223,-0.6305004433388333,16.699951171875,14.4699951171875,14.25,5.5999755859375,-0.4000244140625,1381.5999755859375,4.0,1
2025-09-29,1381.5999755859375,1389.0,1368.0,1372.800048828125,14231999,1382.2400146484374,1396.210009765625,-0.3484267452727659,-0.3484267452727674,0.029147799981510403,-0.7375235843727457,-1.280017767173658,1384.2107577687837,1388.057304088052,-3.8465463192683274,48.1400878251556,-4.051313226022785,-2.7580610790735354,-1.2932521469492495,21.0,15.34998779296875,14.857142857142858,-8.7999267578125,4.0,1377.0999755859375,4.2999267578125,1
2025-09-30,1377.0999755859375,1377.0999755859375,1362.800048828125,1364.0,14604684,1379.460009765625,1393.4500122070312,-0.6410291750526277,-0.641029175052632,-0.9872224032345112,-0.6120682209728834,-1.8563856613675878,1380.168606215027,1385.8702764436837,-5.701670228656667,43.46075204176095,-5.479700456447517,-3.3023889545483316,-2.1773115018991858,14.2999267578125,15.7999755859375,14.849993024553571,-13.0999755859375,4.2999267578125,1367.0,3.0,1
2025-10-01,1367.0,1378.5999755859375,1362.699951171875,1368.699951171875,12045916,1375.8,1389.4500122070312,0.3445712002840909,0.34457120028408283,-0.2986667766911921,-0.6460528870347204,-1.0339876231471479,1377.8748752063966,1384.30933778261,-6.434462576213491,42.53571639897321,-6.161435652255477,-3.8741982940897612,-2.287237358165716,15.9000244140625,16.4599853515625,15.235709054129464,1.699951171875,3.0,1363.199951171875,-5.5,0
2025-10-03,1363.199951171875,1371.5999755859375,1356.9000244140625,1363.4000244140625,12842347,1372.17998046875,1383.7300048828124,-0.3872234198061252,-0.3872234198061264,-0.04398647990744298,-0.684733688790784,-0.655785473615278,1374.9799050479298,1382.408491112742,-7.42858606481218,32.71331470867378,-7.048129058115592,-4.508984446894927,-2.5391446112206646,14.699951171875,16.7999755859375,15.157130650111608,0.2000732421875,-5.5,1360.0,-3.4000244140625,0
2025-10-06,1360.0,1377.4000244140625,1359.0,1375.0,12396580,1369.77998046875,1378.2400024414062,0.8508123352075433,0.8508123352075403,0.4602943707809004,0.8064516129032251,-0.18873226132510856,1374.983924038344,1381.7349919206745,-6.751067882330517,37.68990298339791,-6.737157132111861,-4.954618983938314,-1.782538148173547,18.4000244140625,17.2999755859375,15.599984305245536,15.0,-3.4000244140625,1376.0,1.0,1
2025-10-07,1376.0,1395.9000244140625,1375.9000244140625,1384.800048828125,11244040,1368.6599853515625,1375.45,0.7127308238636364,0.7127308238636276,1.5696071608374274,1.1763058545055882,0.8741258430347232,1376.9471489963003,1382.0136334577153,-5.06648446141503,39.99997071792206,-5.6349711624054635,-5.090689419631744,-0.5442817427737197,20.0,17.02998046875,16.392839704241073,8.800048828125,1.0,1384.800048828125,0.0,0
2025-10-08,1384.800048828125,1389.0,1364.5,1367.4000244140625,8525081,1370.2,1374.8300048828125,-1.2565008521473637,-1.2565008521473686,-0.55272549715909,0.29338418133879607,0.24926865205736615,1375.037724079853,1380.685123544656,-5.647399464803129,29.17409151574786,-6.095255086265524,-5.2916025529585005,-0.8036525333070239,24.5,17.6599853515625,17.364275251116073,-17.4000244140625,0.0,1374.0,6.5999755859375,1
2025-10-09,1374.0,1380.0,1369.0999755859375,1377.800048828125,8826633,1371.6,1373.7,0.7605692722229518,0.760569272222944,-0.5054881393110611,0.20363991477272414,0.6648716286179912,1375.5901890295074,1380.4228440249715,-4.832654995464054,34.57711192466469,-5.556783220518355,-5.344638686470471,-0.21214453404788358,10.9000244140625,17.189990234375,17.457127162388392,3.800048828125,6.5999755859375,1377.800048828125,0.0,0
2025-10-10,1377.800048828125,1388.0,1375.0999755859375,1381.699951171875,6373084,1374.52001953125,1373.35,0.2830528527754826,0.2830528527754783,1.0457749380208048,-0.2238660851343388,1.342227257600137,1376.812141457981,1380.53894467469,-3.7268032167089586,39.00764222814925,-4.76047506784721,-5.22780596274582,0.4673308948986099,12.9000244140625,16.92999267578125,17.421412876674108,3.89990234375,0.0,1376.9000244140625,-4.7999267578125,0
2025-10-13,1376.9000244140625,1377.699951171875,1367.800048828125,1375.0,7600682,1377.9000244140625,1373.8400024414063,-0.48490637682895643,-0.484906376828953,-0.2032260653863749,0.5557975318301045,0.0,1376.4497131663848,1380.035404249718,-3.5856910833333586,42.69661334252004,-4.616805525273321,-5.105605875251321,0.4888003499779998,9.89990234375,16.24998779296875,16.792837960379465,-1.9000244140625,-4.7999267578125,1380.0,5.0,1
2025-10-14,1380.0,1388.0,1370.0999755859375,1375.9000244140625,9768174,1378.7000244140625,1373.6800048828125,0.06545632102272728,0.06545632102272769,-0.4197674576809085,-0.13790276866941786,-0.6426938258410675,1376.3397754159203,1379.659460628295,-3.3196852123746794,43.498566340311285,-4.379833930109044,-4.9604514862228655,0.5806175561138218,17.9000244140625,15.939990234375,16.771414620535715,-4.0999755859375,5.0,1383.0,7.0999755859375,1
2025-10-15,1383.0,1384.0,1372.699951171875,1374.300048828125,10882743,1378.3400146484375,1374.2700073242188,-0.11628574442527986,-0.11628574442528183,-0.050905539772727604,-0.5355650723931626,0.5046090603237463,1375.9318300983614,1379.1722413737339,-3.2404112753724803,45.722719254460046,-4.27189316662043,-4.8227398223023785,0.5508466556819487,11.300048828125,15.64000244140625,16.464276994977677,-8.699951171875,7.0999755859375,1375.0999755859375,0.7999267578125,1
2025-10-16,1375.0999755859375,1400.5,1375.0,1398.300048828125,12315932,1378.560009765625,1375.0800048828125,1.7463435310553153,1.7463435310553166,1.6280270380547357,1.6945490056818224,1.487879175025153,1380.4054738443142,1380.9111329604966,-0.5056591161824144,61.251115419003426,-2.2241117346381998,-4.303014204769543,2.078902470131343,25.5,16.6,17.228559221540177,23.2000732421875,0.7999267578125,1401.0,2.699951171875,1
2025-10-17,1401.0,1423.300048828125,1399.0999755859375,1416.800048828125,19335561,1383.2,1378.860009765625,1.3230350678671805,1.3230350678671732,3.09248333624379,2.9726014745497187,2.540356003232125,1387.6843888410763,1384.1737616757355,3.510627165340793,65.26484503499589,0.8814049056286422,-3.266130382689906,4.147535288318548,24.2000732421875,17.55001220703125,17.821419852120535,15.800048828125,2.699951171875,1440.0,23.199951171875,1
2025-10-20,1440.0,1473.800048828125,1433.300048828125,1466.800048828125,24721978,1395.8199951171875,1386.860009765625,3.529079494411113,3.5290794944111026,4.898805521562255,6.730699025942366,6.676367187499999,1403.507520838486,1391.6852423259527,11.82227851253333,77.07374934820714,7.293061476713774,-1.15429201080917,8.447353487522944,40.5,19.760009765625,20.392848423549108,26.800048828125,23.199951171875,1468.0,1.199951171875,1
2025-10-21,1468.0,1474.0,1460.0,1465.199951171875,2066169,1413.4199951171875,1396.060009765625,-0.10908764678105723,-0.10908764678105864,3.4161420578565638,4.784373883117343,6.490291821590866,1415.846006905164,1398.368397675582,17.477609229581958,80.40865025521272,12.105684202544353,1.4977032318615344,10.607980970682819,14.0,19.160009765625,20.371425083705358,-2.800048828125,1.199951171875,1475.0,9.800048828125,1
2025-10-23,1475.0,1482.9000244140625,1444.5999755859375,1448.4000244140625,18707090,1431.8199951171875,1405.0800048828125,-1.146596186027431,-1.1465961860274265,-1.2544330380110713,2.2303765172844825,5.391833875660779,1422.3568104069436,1402.9167273790802,19.440083027863466,72.32496008277192,14.39813595061969,4.077789775613166,10.320346175006524,38.300048828125,20.5400146484375,21.971426827566965,-26.5999755859375,9.800048828125,1450.0,1.5999755859375,1
2025-10-24,1450.0,1459.800048828125,1441.0,1451.5999755859375,9700837,1446.8,1412.6800048828125,0.2209300688992678,0.22093006889927214,-0.9281992928719451,-1.0362743888869708,3.8117660656939556,1428.2054434427425,1407.342477216067,20.862966226675553,74.99999404761623,16.28540181879862,6.519312184250257,9.766089634548361,18.800048828125,21.33001708984375,22.264290945870535,1.5999755859375,1.5999755859375,1463.0,11.4000244140625,1
2025-10-27,1463.0,1485.0,1458.0,1484.0999755859375,14113867,1459.2,1421.2,2.238908827955952,2.2389088279559433,2.4647853196714253,1.289927999174867,4.7501358299273155,1439.3843498713816,1414.3204316133279,25.063918258053718,77.64824996066743,20.171032891374125,9.249656325675032,10.921376565699093,27.0,22.7400146484375,23.335719517299108,21.0999755859375,11.4000244140625,1484.0999755859375,0.0,0
2025-10-28,1484.0999755859375,1492.0,1477.5999755859375,1486.9000244140625,17631577,1468.0199951171876,1431.9199951171875,0.1886698250917707,0.18866982509178065,2.431802798417393,2.658105450914694,1.3703282599421884,1448.8874847799177,1420.9185764133947,27.96890836652301,76.82606236748025,23.208827138041443,12.041490488148314,11.167336649893128,14.4000244140625,23.19002685546875,22.871433803013392,2.800048828125,0.0,1490.0,3.0999755859375,1
2025-10-29,1490.0,1508.300048828125,1488.0999755859375,1504.199951171875,11884745,1472.4199951171875,1442.9199951171875,1.1634895738622253,1.1634895738622308,1.3543545526979672,3.623586144296098,2.66175275045617,1459.9499780583092,1428.4896104823474,31.460367575961754,85.9621518417248,26.704428444309542,14.974078079380561,11.73035036492898,20.2000732421875,23.42003173828125,22.650006975446427,14.199951171875,3.0999755859375,1500.0,-4.199951171875,0
2025-10-30,1500.0,1503.0999755859375,1484.0,1488.5,9318663,1477.4199951171875,1454.6199951171875,-1.0437409707162708,-1.043740970716267,0.10760478577354071,0.2964776286264126,2.768570485364341,1465.6599824466475,1433.9451004384975,31.71488200814997,78.31203772042868,27.886405688281002,17.556543601160648,10.329862087120354,19.0999755859375,24.2000244140625,23.192862374441965,-11.5,-4.199951171875,1490.4000244140625,1.9000244140625,1
2025-10-31,1490.4000244140625,1497.5,1482.300048828125,1486.4000244140625,8758053,1485.5,1466.15,-0.14107998561891164,-0.14107998561890822,-1.1833484467237976,-0.033627008661663016,2.397358047218079,1469.8079908401307,1438.7137298908217,31.094260949309046,77.02636655913298,28.32714301857368,19.710663484643256,8.616479533930423,15.199951171875,23.17001953125,23.357142857142858,-4.0,1.9000244140625,1486.0,-0.4000244140625,0
2025-11-03,1486.0,1495.0,1479.300048828125,1484.699951171875,8452085,1490.1,1474.65,-0.11437521624487777,-0.11437521624487745,-0.25529384132515487,-1.2963702056238091,0.04042689817447265,1472.7863829064797,1442.8942954618265,29.89208744465327,79.06729131400638,28.214015220781903,21.411333831870984,6.802681388910919,15.699951171875,22.32000732421875,23.4857177734375,-1.300048828125,-0.4000244140625,1483.9000244140625,-0.7999267578125,0
2025-11-04,1483.9000244140625,1492.800048828125,1470.0999755859375,1473.0999755859375,10007806,1490.060009765625,1479.0400024414062,-0.7813010013761791,-0.7813010013761779,-0.8947826029112149,-1.0346002293626144,-0.9281087229494944,1472.8491014423714,1445.6402663822,27.208835060171396,74.37311382927308,26.878500913994912,22.50476724829577,4.373733665699142,22.7000732421875,20.5400146484375,23.828578404017858,-10.800048828125,-0.7999267578125,1484.0,10.9000244140625,1
2025-11-06,1484.0,1501.5999755859375,1476.199951171875,1496.0999755859375,16772678,1488.860009765625,1480.6400024414063,1.5613332686976364,1.561333268697629,0.7678335548582993,0.6525801273246534,-0.5384906161994607,1477.499276271085,1450.227512673449,27.27176359763598,77.58150938351257,27.36060792817625,23.475935384271867,3.884672543904383,25.4000244140625,21.68001708984375,25.057146344866073,12.0999755859375,10.9000244140625,1494.5999755859375,-1.5,0
2025-11-07,1494.5999755859375,1498.4000244140625,1475.9000244140625,1478.0,7821765,1487.7800048828126,1482.6,-1.2098105662256138,-1.209810566225611,0.3326335276133241,-0.45126634284501366,-0.7054081289889158,1477.5994210168678,1452.75228424859,24.847136768277778,68.54350120927651,25.98265260276571,23.977278827970636,2.005373774795075,22.5,20.10001220703125,24.792864118303573,-16.5999755859375,-1.5,1477.9000244140625,-0.0999755859375,0
2025-11-10,1477.9000244140625,1501.0,1475.5,1489.300048828125,7068438,1485.2800048828126,1485.3900024414063,0.7645499883711095,0.7645499883710993,-0.4545101843978938,1.0997266655811133,0.19510389978671938,1479.9395465791195,1456.074808301275,23.86473827784448,67.45305685054043,25.508387765980842,24.283500615572677,1.2248871504081649,25.5,20.77000732421875,24.828578404017858,11.4000244140625,-0.0999755859375,1497.0,7.699951171875,1
2025-11-11,1497.0,1498.800048828125,1480.199951171875,1493.4000244140625,7127506,1487.4800048828124,1488.7900024414062,0.27529547112844177,0.2752954711284339,1.0419502309920503,-0.18046595922291964,0.5859819174453662,1482.631642146108,1459.4680097660737,23.163632380034414,58.22001586074534,25.173182453235768,24.461436983105294,0.7117454701304737,18.60009765625,19.93001708984375,22.085728236607142,-3.5999755859375,7.699951171875,1505.0,11.5999755859375,1
2025-11-12,1505.0,1524.699951171875,1500.0,1511.5,12384459,1491.7,1490.8800048828125,1.2119978096986472,1.2119978096986506,1.490629855907355,2.2665764546684786,2.6067493754990068,1488.4053137168864,1464.1981906964306,24.20712302045581,62.98375824747009,26.067556030410515,24.78266079256634,1.2848952378441751,24.699951171875,20.960009765625,23.321437290736608,6.5,11.5999755859375,1515.0,3.5,1
2025-11-13,1515.0,1522.0999755859375,1506.800048828125,1510.9000244140625,7196443,1497.9,1493.3800048828125,-0.03969405133559378,-0.03969405133559256,1.1718226673302912,1.4503441131915373,0.9892419670903818,1492.9042558563217,1468.443811943488,24.460443912833625,69.27823475672352,26.423348603616432,25.11079835477636,1.312550248840072,15.2999267578125,20.4699951171875,21.678571428571427,-4.0999755859375,3.5,1505.5,-5.4000244140625,0
2025-11-14,1505.5,1520.9000244140625,1505.5,1518.9000244140625,7682823,1500.0800048828125,1493.9300048828125,0.5294857284222003,0.5294857284221965,0.48958150274975853,1.707513029538421,2.7672546964859546,1498.10340956787,1473.030740349904,25.072669217965995,70.1617940567186,27.039159325032642,25.496470548827617,1.5426887762050256,15.4000244140625,20.1,21.435712541852677,13.4000244140625,-5.4000244140625,1520.9000244140625,2.0,1
2025-11-17,1520.9000244140625,1523.699951171875,1511.5,1518.300048828125,5871416,1508.6800048828125,1496.9800048828124,-0.03950066339415257,-0.039500663394154145,0.48977591465273473,0.449887451414166,1.9472234639902775,1502.142737419921,1477.1461320297421,24.996605390178956,62.66669874817383,27.165632244357766,25.830302887933648,1.3353293564241184,12.199951171875,19.8,19.921421595982142,-2.5999755859375,2.0,1521.699951171875,3.39990234375,1
2025-11-18,1521.699951171875,1527.800048828125,1510.5,1519.4000244140625,11045042,1513.6199951171875,1500.55,0.07244783972617917,0.07244783972617519,0.03291855895473095,0.5625785864485922,1.7409936771764167,1505.5941948187494,1480.9873949737712,24.60679984497824,62.190558966997166,27.042888199466688,26.07281995024026,0.9700682492264292,17.300048828125,19.960009765625,20.128566196986608,-2.2999267578125,3.39990234375,1517.4000244140625,-2.0,0
2025-11-19,1517.4000244140625,1522.300048828125,1512.0,1518.9000244140625,5692366,1516.1,1503.9,-0.03290772620546842,-0.03290772620546667,0.03951627258396151,0.0,0.48958150274975853,1508.2553607378122,1484.4339976501612,23.82136308765098,56.30904415390342,26.598654110740426,26.177986782340295,0.4206673284001319,10.300048828125,18.72000732421875,19.335710797991073,1.5,-2.0,1530.0,11.0999755859375,1
2025-11-20,1530.0,1550.9000244140625,1526.699951171875,1549.0999755859375,18171724,1519.1,1508.5,1.9882777461620667,1.9882777461620593,1.9547157229596879,2.028579711999945,2.5282911214915993,1516.4242837074373,1490.31272291705,26.11156079038733,73.12977541174757,28.356601808660116,26.613709787604257,1.7428920210558587,24.2000732421875,18.60001220703125,20.178571428571427,19.0999755859375,11.0999755859375,1541.0,-8.0999755859375,0
2025-11-21,1541.0,1557.800048828125,1540.0999755859375,1546.5999755859375,9615271,1526.2,1513.1400024414063,-0.161384031979885,-0.16138403197988316,1.8236849513884712,1.7901770919323434,1.8236849513884712,1522.4594220831375,1495.4297458869487,27.029676196188802,72.90714440578043,29.2113289018032,27.133233610444048,2.0780952913591513,17.7000732421875,18.12001953125,20.357151576450892,5.5999755859375,-8.0999755859375,1550.0,3.4000244140625,1
2025-11-24,1550.0,1550.0,1531.800048828125,1535.9000244140625,18433951,1532.0199951171876,1520.35,-0.6918370193185389,-0.6918370193185419,-0.8521045368219182,1.1192310044604747,1.1591895554190268,1525.1475425493225,1499.1088621166864,26.038680432636056,68.23366604885194,28.694536885263915,27.445494265408023,1.2490426198558922,18.199951171875,17.3900146484375,20.535723005022323,-14.0999755859375,3.4000244140625,1535.9000244140625,0.0,0
2025-11-25,1535.9000244140625,1559.5999755859375,1525.0999755859375,1539.699951171875,15033482,1534.860009765625,1524.2400024414062,0.24740716826683762,0.2474071682668333,-0.4461415054302198,-0.606805536260302,1.336048863474315,1528.058024273833,1502.7989611217035,25.259063152129556,75.11315589719779,28.265767646316135,27.609548941589647,0.6562187047264878,34.5,18.9800048828125,21.378574916294642,3.7999267578125,0.0,1542.300048828125,2.60009765625,1
2025-11-26,1542.300048828125,1571.5999755859375,1540.5,1569.9000244140625,14054299,1539.8400146484375,1527.9700073242188,1.9614258751649658,1.9614258751649682,2.2136857516471986,1.5065336348073943,3.3576930133814464,1536.4264243018793,1508.8990577846453,27.527366517233986,76.39489647447007,30.016842972485165,28.091007747768753,1.9258352247164119,31.0999755859375,19.62000732421875,21.621433803013392,27.5999755859375,2.60009765625,1575.0,5.0999755859375,1
2025-11-27,1575.0,1575.5,1556.0,1563.4000244140625,9794643,1548.8400146484375,1533.9700073242188,-0.4140391043325202,-0.4140391043325198,1.5392657007067712,1.7904811226558293,0.9231198149568076,1541.821144324316,1513.8536911145923,27.96745320972377,83.30737711839744,30.528177282475326,28.57844165471007,1.949735627765257,19.5,20.0400146484375,21.407148088727677,-11.5999755859375,5.0999755859375,1568.0,4.5999755859375,1
2025-11-28,1568.0,1581.300048828125,1563.0,1567.5,8959508,1554.2400146484374,1540.2200073242188,0.2622473789121313,0.26224737891213934,-0.15287753211916666,1.8055497635734996,1.351352951246776,1546.9569154594528,1518.730628285993,28.226287173459923,82.31408508576436,30.90795945490754,29.044345214749566,1.8636142401579754,18.300048828125,20.33001708984375,20.892865862165177,-0.5,4.5999755859375,1575.0,7.5,1
2025-12-01,1575.0,1577.5,1563.5999755859375,1566.0999755859375,8920233,1559.2400146484374,1545.6300048828125,-0.08931575209330143,-0.08931575209329967,0.1726973986000191,-0.24205674049487813,1.9662706355770831,1550.7855274847498,1523.0369325859879,27.748594898761894,80.72698588149093,30.741599272586882,29.38379602631703,1.357803246269853,13.9000244140625,20.5000244140625,20.557146344866073,-8.9000244140625,7.5,1561.0999755859375,-5.0,0
2025-12-02,1561.0999755859375,1567.5,1542.0,1546.300048828125,11389150,1564.2800048828126,1549.5700073242188,-1.264282425545955,-1.2642824255459595,-1.3524689742822948,-1.0937684098058176,0.4286612889236485,1549.8884317534248,1525.151761335273,24.73667041815179,64.50004232045876,28.681447145956554,29.243326250244934,-0.56187910428838,25.5,21.32001953125,20.142865862165177,-14.7999267578125,-5.0,1545.199951171875,-1.10009765625,0
2025-12-03,1545.199951171875,1552.4000244140625,1533.0,1538.800048828125,6090883,1564.8599853515625,1552.35,-0.485028763058239,-0.4850287630582373,-1.7431790551940107,-1.8309378738038284,-1.9810163132868985,1547.6707551683648,1526.392514743714,21.278240424650903,60.99292972608959,26.14222314764538,28.623105629725025,-2.480882482079643,19.4000244140625,22.23001708984375,20.43572998046875,-6.39990234375,-1.10009765625,1536.0,-2.800048828125,0
2025-12-04,1536.0,1560.5,1517.5999755859375,1535.5999755859375,11867930,1557.0599853515625,1552.95,-0.2079590031612307,-0.20795900316122884,-0.6919791052387714,-1.9475129605687425,-1.7781788661890285,1545.2565992518794,1527.2295566384614,18.02704261341796,56.83863853076578,23.599609065288178,27.618406316837657,-4.018797251549479,42.9000244140625,24.10001220703125,22.400015694754465,-0.4000244140625,-2.800048828125,1530.4000244140625,-5.199951171875,0
2025-12-05,1530.4000244140625,1545.800048828125,1520.5999755859375,1540.5999755859375,10183266,1549.539990234375,1551.8900024414063,0.3256056316419355,0.32560563164194534,0.11696950225490443,-0.36862659653327245,-1.7161100104665095,1544.325274518691,1528.44504927005,15.880225248640954,58.814202296001746,21.73745149004776,26.442215351479682,-4.704763861431921,25.2000732421875,24.85001220703125,23.328595842633927,10.199951171875,-5.199951171875,1539.199951171875,-1.4000244140625,0
2025-12-08,1539.199951171875,1551.0,1535.0,1543.0,11301491,1542.37998046875,1550.8099975585938,0.15578504816928204,0.15578504816928795,0.4818979247013022,0.2729367714196185,-1.475000060407694,1544.060219614953,1529.7682266091363,14.291993005816721,59.233166089904785,20.22223081894367,25.198218444972483,-4.975987626028811,16.0,24.63001708984375,23.235735212053573,3.800048828125,-1.4000244140625,1540.300048828125,-2.699951171875,0
2025-12-09,1540.300048828125,1542.5,1520.0999755859375,1529.4000244140625,11503971,1538.2199951171874,1551.25,-0.8813982881359366,-0.8813982881359372,-0.726986326714385,-0.4037478034935038,-1.092933058294232,1541.128180574775,1529.7347536823113,11.393426892463594,53.7260440859253,17.71974100630632,23.702522957239253,-5.982781950932932,22.4000244140625,23.42001953125,24.135733468191965,-10.9000244140625,-2.699951171875,1534.0,4.5999755859375,1
2025-12-10,1534.0,1547.5,1531.4000244140625,1536.9000244140625,7991629,1535.9800048828124,1550.4199951171875,0.4903883797748316,0.49038837977484206,-0.395332183145658,-0.24016300340832242,-0.12347441862310404,1540.2825493426326,1530.3861419306522,9.896407411980363,44.83926871123227,16.1554570675587,22.193109779303146,-6.037652711744446,16.0999755859375,21.92001953125,23.142874581473215,2.9000244140625,4.5999755859375,1536.9000244140625,0.0,0
2025-12-11,1536.9000244140625,1550.0,1524.0,1545.0,4706197,1536.160009765625,1546.6099975585937,0.5270333435660909,0.5270333435660968,1.0200062336153115,0.12961762799741372,0.6121401773580892,1541.226039474106,1531.714674482411,9.511364991695018,49.35380034265625,15.391922608813275,20.83287234520517,-5.440949736391897,26.0,22.57001953125,23.735726492745535,8.0999755859375,0.0,1550.800048828125,5.800048828125,1
2025-12-12,1550.800048828125,1559.800048828125,1546.0999755859375,1556.5,5106655,1540.2400146484374,1544.8900024414063,0.7443365695792881,0.7443365695792847,1.2752928150554288,1.771935082603382,1.0320670301202206,1544.280831579285,1533.9678858931009,10.312945686184094,58.26643792443079,15.53568424245941,19.77343472465602,-4.23775048219661,13.7000732421875,22.11002197265625,23.492876325334823,5.699951171875,5.800048828125,1551.199951171875,-5.300048828125,0
2025-12-15,1551.199951171875,1558.5999755859375,1546.5,1556.199951171875,5774543,1542.6400146484375,1542.5099975585938,-0.01927714925313203,-0.0192771492531274,0.7249159334546951,1.2557698257029237,0.8554731802900228,1546.664655497803,1535.9889827366258,10.675672761177339,56.81253954861587,15.447337647289487,18.908215309182715,-3.460877661893228,12.0999755859375,21.93001708984375,21.892874581473215,5.0,-5.300048828125,1545.0,-11.199951171875,0
2025-12-16,1545.0,1551.699951171875,1538.800048828125,1542.300048828125,11731856,1543.5800048828125,1540.9,-0.89319514071973,-0.8931951407197269,-0.912300107412467,-0.17475412115696143,0.8434696095290573,1545.7917341638677,1536.562716017671,9.229018146196722,36.83205859356366,14.093258074965206,17.945223862339216,-3.8519657873740094,12.89990234375,20.67000732421875,20.857151576450892,-2.699951171875,-11.199951171875,1550.0,7.699951171875,1
2025-12-17,1550.0,1550.0,1539.300048828125,1544.4000244140625,7116649,1546.7800048828126,1541.3800048828125,0.13615869282589402,0.1361586928259051,-0.7582526107218213,-0.7773835904874682,0.48799530749303877,1545.5133922139066,1537.275198599161,8.238193614745569,40.537833749309314,13.039282011481419,16.964035492167657,-3.9247534806862383,10.699951171875,19.8,20.22857666015625,-5.5999755859375,7.699951171875,1535.199951171875,-9.2000732421875,0
2025-12-18,1535.199951171875,1551.5,1535.199951171875,1544.4000244140625,6580829,1546.439990234375,1541.3,0.0,0.0,0.1361586928259051,-0.7582526107218213,-0.03883337125809572,1545.2907186539378,1537.9229100368793,7.367808617058472,38.006228558316394,12.064921482980026,15.984212690330132,-3.9192912073501063,16.300048828125,17.14000244140625,20.085719517299108,9.2000732421875,-9.2000732421875,1554.4000244140625,10.0,1
2025-12-19,1554.4000244140625,1574.199951171875,1551.0,1565.0999755859375,13937275,1547.1599853515625,1543.7,1.340323157514094,1.3403231575140895,1.3403231575140895,1.4783068168308988,0.5525201147406067,1549.252570040338,1540.393552359521,8.859017680817033,49.567467497371986,12.815319777973173,15.35043410785874,-2.535114329885568,23.199951171875,16.939990234375,21.221426827566965,10.699951171875,10.0,1573.5,8.4000244140625,1
2025-12-22,1573.5,1577.5,1565.300048828125,1575.4000244140625,10184852,1551.6199951171875,1547.1300048828125,0.6581080434985567,0.6581080434985509,2.0072519755211182,2.0072519755211182,1.23377932429114,1554.4820609150831,1543.5759589099337,10.906102005149478,63.71346109434228,14.078851456602251,15.096117577607444,-1.0172661210051928,12.199951171875,16.5599853515625,20.285714285714285,1.9000244140625,8.4000244140625,1580.9000244140625,5.5,1
2025-12-23,1580.9000244140625,1580.9000244140625,1568.0999755859375,1570.699951171875,7506564,1558.8,1551.1900024414062,-0.2983415747968898,-0.29834157479688983,0.35780305880082075,1.7029219335703338,1.8413993026408226,1557.7256389664417,1546.041776388292,11.683862578149729,65.44040123035857,14.533420559209844,14.983578173927924,-0.4501576147180799,12.800048828125,15.59998779296875,19.814287458147323,-10.2000732421875,5.5,1572.699951171875,2.0,1
2025-12-24,1572.699951171875,1575.699951171875,1553.5999755859375,1558.199951171875,8815745,1563.339990234375,1555.0599975585938,-0.7958235429162611,-0.795823542916263,-1.0917908452226066,-0.440867965094649,0.8935461369892206,1557.8205014075286,1547.1470650049812,10.673436402547395,60.03550784908775,13.726790419552344,14.73222062305281,-1.005430203500465,22.0999755859375,16.19998779296875,18.328569684709823,-14.5,2.0,1554.699951171875,-3.5,0
2025-12-26,1554.699951171875,1561.0,1554.300048828125,1559.199951171875,2311495,1567.239990234375,1556.839990234375,0.06417661605289683,0.06417661605289116,-0.7321576594829571,-1.0283149035885564,0.9582962007157025,1558.0963913603978,1548.242781929244,9.8536094311537,58.563519046757804,13.018156658629323,14.389407830168112,-1.3712511715387894,6.699951171875,14.26998291015625,17.007132393973215,4.5,-3.5,1554.9000244140625,-4.2999267578125,0
2025-12-29,1554.9000244140625,1558.0999755859375,1543.5999755859375,1545.5999755859375,5972105,1567.339990234375,1557.2499877929688,-0.8722406369828276,-0.872240636982824,-0.8086237954545883,-1.5980121198329922,-1.2459267972769417,1555.5971082055057,1548.0025268071254,7.594581398380342,51.08512640719646,11.229705868616293,13.757467437857748,-2.5277615692414557,14.5,14.3499755859375,16.978559221540177,-9.300048828125,-4.2999267578125,1547.0,1.4000244140625,1
